Date,HomeTeam,AwayTeam,FTHG,FTAG,is_fixture,match_id,HomeElo,AwayElo,EloDiff,HomeRestDays,Home_GF5,Home_GA5,Home_PPM5,HomeGF_Home,AwayRestDays,Away_GF5,Away_GA5,Away_PPM5,AwayGA_Away,Home_PrevPoss,Home_PrevSoTA90,Home_PrevSavePct,Home_PrevCrdY90,Home_PrevCrdR90,HomeNoPrev,Away_PrevPoss,Away_PrevSoTA90,Away_PrevSavePct,Away_PrevCrdY90,Away_PrevCrdR90,AwayNoPrev
2023-08-11 19:00:00,Burnley,Manchester City,0,3,False,0,1500.0,1500.0,0.0,14.0,1.4,1.4,1.37,1.4,14.0,1.4,1.4,1.37,1.4,44.325,4.80921052631579,63.2,2.131578947368421,0.05921052631578945,1.0,64.7,2.421052631578948,64.1,1.1578947368421053,0.0263157894736842,0.0
2023-08-12 12:00:00,Arsenal,Nottingham Forest,2,1,False,1,1500.0,1500.0,0.0,14.0,1.5,1.5,1.5,1.5,14.0,1.5,1.5,1.5,1.5,59.3,3.5789473684210527,68.4,1.3421052631578947,0.0,0.0,37.6,4.789473684210527,62.6,2.210526315789474,0.0,0.0
2023-08-12 14:00:00,Bournemouth,West Ham United,1,1,False,2,1500.0,1500.0,0.0,14.0,1.5,1.5,1.5,1.5,14.0,1.5,1.5,1.5,1.5,40.4,5.368421052631579,65.2,1.7894736842105263,0.0,0.0,42.1,4.473684210526316,67.6,1.1578947368421053,0.0,0.0
2023-08-12 14:00:00,Brighton & Hove Albion,Luton Town,4,1,False,3,1500.0,1500.0,0.0,14.0,1.3333333333333333,1.3333333333333333,1.3333333333333333,1.3333333333333333,14.0,1.3333333333333333,1.3333333333333333,1.3333333333333333,1.3333333333333333,60.2,3.4473684210526314,59.5,1.5263157894736843,0.0,0.0,44.325,4.80921052631579,63.2,2.131578947368421,0.05921052631578945,1.0
2023-08-12 14:00:00,Everton,Fulham,0,1,False,4,1500.0,1500.0,0.0,14.0,1.625,1.625,1.375,1.625,14.0,1.625,1.625,1.375,1.625,42.8,4.868421052631579,69.2,2.131578947368421,0.0526315789473684,0.0,48.8,5.157894736842105,73.0,2.1052631578947367,0.0263157894736842,0.0
2023-08-12 14:00:00,Sheffield United,Crystal Palace,0,1,False,5,1500.0,1500.0,0.0,14.0,1.4,1.4,1.4,1.4,14.0,1.4,1.4,1.4,1.4,44.325,4.80921052631579,63.2,2.131578947368421,0.05921052631578945,1.0,46.3,4.2105263157894735,69.4,2.1578947368421053,0.0789473684210526,0.0
2023-08-12 16:30:00,Newcastle United,Aston Villa,5,1,False,6,1500.0,1500.0,0.0,14.0,1.25,1.25,1.4166666666666667,1.25,14.0,1.25,1.25,1.4166666666666667,1.25,52.3,3.3421052631578947,74.0,1.605263157894737,0.0263157894736842,0.0,49.3,3.973684210526316,69.5,2.1052631578947367,0.0263157894736842,0.0
2023-08-13 13:00:00,Brentford,Tottenham Hotspur,2,2,False,7,1500.0,1500.0,0.0,14.0,1.5,1.5,1.4285714285714286,1.5,14.0,1.5,1.5,1.4285714285714286,1.5,43.8,5.184210526315789,76.6,1.5,0.0263157894736842,0.0,50.0,4.526315789473684,63.4,2.026315789473684,0.0789473684210526,0.0
2023-08-13 15:30:00,Chelsea,Liverpool,1,1,False,8,1500.0,1500.0,0.0,14.0,1.5625,1.5625,1.375,1.5625,14.0,1.5625,1.5625,1.375,1.5625,58.7,4.184210526315789,70.4,2.131578947368421,0.0789473684210526,0.0,60.8,4.131578947368421,70.1,1.5,0.0263157894736842,0.0
2023-08-14 19:00:00,Manchester United,Wolverhampton Wanderers,1,0,False,9,1500.0,1500.0,0.0,14.0,1.5,1.5,1.3333333333333333,1.5,14.0,1.5,1.5,1.3333333333333333,1.5,53.7,3.736842105263158,69.7,2.0526315789473686,0.0526315789473684,0.0,49.9,4.578947368421052,66.7,2.236842105263158,0.1578947368421052,0.0
2023-08-18 18:45:00,Nottingham Forest,Sheffield United,2,1,False,10,1491.8493246116866,1488.1506753883134,3.698649223373195,6.28125,1.4,1.4,1.35,1.4,6.197916666666667,1.4,1.4,1.35,1.4,37.6,4.789473684210527,62.6,2.210526315789474,0.0,0.0,44.325,4.80921052631579,63.2,2.131578947368421,0.05921052631578945,1.0
2023-08-19 14:00:00,Fulham,Brentford,0,3,False,11,1511.8493246116866,1498.1506753883134,13.698649223373195,7.0,1.4090909090909092,1.4090909090909092,1.3636363636363635,1.4090909090909092,6.041666666666667,1.4090909090909092,1.4090909090909092,1.3636363636363635,1.4090909090909092,48.8,5.157894736842105,73.0,2.1052631578947367,0.0263157894736842,0.0,43.8,5.184210526315789,76.6,1.5,0.0263157894736842,0.0
2023-08-19 14:00:00,Liverpool,Bournemouth,3,1,False,12,1501.8493246116866,1498.1506753883134,3.698649223373195,5.9375,1.4166666666666667,1.4166666666666667,1.375,1.4166666666666667,7.0,1.4166666666666667,1.4166666666666667,1.375,1.4166666666666667,60.8,4.131578947368421,70.1,1.5,0.0263157894736842,0.0,40.4,5.368421052631579,65.2,1.7894736842105263,0.0,0.0
2023-08-19 14:00:00,Wolverhampton Wanderers,Brighton & Hove Albion,1,4,False,13,1491.8493246116866,1514.2636819295483,-22.414357317861686,4.791666666666667,1.4615384615384615,1.4615384615384615,1.3846153846153846,1.4615384615384615,7.0,1.4615384615384615,1.4615384615384615,1.3846153846153846,1.4615384615384615,49.9,4.578947368421052,66.7,2.236842105263158,0.1578947368421052,0.0,60.2,3.4473684210526314,59.5,1.5263157894736843,0.0,0.0
2023-08-19 16:30:00,Tottenham Hotspur,Manchester United,2,0,False,14,1501.8493246116866,1508.1506753883134,-6.301350776626805,6.145833333333333,1.5357142857142858,1.5357142857142858,1.3928571428571428,1.5357142857142858,4.895833333333333,1.5357142857142858,1.5357142857142858,1.3928571428571428,1.5357142857142858,50.0,4.526315789473684,63.4,2.026315789473684,0.0789473684210526,0.0,53.7,3.736842105263158,69.7,2.0526315789473686,0.0526315789473684,0.0
2023-08-19 19:00:00,Manchester City,Newcastle United,1,0,False,15,1520.7363180704517,1515.2825163530877,5.453801717364058,8.0,1.5,1.5,1.4,1.5,7.104166666666667,1.5,1.5,1.4,1.5,64.7,2.421052631578948,64.1,1.1578947368421053,0.0263157894736842,0.0,52.3,3.3421052631578947,74.0,1.605263157894737,0.0263157894736842,0.0
2023-08-20 13:00:00,Aston Villa,Everton,4,0,False,16,1484.7174836469123,1488.1506753883134,-3.4331917414010604,7.854166666666667,1.4375,1.4375,1.40625,1.4375,7.958333333333333,1.4375,1.4375,1.40625,1.4375,49.3,3.973684210526316,69.5,2.1052631578947367,0.0263157894736842,0.0,42.8,4.868421052631579,69.2,2.131578947368421,0.0526315789473684,0.0
2023-08-20 15:30:00,West Ham United,Chelsea,3,1,False,17,1501.8493246116866,1498.1506753883134,3.698649223373195,8.0625,1.4705882352941178,1.4705882352941178,1.411764705882353,1.4705882352941178,7.0,1.4705882352941178,1.4705882352941178,1.411764705882353,1.4705882352941178,42.1,4.473684210526316,67.6,1.1578947368421053,0.0,0.0,58.7,4.184210526315789,70.4,2.131578947368421,0.0789473684210526,0.0
2023-08-21 19:00:00,Crystal Palace,Arsenal,0,1,False,18,1511.8493246116866,1508.1506753883134,3.698649223373195,9.208333333333334,1.5,1.5,1.4166666666666667,1.5,9.291666666666666,1.5,1.5,1.4166666666666667,1.5,46.3,4.2105263157894735,69.4,2.1578947368421053,0.0789473684210526,0.0,59.3,3.5789473684210527,68.4,1.3421052631578947,0.0,0.0
2023-08-25 19:00:00,Chelsea,Luton Town,3,0,False,19,1485.072567527604,1485.7363180704517,-0.6637505428477652,5.145833333333333,1.4473684210526316,1.4473684210526316,1.4210526315789473,1.4473684210526316,13.208333333333334,1.4473684210526316,1.4473684210526316,1.4210526315789473,1.4473684210526316,58.7,4.184210526315789,70.4,2.131578947368421,0.0789473684210526,0.0,44.325,4.80921052631579,63.2,2.131578947368421,0.05921052631578945,1.0
2023-08-26 11:30:00,Bournemouth,Tottenham Hotspur,0,2,False,20,1485.072567527604,1515.3797412390854,-30.307173711481482,6.895833333333333,1.45,1.45,1.425,1.45,6.791666666666667,1.45,1.45,1.425,1.45,40.4,5.368421052631579,65.2,1.7894736842105263,0.0,0.0,50.0,4.526315789473684,63.4,2.026315789473684,0.0789473684210526,0.0
2023-08-26 14:00:00,Everton,Wolverhampton Wanderers,0,1,False,21,1472.6888953055513,1472.2150040886936,0.47389121685773716,6.041666666666667,1.4285714285714286,1.4285714285714286,1.4285714285714286,1.4285714285714286,7.0,1.4285714285714286,1.4285714285714286,1.4285714285714286,1.4285714285714286,42.8,4.868421052631579,69.2,2.131578947368421,0.0526315789473684,0.0,49.9,4.578947368421052,66.7,2.236842105263158,0.1578947368421052,0.0
2023-08-26 14:00:00,Manchester United,Nottingham Forest,3,2,False,22,1494.6202587609146,1499.8973909875078,-5.277132226593267,6.895833333333333,1.3863636363636365,1.3863636363636365,1.4318181818181819,1.3863636363636365,7.802083333333333,1.3863636363636365,1.3863636363636365,1.4318181818181819,1.3863636363636365,53.7,3.736842105263158,69.7,2.0526315789473686,0.0526315789473684,0.0,37.6,4.789473684210527,62.6,2.210526315789474,0.0,0.0
2023-08-26 14:00:00,Arsenal,Fulham,2,2,False,23,1520.1026090124922,1490.451780138192,29.65082887430026,4.791666666666667,1.434782608695652,1.434782608695652,1.434782608695652,1.434782608695652,7.0,1.434782608695652,1.434782608695652,1.434782608695652,1.434782608695652,59.3,3.5789473684210527,68.4,1.3421052631578947,0.0,0.0,48.8,5.157894736842105,73.0,2.1052631578947367,0.0263157894736842,0.0
2023-08-26 14:00:00,Brentford,Crystal Palace,1,1,False,24,1519.548219861808,1499.8973909875078,19.65082887430026,7.0,1.4583333333333333,1.4583333333333333,1.4166666666666667,1.4583333333333333,4.791666666666667,1.4583333333333333,1.4583333333333333,1.4166666666666667,1.4583333333333333,43.8,5.184210526315789,76.6,1.5,0.0263157894736842,0.0,46.3,4.2105263157894735,69.4,2.1578947368421053,0.0789473684210526,0.0
2023-08-26 16:30:00,Brighton & Hove Albion,West Ham United,1,3,False,25,1533.8980024525413,1514.927432472396,18.97056998014523,7.104166666666667,1.44,1.44,1.4,1.44,6.041666666666667,1.44,1.44,1.4,1.44,60.2,3.4473684210526314,59.5,1.5263157894736843,0.0,0.0,42.1,4.473684210526316,67.6,1.1578947368421053,0.0,0.0
2023-08-27 13:00:00,Burnley,Aston Villa,1,3,False,26,1479.2636819295483,1500.1792637296744,-20.91558180012612,14.0,1.4615384615384615,1.4615384615384615,1.4038461538461537,1.4615384615384615,7.0,1.4615384615384615,1.4615384615384615,1.4038461538461537,1.4615384615384615,44.325,4.80921052631579,63.2,2.131578947368421,0.05921052631578945,1.0,49.3,3.973684210526316,69.5,2.1052631578947367,0.0263157894736842,0.0
2023-08-27 13:00:00,Sheffield United,Manchester City,1,2,False,27,1480.1026090124922,1528.7358401111808,-48.63323109868861,8.760416666666666,1.4814814814814814,1.4814814814814814,1.4074074074074074,1.4814814814814814,7.75,1.4814814814814814,1.4814814814814814,1.4074074074074074,1.4814814814814814,44.325,4.80921052631579,63.2,2.131578947368421,0.05921052631578945,1.0,64.7,2.421052631578948,64.1,1.1578947368421053,0.0263157894736842,0.0
2023-08-27 15:30:00,Newcastle United,Liverpool,1,2,False,28,1507.2829943123586,1514.927432472396,-7.644438160037453,7.854166666666667,1.4821428571428572,1.4821428571428572,1.4107142857142858,1.4821428571428572,8.0625,1.4821428571428572,1.4821428571428572,1.4107142857142858,1.4821428571428572,52.3,3.3421052631578947,74.0,1.605263157894737,0.0263157894736842,0.0,60.8,4.131578947368421,70.1,1.5,0.0263157894736842,0.0
2023-09-01 19:00:00,Luton Town,West Ham United,1,2,False,29,1471.4403356763319,1535.0301173603577,-63.589781684025866,7.0,1.4827586206896552,1.4827586206896552,1.4137931034482758,1.4827586206896552,6.104166666666667,2.3333333333333335,1.0,2.3333333333333335,1.4827586206896552,44.325,4.80921052631579,63.2,2.131578947368421,0.05921052631578945,1.0,42.1,4.473684210526316,67.6,1.1578947368421053,0.0,0.0
2023-09-02 11:30:00,Sheffield United,Everton,2,2,False,30,1469.6318836807059,1460.8264008158399,8.805482864866008,5.9375,0.6666666666666666,1.6666666666666667,0.0,1.4833333333333334,6.895833333333333,0.0,2.0,0.0,1.4833333333333334,44.325,4.80921052631579,63.2,2.131578947368421,0.05921052631578945,1.0,42.8,4.868421052631579,69.2,2.131578947368421,0.0526315789473684,0.0
2023-09-02 14:00:00,Brentford,Bournemouth,2,2,False,31,1517.1588666029145,1467.2053118901813,49.953554712733194,7.0,2.0,1.0,1.6666666666666667,1.5,7.104166666666667,0.6666666666666666,2.0,0.3333333333333333,1.5,43.8,5.184210526315789,76.6,1.5,0.0263157894736842,0.0,40.4,5.368421052631579,65.2,1.7894736842105263,0.0,0.0
2023-09-02 14:00:00,Burnley,Tottenham Hotspur,2,5,False,32,1460.9627926931826,1533.246996876508,-72.28420418332553,6.041666666666667,1.515625,1.515625,1.390625,1.515625,7.104166666666667,2.0,0.6666666666666666,2.3333333333333335,1.515625,44.325,4.80921052631579,63.2,2.131578947368421,0.05921052631578945,1.0,50.0,4.526315789473684,63.4,2.026315789473684,0.0789473684210526,0.0
2023-09-02 14:00:00,Chelsea,Nottingham Forest,0,1,False,33,1499.3685499217238,1491.5996202334406,7.768929688283151,7.791666666666667,1.6666666666666667,1.3333333333333333,1.3333333333333333,1.5757575757575757,7.0,1.6666666666666667,2.0,1.0,1.5757575757575757,58.7,4.184210526315789,70.4,2.131578947368421,0.0789473684210526,0.0,37.6,4.789473684210527,62.6,2.210526315789474,0.0,0.0
2023-09-02 14:00:00,Manchester City,Fulham,5,1,False,34,1539.206565442967,1493.1105971469437,46.09596829602333,6.041666666666667,2.0,0.3333333333333333,3.0,1.5441176470588236,7.0,1.0,1.6666666666666667,1.3333333333333333,1.5441176470588236,64.7,2.421052631578948,64.1,1.1578947368421053,0.0263157894736842,0.0,48.8,5.157894736842105,73.0,2.1052631578947367,0.0263157894736842,0.0
2023-09-02 16:30:00,Brighton & Hove Albion,Newcastle United,3,1,False,35,1513.7953175645796,1495.6470030949988,18.148314469580782,7.0,3.0,1.6666666666666667,2.0,1.5857142857142856,6.041666666666667,2.0,1.3333333333333333,1.0,1.5857142857142856,60.2,3.4473684210526314,59.5,1.5263157894736843,0.0,0.0,52.3,3.3421052631578947,74.0,1.605263157894737,0.0263157894736842,0.0
2023-09-03 13:00:00,Crystal Palace,Wolverhampton Wanderers,3,2,False,36,1502.2867442464014,1484.077498578405,18.209245667996356,7.958333333333333,0.6666666666666666,0.6666666666666666,1.3333333333333333,1.5972222222222223,7.958333333333333,0.6666666666666666,1.6666666666666667,1.0,1.5972222222222223,46.3,4.2105263157894735,69.4,2.1578947368421053,0.0789473684210526,0.0,49.9,4.578947368421052,66.7,2.236842105263158,0.1578947368421052,0.0
2023-09-03 13:00:00,Liverpool,Aston Villa,3,0,False,37,1526.5634236897558,1518.4801529660401,8.083270723715714,6.895833333333333,2.0,1.0,2.3333333333333335,1.6216216216216217,7.0,2.6666666666666665,2.0,2.0,1.6216216216216217,60.8,4.131578947368421,70.1,1.5,0.0263157894736842,0.0,49.3,3.973684210526316,69.5,2.1052631578947367,0.0263157894736842,0.0
2023-09-03 15:30:00,Arsenal,Manchester United,3,1,False,38,1517.4437920037403,1502.9180295149818,14.525762488758573,8.0625,1.6666666666666667,1.0,2.3333333333333335,1.618421052631579,8.0625,1.3333333333333333,1.3333333333333333,2.0,1.618421052631579,59.3,3.5789473684210527,68.4,1.3421052631578947,0.0,0.0,53.7,3.736842105263158,69.7,2.0526315789473686,0.0526315789473684,0.0
2023-09-16 11:30:00,Wolverhampton Wanderers,Liverpool,1,3,False,39,1476.427689924903,1540.4356383197894,-64.0079483948864,12.9375,1.0,2.0,0.75,1.6282051282051282,12.9375,2.25,0.75,2.5,1.6282051282051282,49.9,4.578947368421052,66.7,2.236842105263158,0.1578947368421052,0.0,60.8,4.131578947368421,70.1,1.5,0.0263157894736842,0.0
2023-09-16 14:00:00,Tottenham Hotspur,Sheffield United,2,1,False,40,1550.3801521879277,1467.538978430833,82.8411737570948,14.0,2.75,1.0,2.5,1.6375,14.0,1.0,1.75,0.25,1.6375,50.0,4.526315789473684,63.4,2.026315789473684,0.0789473684210526,0.0,44.325,4.80921052631579,63.2,2.131578947368421,0.05921052631578945,1.0
2023-09-16 14:00:00,Manchester United,Brighton & Hove Albion,1,3,False,41,1490.3239246411465,1526.2289491589422,-35.90502451779571,12.9375,1.25,1.75,1.5,1.6341463414634145,13.895833333333334,3.0,1.5,2.25,1.6341463414634145,53.7,3.736842105263158,69.7,2.0526315789473686,0.0526315789473684,0.0,60.2,3.4473684210526314,59.5,1.5263157894736843,0.0,0.0
2023-09-16 14:00:00,West Ham United,Manchester City,1,3,False,42,1545.0707064833596,1552.1573815822646,-7.0866750989050615,14.0,2.25,1.0,2.5,1.6428571428571428,14.0,2.75,0.5,3.0,1.6428571428571428,42.1,4.473684210526316,67.6,1.1578947368421053,0.0,0.0,64.7,2.421052631578948,64.1,1.1578947368421053,0.0263157894736842,0.0
2023-09-16 14:00:00,Aston Villa,Crystal Palace,3,1,False,43,1504.6079383360066,1509.9365528999035,-5.328614563896963,13.041666666666666,2.0,2.25,1.5,1.6511627906976745,13.041666666666666,1.25,1.0,1.75,1.6511627906976745,49.3,3.973684210526316,69.5,2.1052631578947367,0.0263157894736842,0.0,46.3,4.2105263157894735,69.4,2.1578947368421053,0.0789473684210526,0.0
2023-09-16 14:00:00,Fulham,Luton Town,1,0,False,44,1480.1597810076462,1461.39974655333,18.760034454316155,14.0,1.0,2.5,1.0,1.6590909090909092,14.0,0.6666666666666666,3.0,0.0,1.6590909090909092,48.8,5.157894736842105,73.0,2.1052631578947367,0.0263157894736842,0.0,44.325,4.80921052631579,63.2,2.131578947368421,0.05921052631578945,1.0
2023-09-16 16:30:00,Newcastle United,Brentford,1,0,False,45,1483.2133715006362,1513.965907184686,-30.752535684049917,14.0,1.75,1.75,0.75,1.6333333333333333,14.0,2.0,1.25,1.5,1.6333333333333333,52.3,3.3421052631578947,74.0,1.605263157894737,0.0263157894736842,0.0,43.8,5.184210526315789,76.6,1.5,0.0263157894736842,0.0
2023-09-17 13:00:00,Bournemouth,Chelsea,0,0,False,46,1470.3982713084097,1487.304189987713,-16.90591867930334,14.0,1.0,2.0,0.5,1.608695652173913,14.0,1.25,1.25,1.0,1.608695652173913,40.4,5.368421052631579,65.2,1.7894736842105263,0.0,0.0,58.7,4.184210526315789,70.4,2.131578947368421,0.0789473684210526,0.0
2023-09-17 15:30:00,Everton,Arsenal,0,1,False,47,1462.9193060657128,1530.0378968775756,-67.11859081186276,14.0,0.5,2.0,0.25,1.574468085106383,14.0,2.0,1.0,2.5,1.574468085106383,42.8,4.868421052631579,69.2,2.131578947368421,0.0526315789473684,0.0,59.3,3.5789473684210527,68.4,1.3421052631578947,0.0,0.0
2023-09-18 18:45:00,Nottingham Forest,Burnley,1,1,False,48,1503.6639801674514,1443.829637381763,59.83434278568848,14.0,1.5,1.5,1.5,1.5520833333333333,14.0,1.0,3.6666666666666665,0.0,1.5520833333333333,37.6,4.789473684210527,62.6,2.210526315789474,0.0,0.0,44.325,4.80921052631579,63.2,2.131578947368421,0.05921052631578945,1.0
2023-09-23 14:00:00,Manchester City,Nottingham Forest,2,0,False,49,1571.091249685759,1500.2179884150373,70.87326127072174,7.0,2.8,0.6,3.0,1.5408163265306123,4.802083333333333,1.4,1.4,1.4,1.6666666666666667,64.7,2.421052631578948,64.1,1.1578947368421053,0.0263157894736842,0.0,37.6,4.789473684210527,62.6,2.210526315789474,0.0,0.0
2023-09-23 14:00:00,Crystal Palace,Fulham,0,0,False,50,1496.450337242571,1487.794617899343,8.655719343228157,7.0,1.2,1.4,1.4,1.53,7.0,1.0,2.0,1.4,2.3333333333333335,46.3,4.2105263157894735,69.4,2.1578947368421053,0.0789473684210526,0.0,48.8,5.157894736842105,73.0,2.1052631578947367,0.0263157894736842,0.0
2023-09-23 14:00:00,Luton Town,Wolverhampton Wanderers,1,1,False,51,1453.7649096616333,1460.1312905477416,-6.366380886108345,7.0,0.5,2.5,0.0,1.5,7.104166666666667,1.0,2.2,0.6,1.3333333333333333,44.325,4.80921052631579,63.2,2.131578947368421,0.05921052631578945,1.0,49.9,4.578947368421052,66.7,2.236842105263158,0.1578947368421052,0.0
2023-09-23 16:30:00,Brentford,Everton,1,3,False,52,1504.9484482293242,1452.9802832552105,51.96816497411373,7.0,1.6,1.2,1.2,1.6666666666666667,6.041666666666667,0.4,1.8,0.2,1.4903846153846154,43.8,5.184210526315789,76.6,1.5,0.0263157894736842,0.0,42.8,4.868421052631579,69.2,2.131578947368421,0.0526315789473684,0.0
2023-09-23 19:00:00,Burnley,Manchester United,0,1,False,53,1447.275629134177,1472.7162880857052,-25.44065895152812,5.010416666666667,1.0,3.0,0.25,1.0,7.208333333333333,1.2,2.0,1.2,1.5,44.325,4.80921052631579,63.2,2.131578947368421,0.05921052631578945,1.0,53.7,3.736842105263158,69.7,2.0526315789473686,0.0526315789473684,0.0
2023-09-24 13:00:00,Arsenal,Tottenham Hotspur,2,2,False,54,1539.976919688078,1556.364437718348,-16.38751803027003,6.895833333333333,1.8,0.8,2.6,2.3333333333333335,7.958333333333333,2.6,1.0,2.6,1.3333333333333333,59.3,3.5789473684210527,68.4,1.3421052631578947,0.0,0.0,50.0,4.526315789473684,63.4,2.026315789473684,0.0789473684210526,0.0
2023-09-24 13:00:00,Brighton & Hove Albion,Bournemouth,3,1,False,55,1543.8365857143835,1469.0227867256765,74.81379898870705,7.958333333333333,3.0,1.4,2.4,2.6666666666666665,7.0,0.8,1.6,0.6,1.490909090909091,60.2,3.4473684210526314,59.5,1.5263157894736843,0.0,0.0,40.4,5.368421052631579,65.2,1.7894736842105263,0.0,0.0
2023-09-24 13:00:00,Chelsea,Aston Villa,0,1,False,56,1488.6796745704462,1518.094153993339,-29.414479422892782,7.0,1.0,1.0,1.0,1.3333333333333333,7.958333333333333,2.2,2.0,1.8,3.0,58.7,4.184210526315789,70.4,2.131578947368421,0.0789473684210526,0.0,49.3,3.973684210526316,69.5,2.1052631578947367,0.0263157894736842,0.0
2023-09-24 13:00:00,Liverpool,West Ham United,3,1,False,57,1556.7320376969508,1526.1368383798651,30.595199317085644,8.0625,2.4,0.8,2.6,1.4824561403508771,7.958333333333333,2.0,1.4,2.0,1.0,60.8,4.131578947368421,70.1,1.5,0.0263157894736842,0.0,42.1,4.473684210526316,67.6,1.1578947368421053,0.0,0.0
2023-09-24 15:30:00,Sheffield United,Newcastle United,0,8,False,58,1461.5546929004126,1492.230830455998,-30.676137555585456,8.0625,1.0,1.8,0.2,1.0,7.958333333333333,1.6,1.4,1.2,1.4913793103448276,44.325,4.80921052631579,63.2,2.131578947368421,0.05921052631578945,1.0,52.3,3.3421052631578947,74.0,1.605263157894737,0.0263157894736842,0.0
2023-09-30 11:30:00,Aston Villa,Brighton & Hove Albion,6,1,False,59,1529.1148209844105,1553.8788471648127,-24.764026180402197,5.9375,2.2,1.0,2.4,1.5338983050847457,5.9375,2.8,1.4,2.4,1.5338983050847457,49.3,3.973684210526316,69.5,2.1052631578947367,0.0263157894736842,0.0,60.2,3.4473684210526314,59.5,1.5263157894736843,0.0,0.0
2023-09-30 14:00:00,Wolverhampton Wanderers,Manchester City,2,1,False,60,1461.8030609664904,1581.2915967812335,-119.48853581474305,7.0,1.2,2.2,0.8,1.5666666666666667,7.0,2.6,0.6,3.0,0.6666666666666666,49.9,4.578947368421052,66.7,2.236842105263158,0.1578947368421052,0.0,64.7,2.421052631578948,64.1,1.1578947368421053,0.0263157894736842,0.0
2023-09-30 14:00:00,West Ham United,Sheffield United,2,0,False,61,1514.2484331997537,1435.4659860249278,78.78244717482585,6.041666666666667,2.0,1.8,1.8,1.5655737704918034,5.9375,1.0,3.2,0.2,1.5655737704918034,42.1,4.473684210526316,67.6,1.1578947368421053,0.0,0.0,44.325,4.80921052631579,63.2,2.131578947368421,0.05921052631578945,1.0
2023-09-30 14:00:00,Newcastle United,Burnley,2,0,False,62,1518.319537331483,1436.1419148183518,82.17762251313115,5.9375,2.2,1.2,1.2,2.3333333333333335,6.791666666666667,0.8,2.6,0.2,1.5564516129032258,52.3,3.3421052631578947,74.0,1.605263157894737,0.0263157894736842,0.0,44.325,4.80921052631579,63.2,2.131578947368421,0.05921052631578945,1.0
2023-09-30 14:00:00,Manchester United,Crystal Palace,0,1,False,63,1483.8500024015304,1494.3615540924154,-10.511551690884971,6.791666666666667,1.2,2.0,1.2,1.6666666666666667,7.0,1.0,1.4,1.0,1.3333333333333333,53.7,3.736842105263158,69.7,2.0526315789473686,0.0526315789473684,0.0,46.3,4.2105263157894735,69.4,2.1578947368421053,0.0789473684210526,0.0
2023-09-30 14:00:00,Everton,Luton Town,1,2,False,64,1474.5033045292041,1452.0931392428845,22.410165286319625,6.895833333333333,1.0,1.8,0.8,0.0,7.0,0.6,2.2,0.2,2.6666666666666665,42.8,4.868421052631579,69.2,2.131578947368421,0.0526315789473684,0.0,44.325,4.80921052631579,63.2,2.131578947368421,0.05921052631578945,1.0
2023-09-30 14:00:00,Bournemouth,Arsenal,0,4,False,65,1458.9805252752474,1538.5867996444792,-79.60627436923187,6.041666666666667,0.8,2.0,0.4,0.3333333333333333,6.041666666666667,1.8,1.0,2.2,1.5307692307692307,40.4,5.368421052631579,65.2,1.7894736842105263,0.0,0.0,59.3,3.5789473684210527,68.4,1.3421052631578947,0.0,0.0
2023-09-30 16:30:00,Tottenham Hotspur,Liverpool,2,1,False,66,1557.7545577619467,1568.6204428770623,-10.865885115115589,6.145833333333333,2.6,1.0,2.6,1.5378787878787878,6.145833333333333,2.8,0.8,3.0,1.0,50.0,4.526315789473684,63.4,2.026315789473684,0.0789473684210526,0.0,60.8,4.131578947368421,70.1,1.5,0.0263157894736842,0.0
2023-10-01 13:00:00,Nottingham Forest,Brentford,1,1,False,67,1490.017641319563,1483.4254269553305,6.5922143642324045,7.958333333333333,1.2,1.4,1.4,1.537313432835821,7.854166666666667,1.4,1.4,1.0,1.537313432835821,37.6,4.789473684210527,62.6,2.210526315789474,0.0,0.0,43.8,5.184210526315789,76.6,1.5,0.0263157894736842,0.0
2023-10-02 19:00:00,Fulham,Chelsea,0,2,False,68,1489.8834010494986,1477.6590075793747,12.224393470123914,9.208333333333334,0.8,2.0,1.0,1.5294117647058822,8.25,0.8,1.0,0.8,1.5294117647058822,48.8,5.157894736842105,73.0,2.1052631578947367,0.0263157894736842,0.0,58.7,4.184210526315789,70.4,2.131578947368421,0.0789473684210526,0.0
2023-10-03 18:30:00,Luton Town,Burnley,1,2,False,69,1464.557235083063,1426.391400469491,38.16583461357209,3.1875,0.8,1.6,0.8,1.5217391304347827,3.1875,0.8,2.4,0.2,1.5217391304347827,44.325,4.80921052631579,63.2,2.131578947368421,0.05921052631578945,1.0,44.325,4.80921052631579,63.2,2.131578947368421,0.05921052631578945,1.0
2023-10-07 11:30:00,Luton Town,Tottenham Hotspur,0,1,False,70,1451.6721815913306,1566.208940100241,-114.53675850891045,3.7083333333333335,1.0,1.4,0.8,1.0,6.791666666666667,2.6,1.2,2.6,1.5,44.325,4.80921052631579,63.2,2.131578947368421,0.05921052631578945,1.0,50.0,4.526315789473684,63.4,2.026315789473684,0.0789473684210526,0.0
2023-10-07 14:00:00,Manchester United,Brentford,2,1,False,71,1472.2944314127487,1485.45733907503,-13.162907662281214,7.0,1.2,1.8,1.2,1.25,6.041666666666667,1.0,1.6,0.6,0.6666666666666666,53.7,3.736842105263158,69.7,2.0526315789473686,0.0526315789473684,0.0,43.8,5.184210526315789,76.6,1.5,0.0263157894736842,0.0
2023-10-07 14:00:00,Fulham,Sheffield United,3,1,False,72,1470.0798467532816,1425.5815593502628,44.49828740301882,4.791666666666667,0.8,1.8,1.0,0.3333333333333333,7.0,0.8,3.2,0.2,2.0,48.8,5.157894736842105,73.0,2.1052631578947367,0.0263157894736842,0.0,44.325,4.80921052631579,63.2,2.131578947368421,0.05921052631578945,1.0
2023-10-07 14:00:00,Everton,Bournemouth,3,0,False,73,1462.0392086890256,1441.0183156655712,21.02089302345439,7.0,1.2,1.4,0.8,0.25,7.0,0.6,2.2,0.4,2.6666666666666665,42.8,4.868421052631579,69.2,2.131578947368421,0.0526315789473684,0.0,40.4,5.368421052631579,65.2,1.7894736842105263,0.0,0.0
2023-10-07 14:00:00,Burnley,Chelsea,1,4,False,74,1439.2764539612233,1497.4625618755917,-58.18610791436845,3.8125,1.0,2.0,0.8,0.75,4.791666666666667,1.0,0.4,1.4,1.0,44.325,4.80921052631579,63.2,2.131578947368421,0.05921052631578945,1.0,58.7,4.184210526315789,70.4,2.131578947368421,0.0789473684210526,0.0
2023-10-07 16:30:00,Crystal Palace,Nottingham Forest,0,0,False,75,1505.9171250811971,1487.9857291998635,17.93139588133363,7.104166666666667,1.2,1.2,1.6,1.0,6.145833333333333,1.0,1.4,1.0,1.75,46.3,4.2105263157894735,69.4,2.1578947368421053,0.0789473684210526,0.0,37.6,4.789473684210527,62.6,2.210526315789474,0.0,0.0
2023-10-08 13:00:00,Brighton & Hove Albion,Liverpool,2,2,False,76,1536.184716744754,1560.1660605387679,-23.98134379401381,8.0625,2.2,2.4,1.8,2.75,7.854166666666667,2.4,1.0,2.4,1.25,60.2,3.4473684210526314,59.5,1.5263157894736843,0.0,0.0,60.8,4.131578947368421,70.1,1.5,0.0263157894736842,0.0
2023-10-08 13:00:00,West Ham United,Newcastle United,2,2,False,77,1524.1328598744187,1528.0700516803438,-3.9371918059250675,7.958333333333333,1.8,1.6,1.8,2.0,7.958333333333333,2.6,1.0,1.8,1.3333333333333333,42.1,4.473684210526316,67.6,1.1578947368421053,0.0,0.0,52.3,3.3421052631578947,74.0,1.605263157894737,0.0263157894736842,0.0
2023-10-08 13:00:00,Wolverhampton Wanderers,Aston Villa,1,1,False,78,1473.358634412941,1546.808951404469,-73.4503169915281,7.958333333333333,1.4,1.6,1.4,1.3333333333333333,8.0625,2.6,1.2,2.4,2.25,49.9,4.578947368421052,66.7,2.236842105263158,0.1578947368421052,0.0,49.3,3.973684210526316,69.5,2.1052631578947367,0.0263157894736842,0.0
2023-10-08 15:30:00,Arsenal,Manchester City,1,0,False,79,1556.5490092541554,1569.7360233347829,-13.187014080627478,8.0625,2.4,1.0,2.2,2.25,8.0625,2.6,1.0,2.4,1.0,59.3,3.5789473684210527,68.4,1.3421052631578947,0.0,0.0,64.7,2.421052631578948,64.1,1.1578947368421053,0.0263157894736842,0.0
2023-10-21 11:30:00,Liverpool,Everton,2,0,False,80,1561.341217481871,1475.2928329656193,86.04838451625164,12.9375,2.4,1.2,2.0,3.0,13.895833333333334,1.8,1.2,1.4,2.3333333333333335,60.8,4.131578947368421,70.1,1.5,0.0263157894736842,0.0,42.8,4.868421052631579,69.2,2.131578947368421,0.0526315789473684,0.0
2023-10-21 14:00:00,Nottingham Forest,Luton Town,2,2,False,81,1490.3283636830288,1443.0883806645395,47.23998301848928,13.895833333333334,0.6,0.8,1.2,1.3333333333333333,14.0,0.8,1.2,0.8,2.25,37.6,4.789473684210527,62.6,2.210526315789474,0.0,0.0,44.325,4.80921052631579,63.2,2.131578947368421,0.05921052631578945,1.0
2023-10-21 14:00:00,Newcastle United,Crystal Palace,4,0,False,82,1529.8097052580763,1503.5744905980318,26.23521466004445,13.041666666666666,2.8,1.0,2.0,2.25,13.895833333333334,1.0,1.0,1.6,1.0,52.3,3.3421052631578947,74.0,1.605263157894737,0.0263157894736842,0.0,46.3,4.2105263157894735,69.4,2.1578947368421053,0.0789473684210526,0.0
2023-10-21 14:00:00,Bournemouth,Wolverhampton Wanderers,1,2,False,83,1427.7646913889776,1473.601806138961,-45.83711474998336,14.0,0.6,2.4,0.4,0.25,13.041666666666666,1.4,1.8,1.0,1.25,40.4,5.368421052631579,65.2,1.7894736842105263,0.0,0.0,49.9,4.578947368421052,66.7,2.236842105263158,0.1578947368421052,0.0
2023-10-21 14:00:00,Brentford,Burnley,3,0,False,84,1476.9383574536332,1421.4332886934642,55.505068760169024,14.0,1.0,1.8,0.4,1.5,14.0,0.8,1.8,0.8,1.3333333333333333,43.8,5.184210526315789,76.6,1.5,0.0263157894736842,0.0,44.325,4.80921052631579,63.2,2.131578947368421,0.05921052631578945,1.0
2023-10-21 14:00:00,Manchester City,Brighton & Hove Albion,2,1,False,85,1561.2163630866803,1535.009559801651,26.20680328502931,12.9375,2.2,1.0,1.8,2.6666666666666665,13.041666666666666,2.4,2.2,2.0,2.6666666666666665,64.7,2.421052631578948,64.1,1.1578947368421053,0.0263157894736842,0.0,60.2,3.4473684210526314,59.5,1.5263157894736843,0.0,0.0
2023-10-21 16:30:00,Chelsea,Arsenal,2,2,False,86,1515.3057271433509,1565.068669502258,-49.76294235890714,14.0,1.2,0.6,1.4,1.0,13.041666666666666,2.2,0.6,2.6,0.0,58.7,4.184210526315789,70.4,2.131578947368421,0.0789473684210526,0.0,59.3,3.5789473684210527,68.4,1.3421052631578947,0.0,0.0
2023-10-21 19:00:00,Sheffield United,Manchester United,1,2,False,87,1414.2898456357082,1480.8134130341455,-66.52356739843731,14.0,0.8,3.4,0.2,0.75,14.0,1.0,1.6,1.2,1.6666666666666667,44.325,4.80921052631579,63.2,2.131578947368421,0.05921052631578945,1.0,53.7,3.736842105263158,69.7,2.0526315789473686,0.0526315789473684,0.0
2023-10-22 15:30:00,Aston Villa,West Ham United,4,1,False,88,1546.5657796784492,1522.3932062966862,24.17257338176296,14.0,2.2,1.2,2.0,4.333333333333333,14.0,1.6,1.8,1.4,1.5,49.3,3.973684210526316,69.5,2.1052631578947367,0.0263157894736842,0.0,42.1,4.473684210526316,67.6,1.1578947368421053,0.0,0.0
2023-10-23 19:00:00,Tottenham Hotspur,Fulham,2,0,False,89,1574.7927410270322,1481.3715604678362,93.42118055919605,14.0,2.4,1.2,2.6,2.0,14.0,1.0,1.6,1.4,1.75,50.0,4.526315789473684,63.4,2.026315789473684,0.0789473684210526,0.0,48.8,5.157894736842105,73.0,2.1052631578947367,0.0263157894736842,0.0
2023-10-27 19:00:00,Crystal Palace,Tottenham Hotspur,1,2,False,90,1489.6380300596238,1584.1073017329225,-94.46927167329864,6.208333333333333,0.4,1.4,1.0,0.75,4.0,1.8,0.8,2.6,1.2,46.3,4.2105263157894735,69.4,2.1578947368421053,0.0789473684210526,0.0,50.0,4.526315789473684,63.4,2.026315789473684,0.0789473684210526,0.0
2023-10-28 11:30:00,Chelsea,Brentford,0,2,False,91,1514.8674503185487,1488.600857494855,26.2665928236936,6.791666666666667,1.6,0.8,1.6,1.2,6.895833333333333,1.2,1.4,0.8,1.0,58.7,4.184210526315789,70.4,2.131578947368421,0.0789473684210526,0.0,43.8,5.184210526315789,76.6,1.5,0.0263157894736842,0.0
2023-10-28 14:00:00,Bournemouth,Burnley,2,1,False,92,1417.213697827226,1409.7707886522423,7.442909174983697,7.0,0.4,2.4,0.2,0.4,7.0,0.6,2.2,0.6,1.75,40.4,5.368421052631579,65.2,1.7894736842105263,0.0,0.0,44.325,4.80921052631579,63.2,2.131578947368421,0.05921052631578945,1.0
2023-10-28 14:00:00,Arsenal,Sheffield United,5,0,False,93,1565.5069463270602,1404.333697149371,161.17324917768929,6.895833333333333,2.0,0.8,2.2,2.0,6.791666666666667,0.6,3.4,0.0,2.25,59.3,3.5789473684210527,68.4,1.3421052631578947,0.0,0.0,44.325,4.80921052631579,63.2,2.131578947368421,0.05921052631578945,1.0
2023-10-28 16:30:00,Wolverhampton Wanderers,Newcastle United,2,2,False,94,1484.1527997007124,1543.7461657964843,-59.5933660957719,7.104166666666667,1.4,1.4,1.6,1.25,7.104166666666667,3.4,0.4,2.6,1.5,49.9,4.578947368421052,66.7,2.236842105263158,0.1578947368421052,0.0,52.3,3.3421052631578947,74.0,1.605263157894737,0.0263157894736842,0.0
2023-10-29 13:00:00,West Ham United,Everton,0,1,False,95,1509.2886500735756,1465.6937162536137,43.59493381996185,6.895833333333333,1.4,2.4,0.8,2.0,8.0625,1.4,1.2,1.2,2.25,42.1,4.473684210526316,67.6,1.1578947368421053,0.0,0.0,42.8,4.868421052631579,69.2,2.131578947368421,0.0526315789473684,0.0
2023-10-29 14:00:00,Aston Villa,Luton Town,3,1,False,96,1559.6703359015598,1446.211025871596,113.45931002996394,6.9375,3.0,0.8,2.6,4.25,8.0,1.2,1.4,1.0,2.2,49.3,3.973684210526316,69.5,2.1052631578947367,0.0263157894736842,0.0,44.325,4.80921052631579,63.2,2.131578947368421,0.05921052631578945,1.0
2023-10-29 14:00:00,Brighton & Hove Albion,Fulham,1,1,False,97,1527.5760169811963,1472.056999761946,55.51901721925037,8.0,2.0,2.4,1.4,2.6,5.791666666666667,0.8,1.0,1.4,1.8,60.2,3.4473684210526314,59.5,1.5263157894736843,0.0,0.0,48.8,5.157894736842105,73.0,2.1052631578947367,0.0263157894736842,0.0
2023-10-29 14:00:00,Liverpool,Nottingham Forest,3,0,False,98,1570.9403341938764,1487.2057184759724,83.73461571790403,8.104166666666666,2.2,1.2,2.0,2.75,8.0,0.8,1.2,0.8,1.4,60.8,4.131578947368421,70.1,1.5,0.0263157894736842,0.0,37.6,4.789473684210527,62.6,2.210526315789474,0.0,0.0
2023-10-29 15:30:00,Manchester United,Manchester City,0,3,False,99,1490.7695615204827,1568.649905907135,-77.88034438665227,7.854166666666667,1.2,1.2,1.8,1.4,8.0625,1.6,1.0,1.8,1.0,53.7,3.736842105263158,69.7,2.0526315789473686,0.0526315789473684,0.0,64.7,2.421052631578948,64.1,1.1578947368421053,0.0263157894736842,0.0
2023-11-04 12:30:00,Fulham,Manchester United,0,1,False,100,1475.3930708168452,1473.9180351613347,1.47503565551051,5.9375,0.8,1.2,1.0,1.0,5.875,1.0,1.2,1.8,1.5,48.8,5.157894736842105,73.0,2.1052631578947367,0.0263157894736842,0.0,53.7,3.736842105263158,69.7,2.0526315789473686,0.0526315789473684,0.0
2023-11-04 15:00:00,Brentford,West Ham United,3,2,False,101,1509.0239625356064,1496.2609955553783,12.762966980228157,7.145833333333333,1.6,1.2,1.4,1.8,6.083333333333333,1.2,2.0,0.8,2.0,43.8,5.184210526315789,76.6,1.5,0.0263157894736842,0.0,42.1,4.473684210526316,67.6,1.1578947368421053,0.0,0.0
2023-11-04 15:00:00,Burnley,Crystal Palace,0,2,False,102,1401.8261631144785,1480.4841956554162,-78.65803254093771,7.041666666666667,0.8,2.4,0.6,0.8,7.833333333333333,0.4,1.2,1.0,1.6,44.325,4.80921052631579,63.2,2.131578947368421,0.05921052631578945,1.0,46.3,4.2105263157894735,69.4,2.1578947368421053,0.0789473684210526,0.0
2023-11-04 15:00:00,Everton,Brighton & Hove Albion,1,1,False,103,1478.721370771811,1524.239945926297,-45.518575154485916,6.083333333333333,1.6,1.0,1.8,0.8,6.041666666666667,1.6,2.4,1.0,2.5,42.8,4.868421052631579,69.2,2.131578947368421,0.0526315789473684,0.0,60.2,3.4473684210526314,59.5,1.5263157894736843,0.0,0.0
2023-11-04 15:00:00,Manchester City,Bournemouth,6,1,False,104,1585.501432266283,1425.1583233649899,160.34310890129314,5.979166666666667,1.6,0.8,1.8,2.5,7.041666666666667,0.8,2.6,0.6,2.75,64.7,2.421052631578948,64.1,1.1578947368421053,0.0263157894736842,0.0,40.4,5.368421052631579,65.2,1.7894736842105263,0.0,0.0
2023-11-04 15:00:00,Sheffield United,Wolverhampton Wanderers,2,1,False,105,1395.780269414641,1483.9971968279688,-88.21692741332777,7.041666666666667,0.4,4.0,0.0,0.8,6.9375,1.6,1.2,1.8,1.2,44.325,4.80921052631579,63.2,2.131578947368421,0.05921052631578945,1.0,49.9,4.578947368421052,66.7,2.236842105263158,0.1578947368421052,0.0
2023-11-04 17:30:00,Newcastle United,Arsenal,1,0,False,106,1543.901768669228,1574.06037406179,-30.158605392562094,7.041666666666667,3.6,0.8,2.2,2.6,7.145833333333333,2.8,0.8,2.2,0.5,52.3,3.3421052631578947,74.0,1.605263157894737,0.0263157894736842,0.0,59.3,3.5789473684210527,68.4,1.3421052631578947,0.0,0.0
2023-11-05 14:00:00,Nottingham Forest,Aston Villa,2,0,False,107,1476.770924622369,1568.2376278686313,-91.46670324626234,7.0,0.6,1.6,0.6,1.5,7.0,3.0,0.8,2.6,2.0,37.6,4.789473684210527,62.6,2.210526315789474,0.0,0.0,49.3,3.973684210526316,69.5,2.1052631578947367,0.0263157894736842,0.0
2023-11-05 16:30:00,Luton Town,Liverpool,1,1,False,108,1437.6437339045244,1581.3751280474798,-143.73139414295542,7.104166666666667,1.2,1.8,0.8,0.75,7.104166666666667,2.2,1.0,2.0,1.4,44.325,4.80921052631579,63.2,2.131578947368421,0.05921052631578945,1.0,60.8,4.131578947368421,70.1,1.5,0.0263157894736842,0.0
2023-11-06 20:00:00,Tottenham Hotspur,Chelsea,1,4,False,109,1593.26113613713,1494.4443452777973,98.81679085933274,10.041666666666666,1.8,0.8,2.6,2.0,9.354166666666666,1.6,1.2,1.4,1.0,50.0,4.526315789473684,63.4,2.026315789473684,0.0789473684210526,0.0,58.7,4.184210526315789,70.4,2.131578947368421,0.0789473684210526,0.0
2023-11-11 12:30:00,Wolverhampton Wanderers,Tottenham Hotspur,2,1,False,110,1473.3299528170091,1568.071415485938,-94.74146266892876,6.895833333333333,1.6,1.4,1.6,1.4,4.6875,1.6,1.2,2.4,1.0,49.9,4.578947368421052,66.7,2.236842105263158,0.1578947368421052,0.0,50.0,4.526315789473684,63.4,2.026315789473684,0.0789473684210526,0.0
2023-11-11 15:00:00,Arsenal,Burnley,3,1,False,111,1565.0598419049397,1386.2146376458365,178.84520425910318,6.895833333333333,2.4,0.6,2.0,2.6,7.0,0.8,2.4,0.6,1.8,59.3,3.5789473684210527,68.4,1.3421052631578947,0.0,0.0,44.325,4.80921052631579,63.2,2.131578947368421,0.05921052631578945,1.0
2023-11-11 15:00:00,Crystal Palace,Everton,2,3,False,112,1496.0957211240582,1478.1612372022125,17.93448392184564,7.0,0.8,1.2,1.4,0.8,7.0,1.2,1.0,1.4,1.8,46.3,4.2105263157894735,69.4,2.1578947368421053,0.0789473684210526,0.0,42.8,4.868421052631579,69.2,2.131578947368421,0.0526315789473684,0.0
2023-11-11 15:00:00,Manchester United,Luton Town,1,0,False,113,1485.8083303390067,1439.8717978814727,45.936532457533986,7.104166666666667,1.0,1.2,1.8,1.2,5.9375,1.0,1.8,0.4,2.0,53.7,3.736842105263158,69.7,2.0526315789473686,0.0526315789473684,0.0,44.325,4.80921052631579,63.2,2.131578947368421,0.05921052631578945,1.0
2023-11-11 17:30:00,Bournemouth,Newcastle United,2,0,False,114,1416.5727179919702,1552.9023008260783,-136.32958283410812,7.104166666666667,0.8,3.2,0.6,0.6,7.0,2.2,0.8,2.2,1.6,40.4,5.368421052631579,65.2,1.7894736842105263,0.0,0.0,52.3,3.3421052631578947,74.0,1.605263157894737,0.0263157894736842,0.0
2023-11-12 14:00:00,Aston Villa,Fulham,3,1,False,115,1550.7521357391347,1463.5027756391733,87.24936009996145,7.0,2.8,1.2,2.0,4.0,8.0625,0.8,1.4,0.8,2.0,49.3,3.973684210526316,69.5,2.1052631578947367,0.0263157894736842,0.0,48.8,5.157894736842105,73.0,2.1052631578947367,0.0263157894736842,0.0
2023-11-12 14:00:00,Brighton & Hove Albion,Sheffield United,1,1,False,116,1524.8000794958955,1406.4475134256006,118.35256607029487,7.958333333333333,1.2,2.4,0.6,2.0,7.958333333333333,0.8,2.6,0.6,2.8,60.2,3.4473684210526314,59.5,1.5263157894736843,0.0,0.0,44.325,4.80921052631579,63.2,2.131578947368421,0.05921052631578945,1.0
2023-11-12 14:00:00,Liverpool,Brentford,3,0,False,117,1579.1470640705315,1516.8224048066031,62.324659263928424,6.895833333333333,1.8,1.0,1.6,2.8,7.958333333333333,2.0,1.0,2.0,0.8,60.8,4.131578947368421,70.1,1.5,0.0263157894736842,0.0,43.8,5.184210526315789,76.6,1.5,0.0263157894736842,0.0
2023-11-12 14:00:00,West Ham United,Nottingham Forest,3,2,False,118,1488.4625532843816,1494.2564167518656,-5.793863467484016,7.958333333333333,1.4,2.0,0.8,1.6,7.0,1.0,1.2,1.2,1.6,42.1,4.473684210526316,67.6,1.1578947368421053,0.0,0.0,37.6,4.789473684210527,62.6,2.210526315789474,0.0,0.0
2023-11-12 16:30:00,Chelsea,Manchester City,4,4,False,119,1519.6340659289895,1594.0870376393027,-74.45297171031325,5.854166666666667,2.4,1.2,2.0,1.0,8.0625,2.4,1.0,1.8,1.0,58.7,4.184210526315789,70.4,2.131578947368421,0.0789473684210526,0.0,64.7,2.421052631578948,64.1,1.1578947368421053,0.0263157894736842,0.0
2023-11-25 12:30:00,Manchester City,Liverpool,1,1,False,120,1593.8150263594653,1590.5063130881085,3.308713271356737,12.833333333333334,3.0,1.4,2.0,3.2,12.9375,2.2,0.6,2.2,1.4,64.7,2.421052631578948,64.1,1.1578947368421053,0.0263157894736842,0.0,60.8,4.131578947368421,70.1,1.5,0.0263157894736842,0.0
2023-11-25 15:00:00,Burnley,West Ham United,1,2,False,121,1379.8046016388669,1496.7747694559323,-116.97016781706543,14.0,0.6,2.8,0.0,0.8,13.041666666666666,1.6,2.4,0.8,2.4,44.325,4.80921052631579,63.2,2.131578947368421,0.05921052631578945,1.0,42.1,4.473684210526316,67.6,1.1578947368421053,0.0,0.0
2023-11-25 15:00:00,Luton Town,Crystal Palace,2,1,False,122,1432.9605453975119,1483.753002637847,-50.792457240335125,14.0,0.8,1.6,0.4,0.8,14.0,1.0,1.8,0.8,1.6,44.325,4.80921052631579,63.2,2.131578947368421,0.05921052631578945,1.0,46.3,4.2105263157894735,69.4,2.1578947368421053,0.0789473684210526,0.0
2023-11-25 15:00:00,Newcastle United,Chelsea,4,1,False,123,1533.3622218966764,1519.906077208827,13.456144687849473,13.895833333333334,1.8,1.2,1.6,1.8,12.9375,2.8,2.0,1.6,1.0,52.3,3.3421052631578947,74.0,1.605263157894737,0.0263157894736842,0.0,58.7,4.184210526315789,70.4,2.131578947368421,0.0789473684210526,0.0
2023-11-25 15:00:00,Nottingham Forest,Brighton & Hove Albion,2,3,False,124,1485.9442005803148,1519.963631219084,-34.01943063876911,13.041666666666666,1.2,1.6,1.0,1.6,13.041666666666666,1.2,1.4,0.8,2.2,37.6,4.789473684210527,62.6,2.210526315789474,0.0,0.0,60.2,3.4473684210526314,59.5,1.5263157894736843,0.0,0.0
2023-11-25 15:00:00,Sheffield United,Bournemouth,1,3,False,125,1411.2839617024122,1436.1127969213721,-24.828835218959966,13.041666666666666,1.0,2.4,0.8,1.2,13.895833333333334,1.2,2.4,1.2,3.4,44.325,4.80921052631579,63.2,2.131578947368421,0.05921052631578945,1.0,40.4,5.368421052631579,65.2,1.7894736842105263,0.0,0.0
2023-11-25 17:30:00,Brentford,Arsenal,0,1,False,126,1505.4631557890261,1571.4698779119094,-66.00672212288328,13.145833333333334,1.8,1.4,1.8,2.0,14.0,2.2,0.8,2.0,0.6,43.8,5.184210526315789,76.6,1.5,0.0263157894736842,0.0,59.3,3.5789473684210527,68.4,1.3421052631578947,0.0,0.0
2023-11-26 14:00:00,Tottenham Hotspur,Aston Villa,1,2,False,127,1557.2174722139105,1560.304557029615,-3.0870848157044293,14.0,1.4,1.4,1.8,1.8,14.0,2.2,1.2,2.0,1.4,50.0,4.526315789473684,63.4,2.026315789473684,0.0789473684210526,0.0,49.3,3.973684210526316,69.5,2.1052631578947367,0.0263157894736842,0.0
2023-11-26 16:30:00,Everton,Manchester United,0,3,False,128,1490.5039556884237,1492.7195828229676,-2.2156271345438654,14.0,1.6,1.0,2.0,1.0,14.0,1.2,1.0,2.4,1.2,42.8,4.868421052631579,69.2,2.131578947368421,0.0526315789473684,0.0,53.7,3.736842105263158,69.7,2.0526315789473686,0.0526315789473684,0.0
2023-11-27 20:00:00,Fulham,Wolverhampton Wanderers,3,2,False,129,1453.950354348693,1484.1838960890366,-30.233541740343526,14.0,1.0,1.6,0.8,0.8,14.0,1.6,1.4,1.6,1.4,48.8,5.157894736842105,73.0,2.1052631578947367,0.0263157894736842,0.0,49.9,4.578947368421052,66.7,2.236842105263158,0.1578947368421052,0.0
2023-12-02 15:00:00,Arsenal,Wolverhampton Wanderers,2,1,False,130,1581.4409022010907,1475.1812285901867,106.25967361090397,6.895833333333333,2.2,0.8,2.0,2.8,4.791666666666667,1.8,1.8,1.4,2.0,59.3,3.5789473684210527,68.4,1.3421052631578947,0.0,0.0,49.9,4.578947368421052,66.7,2.236842105263158,0.1578947368421052,0.0
2023-12-02 15:00:00,Brentford,Luton Town,3,1,False,131,1495.4921314998448,1442.5518472289896,52.94028427085527,6.895833333333333,1.6,1.2,1.8,1.8,7.0,1.2,1.6,1.0,1.6,43.8,5.184210526315789,76.6,1.5,0.0263157894736842,0.0,44.325,4.80921052631579,63.2,2.131578947368421,0.05921052631578945,1.0
2023-12-02 15:00:00,Burnley,Sheffield United,5,0,False,132,1371.289366012337,1393.1634336408806,-21.87406762854357,7.0,0.6,2.4,0.0,0.8,7.0,1.0,2.4,0.8,2.6,44.325,4.80921052631579,63.2,2.131578947368421,0.05921052631578945,1.0,44.325,4.80921052631579,63.2,2.131578947368421,0.05921052631578945,1.0
2023-12-02 17:30:00,Nottingham Forest,Everton,0,1,False,133,1475.054863951347,1469.875545757491,5.179318193856034,7.104166666666667,1.6,2.2,0.8,1.6,6.041666666666667,1.0,1.6,1.4,1.4,37.6,4.789473684210527,62.6,2.210526315789474,0.0,0.0,42.8,4.868421052631579,69.2,2.131578947368421,0.0526315789473684,0.0
2023-12-02 20:00:00,Newcastle United,Manchester United,1,0,False,134,1546.9762880647436,1513.3479927539004,33.628295310843214,7.208333333333333,2.2,1.0,2.0,2.4,6.145833333333333,1.4,0.8,2.4,0.8,52.3,3.3421052631578947,74.0,1.605263157894737,0.0263157894736842,0.0,53.7,3.736842105263158,69.7,2.0526315789473686,0.0526315789473684,0.0
2023-12-03 14:00:00,West Ham United,Crystal Palace,1,1,False,135,1505.2900050824621,1474.1617008063693,31.128304276092877,7.958333333333333,1.6,2.2,1.2,1.6,7.958333333333333,1.2,2.2,0.6,1.8,42.1,4.473684210526316,67.6,1.1578947368421053,0.0,0.0,46.3,4.2105263157894735,69.4,2.1578947368421053,0.0789473684210526,0.0
2023-12-03 14:00:00,Liverpool,Fulham,4,3,False,136,1592.4474487036157,1462.953021847543,129.49442685607278,8.0625,2.0,0.4,2.2,2.8,5.75,1.0,1.8,0.8,2.2,60.8,4.131578947368421,70.1,1.5,0.0263157894736842,0.0,48.8,5.157894736842105,73.0,2.1052631578947367,0.0263157894736842,0.0
2023-12-03 14:00:00,Bournemouth,Aston Villa,2,2,False,137,1454.2333249829037,1572.067928010907,-117.83460302800336,7.958333333333333,1.8,2.0,1.8,1.0,7.0,2.4,1.2,2.4,1.4,40.4,5.368421052631579,65.2,1.7894736842105263,0.0,0.0,49.3,3.973684210526316,69.5,2.1052631578947367,0.0263157894736842,0.0
2023-12-03 14:00:00,Chelsea,Brighton & Hove Albion,3,2,False,138,1506.2920110407597,1530.8529678480518,-24.560956807292087,7.958333333333333,2.2,2.6,1.0,1.2,7.958333333333333,1.4,1.4,1.2,2.4,58.7,4.184210526315789,70.4,2.131578947368421,0.0789473684210526,0.0,60.2,3.4473684210526314,59.5,1.5263157894736843,0.0,0.0
2023-12-03 16:30:00,Manchester City,Tottenham Hotspur,3,3,False,139,1591.873890743958,1545.4541012326183,46.419789511339786,8.166666666666666,3.2,1.4,2.2,3.2,7.104166666666667,1.4,1.8,1.2,1.4,64.7,2.421052631578948,64.1,1.1578947368421053,0.0263157894736842,0.0,50.0,4.526315789473684,63.4,2.026315789473684,0.0789473684210526,0.0
2023-12-05 19:30:00,Wolverhampton Wanderers,Burnley,1,0,False,140,1469.7465771236425,1388.819509438653,80.92706768498942,3.1875,1.6,2.0,0.8,1.6,3.1875,1.6,1.8,0.6,2.2,49.9,4.578947368421052,66.7,2.236842105263158,0.1578947368421052,0.0,44.325,4.80921052631579,63.2,2.131578947368421,0.05921052631578945,1.0
2023-12-05 20:15:00,Luton Town,Arsenal,3,4,False,141,1431.615511216537,1586.875553667635,-155.2600424510979,3.21875,1.0,1.8,0.8,1.0,3.21875,2.2,0.6,2.4,0.6,44.325,4.80921052631579,63.2,2.131578947368421,0.05921052631578945,1.0,59.3,3.5789473684210527,68.4,1.3421052631578947,0.0,0.0
2023-12-06 19:30:00,Sheffield United,Liverpool,0,2,False,142,1375.6332902145646,1597.369158740562,-221.73586852599738,4.1875,0.8,3.0,0.8,1.2,3.2291666666666665,2.4,1.0,2.2,1.4,44.325,4.80921052631579,63.2,2.131578947368421,0.05921052631578945,1.0,60.8,4.131578947368421,70.1,1.5,0.0263157894736842,0.0
2023-12-06 19:30:00,Brighton & Hove Albion,Brentford,2,1,False,143,1522.0116693625635,1506.4284675122974,15.58320185026605,3.2291666666666665,1.6,1.6,1.2,2.0,4.1875,1.6,1.4,1.8,1.4,60.2,3.4473684210526314,59.5,1.5263157894736843,0.0,0.0,43.8,5.184210526315789,76.6,1.5,0.0263157894736842,0.0
2023-12-06 19:30:00,Fulham,Nottingham Forest,5,0,False,144,1458.0313118105967,1463.0619712982793,-5.030659487682669,3.2291666666666665,1.6,2.2,0.8,1.4,4.083333333333333,1.2,2.0,0.6,1.6,48.8,5.157894736842105,73.0,2.1052631578947367,0.0263157894736842,0.0,37.6,4.789473684210527,62.6,2.210526315789474,0.0,0.0
2023-12-06 19:30:00,Crystal Palace,Bournemouth,0,2,False,145,1476.8599918711145,1455.7424122705938,21.117579600520685,3.2291666666666665,1.4,1.6,0.8,1.2,3.2291666666666665,2.0,2.0,2.0,3.0,46.3,4.2105263157894735,69.4,2.1578947368421053,0.0789473684210526,0.0,40.4,5.368421052631579,65.2,1.7894736842105263,0.0,0.0
2023-12-06 20:15:00,Aston Villa,Manchester City,1,0,False,146,1570.558840723217,1588.772566376492,-18.213725653275105,3.2604166666666665,2.0,1.4,2.0,3.8,3.15625,3.4,1.8,1.8,1.6,49.3,3.973684210526316,69.5,2.1052631578947367,0.0263157894736842,0.0,64.7,2.421052631578948,64.1,1.1578947368421053,0.0263157894736842,0.0
2023-12-06 20:15:00,Manchester United,Chelsea,2,1,False,147,1506.112869994168,1515.133309526248,-9.02043953207999,4.010416666666667,1.0,0.8,1.8,0.8,3.2604166666666665,2.4,2.6,1.4,1.2,53.7,3.736842105263158,69.7,2.0526315789473686,0.0526315789473684,0.0,58.7,4.184210526315789,70.4,2.131578947368421,0.0789473684210526,0.0
2023-12-07 19:30:00,Everton,Newcastle United,3,0,False,148,1481.8684384105586,1554.211410824476,-72.34297241391732,5.083333333333333,1.2,1.2,2.0,1.0,4.979166666666667,1.6,1.0,2.0,1.8,42.8,4.868421052631579,69.2,2.131578947368421,0.0526315789473684,0.0,52.3,3.3421052631578947,74.0,1.605263157894737,0.0263157894736842,0.0
2023-12-07 20:15:00,Tottenham Hotspur,West Ham United,1,2,False,149,1548.5554256000844,1502.5917140177169,45.96371158236752,4.15625,1.6,2.4,0.8,1.6,4.260416666666667,1.6,1.6,1.4,2.4,50.0,4.526315789473684,63.4,2.026315789473684,0.0789473684210526,0.0,42.1,4.473684210526316,67.6,1.1578947368421053,0.0,0.0
2023-12-09 12:30:00,Crystal Palace,Liverpool,1,2,False,150,1456.6626730938885,1606.7483186240695,-150.08564553018095,2.7083333333333335,1.2,1.6,0.8,0.6,2.7083333333333335,2.2,1.0,2.2,1.2,46.3,4.2105263157894735,69.4,2.1578947368421053,0.0789473684210526,0.0,60.8,4.131578947368421,70.1,1.5,0.0263157894736842,0.0
2023-12-09 15:00:00,Brighton & Hove Albion,Burnley,1,1,False,151,1529.7330125567519,1382.7889137009552,146.9440988557967,2.8125,1.8,1.6,1.6,1.8,3.8125,1.4,1.6,0.6,2.0,60.2,3.4473684210526314,59.5,1.5263157894736843,0.0,0.0,44.325,4.80921052631579,63.2,2.131578947368421,0.05921052631578945,1.0
2023-12-09 15:00:00,Manchester United,Bournemouth,0,3,False,152,1514.5154480667363,1475.9397310478198,38.57571701891652,2.78125,1.4,0.4,2.4,1.0,2.8125,2.0,1.8,2.0,2.6,53.7,3.736842105263158,69.7,2.0526315789473686,0.0526315789473684,0.0,40.4,5.368421052631579,65.2,1.7894736842105263,0.0,0.0
2023-12-09 15:00:00,Sheffield United,Brentford,1,0,False,153,1366.254130331057,1498.707124318109,-132.45299398705197,2.8125,0.8,2.4,0.8,0.8,2.8125,1.4,1.8,1.2,1.6,44.325,4.80921052631579,63.2,2.131578947368421,0.05921052631578945,1.0,43.8,5.184210526315789,76.6,1.5,0.0263157894736842,0.0
2023-12-09 15:00:00,Wolverhampton Wanderers,Nottingham Forest,1,1,False,154,1475.7771728613404,1446.480205123224,29.296967738116336,3.8125,1.4,1.6,1.2,1.6,2.8125,1.2,2.4,0.6,2.6,49.9,4.578947368421052,66.7,2.236842105263158,0.1578947368421052,0.0,37.6,4.789473684210527,62.6,2.210526315789474,0.0,0.0
2023-12-09 17:30:00,Aston Villa,Arsenal,1,0,False,155,1579.2203046415239,1594.3345693327174,-15.114264691193512,2.8854166666666665,1.6,1.2,2.0,3.4,3.8854166666666665,2.0,1.2,2.4,1.2,49.3,3.973684210526316,69.5,2.1052631578947367,0.0263157894736842,0.0,59.3,3.5789473684210527,68.4,1.3421052631578947,0.0,0.0
2023-12-10 14:00:00,Luton Town,Manchester City,1,2,False,156,1424.1564955514546,1580.111102458185,-155.95460690673053,4.739583333333333,1.4,2.0,0.8,1.4,3.7395833333333335,2.8,2.0,1.2,1.6,44.325,4.80921052631579,63.2,2.131578947368421,0.05921052631578945,1.0,64.7,2.421052631578948,64.1,1.1578947368421053,0.0263157894736842,0.0
2023-12-10 14:00:00,Fulham,West Ham United,5,0,False,157,1474.613077985652,1515.6811691625962,-41.068091176944336,3.7708333333333335,2.4,2.0,1.2,2.2,2.7395833333333335,2.0,1.6,2.0,2.4,48.8,5.157894736842105,73.0,2.1052631578947367,0.0263157894736842,0.0,42.1,4.473684210526316,67.6,1.1578947368421053,0.0,0.0
2023-12-10 14:00:00,Everton,Chelsea,2,0,False,158,1499.7382418877478,1506.7307314536797,-6.992489565931919,2.7708333333333335,1.6,1.2,2.0,1.6,3.7395833333333335,2.6,2.6,1.4,1.6,42.8,4.868421052631579,69.2,2.131578947368421,0.0526315789473684,0.0,58.7,4.184210526315789,70.4,2.131578947368421,0.0789473684210526,0.0
2023-12-10 16:30:00,Tottenham Hotspur,Newcastle United,4,1,False,159,1535.465970455205,1536.3416073472868,-0.8756368920817295,2.84375,1.4,2.6,0.2,1.4,2.875,1.2,1.2,1.8,1.8,50.0,4.526315789473684,63.4,2.026315789473684,0.0789473684210526,0.0,52.3,3.3421052631578947,74.0,1.605263157894737,0.0263157894736842,0.0
2023-12-15 20:00:00,Nottingham Forest,Tottenham Hotspur,0,2,False,160,1449.1295546341694,1549.772268763137,-100.64271412896755,6.208333333333333,1.0,2.6,0.2,1.4,5.145833333333333,2.0,2.0,0.8,1.6,37.6,4.789473684210527,62.6,2.210526315789474,0.0,0.0,50.0,4.526315789473684,63.4,2.026315789473684,0.0789473684210526,0.0
2023-12-16 15:00:00,Chelsea,Sheffield United,2,0,False,161,1493.1688843760028,1378.1715531211637,114.99733125483908,6.041666666666667,1.8,2.8,0.8,1.8,7.0,0.6,2.2,0.8,3.2,58.7,4.184210526315789,70.4,2.131578947368421,0.0789473684210526,0.0,44.325,4.80921052631579,63.2,2.131578947368421,0.05921052631578945,1.0
2023-12-16 15:00:00,Manchester City,Crystal Palace,2,2,False,162,1587.5514272209018,1449.0638233642055,138.4876038566963,6.041666666666667,2.0,2.0,1.2,2.8,7.104166666666667,1.0,2.0,0.2,1.4,64.7,2.421052631578948,64.1,1.1578947368421053,0.0263157894736842,0.0,46.3,4.2105263157894735,69.4,2.1578947368421053,0.0789473684210526,0.0
2023-12-16 15:00:00,Newcastle United,Fulham,3,0,False,163,1522.0353090393548,1493.2376212484255,28.79768779092933,5.9375,1.2,2.0,1.2,2.4,6.041666666666667,3.4,1.8,1.8,2.0,52.3,3.3421052631578947,74.0,1.605263157894737,0.0263157894736842,0.0,48.8,5.157894736842105,73.0,2.1052631578947367,0.0263157894736842,0.0
2023-12-16 17:30:00,Burnley,Everton,0,2,False,164,1388.2303547079566,1513.3000889654247,-125.0697342574681,7.104166666666667,1.6,1.4,0.8,1.4,6.145833333333333,1.8,1.0,2.4,1.0,44.325,4.80921052631579,63.2,2.131578947368421,0.05921052631578945,1.0,42.8,4.868421052631579,69.2,2.131578947368421,0.0526315789473684,0.0
2023-12-17 14:00:00,West Ham United,Wolverhampton Wanderers,3,0,False,165,1497.0566258998226,1473.1278233503951,23.928802549427473,7.0,1.6,2.0,2.0,1.6,7.958333333333333,1.4,1.4,1.4,1.8,42.1,4.473684210526316,67.6,1.1578947368421053,0.0,0.0,49.9,4.578947368421052,66.7,2.236842105263158,0.1578947368421052,0.0
2023-12-17 14:00:00,Brentford,Aston Villa,1,2,False,166,1486.7897015280023,1587.7942640635135,-101.00456253551124,7.958333333333333,0.8,1.6,0.6,2.0,7.854166666666667,1.8,0.8,2.6,1.2,43.8,5.184210526315789,76.6,1.5,0.0263157894736842,0.0,49.3,3.973684210526316,69.5,2.1052631578947367,0.0263157894736842,0.0
2023-12-17 14:00:00,Arsenal,Brighton & Hove Albion,2,0,False,167,1585.7606099107277,1524.2915715497504,61.469038360977265,7.854166666666667,2.0,1.2,2.4,2.6,7.958333333333333,1.8,1.6,1.6,2.8,59.3,3.5789473684210527,68.4,1.3421052631578947,0.0,0.0,60.2,3.4473684210526314,59.5,1.5263157894736843,0.0,0.0
2023-12-17 16:30:00,Liverpool,Manchester United,0,0,False,168,1614.3471683537525,1491.9476839435788,122.39948441017373,8.166666666666666,2.4,1.0,2.6,3.0,8.0625,1.2,1.0,1.8,0.4,60.8,4.131578947368421,70.1,1.5,0.0263157894736842,0.0,53.7,3.736842105263158,69.7,2.0526315789473686,0.0526315789473684,0.0
2023-12-21 20:00:00,Crystal Palace,Brighton & Hove Albion,1,1,False,169,1454.3316702662885,1513.7085762233173,-59.37690595702884,5.208333333333333,1.0,1.8,0.4,0.8,4.25,1.6,1.8,1.4,2.0,46.3,4.2105263157894735,69.4,2.1578947368421053,0.0789473684210526,0.0,60.2,3.4473684210526314,59.5,1.5263157894736843,0.0,0.0
2023-12-22 20:00:00,Aston Villa,Sheffield United,1,1,False,170,1596.761663197012,1369.6600001650659,227.10166303194615,5.25,1.6,0.8,2.6,2.4,6.208333333333333,0.4,2.4,0.6,3.2,49.3,3.973684210526316,69.5,2.1052631578947367,0.0263157894736842,0.0,44.325,4.80921052631579,63.2,2.131578947368421,0.05921052631578945,1.0
2023-12-23 12:30:00,West Ham United,Manchester United,2,0,False,171,1510.172688058387,1496.8728619928474,13.299826065539492,5.9375,1.6,1.6,2.0,1.8,5.833333333333333,1.0,1.0,1.4,0.4,42.1,4.473684210526316,67.6,1.1578947368421053,0.0,0.0,53.7,3.736842105263158,69.7,2.0526315789473686,0.0526315789473684,0.0
2023-12-23 15:00:00,Nottingham Forest,Bournemouth,2,3,False,172,1434.5407855973676,1498.5074951709773,-63.966709573609705,7.791666666666667,0.6,2.4,0.2,1.2,14.0,2.4,0.6,2.6,2.0,37.6,4.789473684210527,62.6,2.210526315789474,0.0,0.0,40.4,5.368421052631579,65.2,1.7894736842105263,0.0,0.0
2023-12-23 15:00:00,Tottenham Hotspur,Everton,2,1,False,173,1564.3610377999387,1526.7682158265316,37.592821973407126,7.791666666666667,2.2,1.6,1.4,1.8,6.895833333333333,1.6,0.6,2.4,0.8,50.0,4.526315789473684,63.4,2.026315789473684,0.0789473684210526,0.0,42.8,4.868421052631579,69.2,2.131578947368421,0.0526315789473684,0.0
2023-12-23 15:00:00,Fulham,Burnley,0,2,False,174,1480.3505909161202,1374.7622278468498,105.58836306927037,7.0,3.2,1.8,1.8,3.2,6.895833333333333,1.4,1.2,0.8,2.0,48.8,5.157894736842105,73.0,2.1052631578947367,0.0263157894736842,0.0,44.325,4.80921052631579,63.2,2.131578947368421,0.05921052631578945,1.0
2023-12-23 15:00:00,Luton Town,Newcastle United,1,0,False,175,1416.7161707887378,1534.9223393716602,-118.20616858292237,13.041666666666666,1.4,2.2,0.6,1.4,7.0,1.8,1.6,1.8,2.6,44.325,4.80921052631579,63.2,2.131578947368421,0.05921052631578945,1.0,52.3,3.3421052631578947,74.0,1.605263157894737,0.0263157894736842,0.0
2023-12-23 17:30:00,Liverpool,Arsenal,1,1,False,176,1609.4219903044839,1596.3436052371608,13.078385067323097,6.041666666666667,1.8,1.0,2.2,2.4,6.145833333333333,1.8,1.0,2.4,1.4,60.8,4.131578947368421,70.1,1.5,0.0263157894736842,0.0,59.3,3.5789473684210527,68.4,1.3421052631578947,0.0,0.0
2023-12-24 13:00:00,Wolverhampton Wanderers,Chelsea,2,1,False,177,1460.0117611918308,1501.6804373321006,-41.66867614026978,6.958333333333333,1.0,1.8,0.8,1.4,7.916666666666667,1.4,2.0,1.2,2.0,49.9,4.578947368421052,66.7,2.236842105263158,0.1578947368421052,0.0,58.7,4.184210526315789,70.4,2.131578947368421,0.0789473684210526,0.0
2023-12-26 12:30:00,Newcastle United,Nottingham Forest,1,3,False,178,1523.4028028089838,1424.5110451958951,98.89175761308866,2.8958333333333335,1.0,1.6,1.2,2.6,2.8958333333333335,0.6,2.4,0.2,2.4,52.3,3.3421052631578947,74.0,1.605263157894737,0.0263157894736842,0.0,37.6,4.789473684210527,62.6,2.210526315789474,0.0,0.0
2023-12-26 15:00:00,Bournemouth,Fulham,3,0,False,179,1508.5372355724498,1456.7067753939368,51.83046017851302,3.0,2.6,1.0,2.6,1.4,3.0,2.6,1.8,1.2,2.6,40.4,5.368421052631579,65.2,1.7894736842105263,0.0,0.0,48.8,5.157894736842105,73.0,2.1052631578947367,0.0263157894736842,0.0
2023-12-26 15:00:00,Sheffield United,Luton Town,2,3,False,180,1376.52198805367,1428.2357073514142,-51.71371929774432,3.7916666666666665,0.4,2.0,0.8,1.0,3.0,1.6,2.0,1.2,2.0,44.325,4.80921052631579,63.2,2.131578947368421,0.05921052631578945,1.0,44.325,4.80921052631579,63.2,2.131578947368421,0.05921052631578945,1.0
2023-12-26 17:30:00,Burnley,Liverpool,0,2,False,181,1398.4060433690331,1607.2117958617698,-208.8057524927367,3.1041666666666665,1.6,0.8,1.4,1.4,3.0,1.8,1.0,2.2,1.0,44.325,4.80921052631579,63.2,2.131578947368421,0.05921052631578945,1.0,60.8,4.131578947368421,70.1,1.5,0.0263157894736842,0.0
2023-12-26 20:00:00,Manchester United,Aston Villa,3,2,False,182,1484.2242777089511,1589.899675308408,-105.6753975994568,3.3125,0.4,1.4,0.8,1.0,4.0,1.4,0.8,2.2,1.4,53.7,3.736842105263158,69.7,2.0526315789473686,0.0526315789473684,0.0,49.3,3.973684210526316,69.5,2.1052631578947367,0.0263157894736842,0.0
2023-12-27 19:30:00,Brentford,Wolverhampton Wanderers,1,4,False,183,1477.8223023945038,1469.341239317711,8.481063076792907,10.229166666666666,1.0,1.4,0.6,2.0,3.2708333333333335,1.0,1.4,1.4,2.2,43.8,5.184210526315789,76.6,1.5,0.0263157894736842,0.0,49.9,4.578947368421052,66.7,2.236842105263158,0.1578947368421052,0.0
2023-12-27 19:30:00,Chelsea,Crystal Palace,2,1,False,184,1492.3509592062205,1454.1698387396025,38.18112046661804,3.2708333333333335,1.4,1.6,1.2,2.2,5.979166666666667,1.0,1.6,0.6,1.8,58.7,4.184210526315789,70.4,2.131578947368421,0.0789473684210526,0.0,46.3,4.2105263157894735,69.4,2.1578947368421053,0.0789473684210526,0.0
2023-12-27 20:15:00,Everton,Manchester City,1,3,False,185,1519.6381422742395,1582.2835803188188,-62.64543804457935,4.21875,1.8,0.4,2.4,1.8,11.21875,1.6,1.6,1.2,1.4,42.8,4.868421052631579,69.2,2.131578947368421,0.0526315789473684,0.0,64.7,2.421052631578948,64.1,1.1578947368421053,0.0263157894736842,0.0
2023-12-28 19:30:00,Brighton & Hove Albion,Tottenham Hotspur,4,2,False,186,1513.8704077500033,1571.4911113522307,-57.62070360222742,6.979166666666667,1.2,1.6,1.0,1.4,5.1875,2.4,1.4,2.0,1.2,60.2,3.4473684210526314,59.5,1.5263157894736843,0.0,0.0,50.0,4.526315789473684,63.4,2.026315789473684,0.0789473684210526,0.0
2023-12-28 20:15:00,Arsenal,West Ham United,0,2,False,187,1598.5537996798748,1522.8212723422832,75.73252733759159,5.114583333333333,1.8,1.2,2.0,2.6,5.322916666666667,1.6,1.4,2.0,2.8,59.3,3.5789473684210527,68.4,1.3421052631578947,0.0,0.0,42.1,4.473684210526316,67.6,1.1578947368421053,0.0,0.0
2023-12-30 12:30:00,Luton Town,Chelsea,2,3,False,188,1438.617930950293,1499.465502377794,-60.84757142750118,3.8958333333333335,1.8,2.2,1.2,1.6,2.7083333333333335,1.2,1.4,1.2,2.2,44.325,4.80921052631579,63.2,2.131578947368421,0.05921052631578945,1.0,58.7,4.184210526315789,70.4,2.131578947368421,0.0789473684210526,0.0
2023-12-30 15:00:00,Aston Villa,Burnley,3,2,False,189,1578.7342628312651,1388.5225394252204,190.2117234060447,3.7916666666666665,1.4,1.0,2.0,1.8,3.8958333333333335,0.6,1.2,0.8,1.4,49.3,3.973684210526316,69.5,2.1052631578947367,0.0263157894736842,0.0,44.325,4.80921052631579,63.2,2.131578947368421,0.05921052631578945,1.0
2023-12-30 15:00:00,Crystal Palace,Brentford,3,1,False,190,1447.055295568029,1456.6753462083664,-9.620050640337467,2.8125,1.0,1.8,0.4,1.0,2.8125,1.2,2.0,0.6,1.6,46.3,4.2105263157894735,69.4,2.1578947368421053,0.0789473684210526,0.0,43.8,5.184210526315789,76.6,1.5,0.0263157894736842,0.0
2023-12-30 15:00:00,Manchester City,Sheffield United,2,0,False,191,1598.6437044616198,1366.1397644547912,232.50394000682854,2.78125,2.0,1.6,1.6,2.8,4.0,0.8,1.6,0.8,2.8,64.7,2.421052631578948,64.1,1.1578947368421053,0.0263157894736842,0.0,44.325,4.80921052631579,63.2,2.131578947368421,0.05921052631578945,1.0
2023-12-30 15:00:00,Wolverhampton Wanderers,Everton,3,0,False,192,1490.4881955038484,1503.2780181314386,-12.789822627590183,2.8125,1.6,1.2,2.0,1.6,2.78125,1.8,1.0,1.8,0.8,49.9,4.578947368421052,66.7,2.236842105263158,0.1578947368421052,0.0,42.8,4.868421052631579,69.2,2.131578947368421,0.0526315789473684,0.0
2023-12-30 17:30:00,Nottingham Forest,Manchester United,2,1,False,193,1447.904329101084,1495.389690186094,-47.48536108501003,4.208333333333333,1.2,2.4,0.8,1.2,3.8958333333333335,1.0,1.6,1.4,0.6,37.6,4.789473684210527,62.6,2.210526315789474,0.0,0.0,53.7,3.736842105263158,69.7,2.0526315789473686,0.0526315789473684,0.0
2023-12-31 14:00:00,Tottenham Hotspur,Bournemouth,3,1,False,194,1555.5861984514147,1520.364803794796,35.22139465661871,2.7708333333333335,2.2,1.6,1.8,1.8,4.958333333333333,2.6,0.8,2.6,1.8,50.0,4.526315789473684,63.4,2.026315789473684,0.0789473684210526,0.0,40.4,5.368421052631579,65.2,1.7894736842105263,0.0,0.0
2023-12-31 14:00:00,Fulham,Arsenal,2,1,False,195,1444.8792071715907,1576.0593990166017,-131.180191845011,4.958333333333333,2.0,1.6,1.2,2.6,2.7395833333333335,1.4,1.4,1.4,1.2,48.8,5.157894736842105,73.0,2.1052631578947367,0.0263157894736842,0.0,59.3,3.5789473684210527,68.4,1.3421052631578947,0.0,0.0
2024-01-01 20:00:00,Liverpool,Newcastle United,4,2,False,196,1617.0952998055825,1500.009518903795,117.08578090178753,6.104166666666667,1.4,0.4,2.2,2.2,6.3125,1.0,2.2,0.6,2.4,60.8,4.131578947368421,70.1,1.5,0.0263157894736842,0.0,52.3,3.3421052631578947,74.0,1.605263157894737,0.0263157894736842,0.0
2024-01-02 19:30:00,West Ham United,Brighton & Hove Albion,0,0,False,197,1545.3156730055564,1529.7753206508194,15.540352354737024,4.96875,1.8,1.2,2.4,1.8,5.0,1.6,1.4,1.6,1.8,42.1,4.473684210526316,67.6,1.1578947368421053,0.0,0.0,60.2,3.4473684210526314,59.5,1.5263157894736843,0.0,0.0
2024-01-12 19:45:00,Burnley,Luton Town,1,1,False,198,1384.7810014855083,1428.4984201389898,-43.717418653481445,13.197916666666666,1.0,1.6,0.8,1.2,13.302083333333334,2.0,2.2,1.2,2.2,44.325,4.80921052631579,63.2,2.131578947368421,0.05921052631578945,1.0,44.325,4.80921052631579,63.2,2.131578947368421,0.05921052631578945,1.0
2024-01-13 12:30:00,Chelsea,Fulham,1,0,False,199,1509.5850131890973,1456.7613179846444,52.82369520445286,14.0,1.6,1.4,1.8,2.2,12.9375,1.4,1.8,1.2,2.8,58.7,4.184210526315789,70.4,2.131578947368421,0.0789473684210526,0.0,48.8,5.157894736842105,73.0,2.1052631578947367,0.0263157894736842,0.0
2024-01-13 17:30:00,Newcastle United,Manchester City,2,3,False,200,1491.5732773376822,1603.6106998569533,-112.0374225192711,11.895833333333334,1.4,2.4,0.6,2.0,14.0,1.8,1.0,2.0,1.4,52.3,3.3421052631578947,74.0,1.605263157894737,0.0263157894736842,0.0,64.7,2.421052631578948,64.1,1.1578947368421053,0.0263157894736842,0.0
2024-01-14 14:00:00,Everton,Aston Villa,0,0,False,201,1488.3881771174467,1582.4758007709772,-94.0876236535305,14.0,1.2,1.6,1.2,1.4,14.0,1.8,1.4,2.0,1.8,42.8,4.868421052631579,69.2,2.131578947368421,0.0526315789473684,0.0,49.3,3.973684210526316,69.5,2.1052631578947367,0.0263157894736842,0.0
2024-01-14 16:30:00,Manchester United,Tottenham Hotspur,2,2,False,202,1485.8933754196553,1567.2745453339055,-81.38116991425022,14.0,0.8,1.8,0.8,1.2,14.0,2.6,1.4,2.4,2.0,53.7,3.736842105263158,69.7,2.0526315789473686,0.0526315789473684,0.0,50.0,4.526315789473684,63.4,2.026315789473684,0.0789473684210526,0.0
2024-01-20 12:30:00,Arsenal,Crystal Palace,5,0,False,203,1564.177288203548,1460.7368213828115,103.44046682073645,14.0,0.8,1.2,0.8,2.4,14.0,1.6,1.6,1.0,1.4,59.3,3.5789473684210527,68.4,1.3421052631578947,0.0,0.0,46.3,4.2105263157894735,69.4,2.1578947368421053,0.0789473684210526,0.0
2024-01-20 17:30:00,Brentford,Nottingham Forest,3,2,False,204,1442.9938203935837,1457.4006438675226,-14.406823473938857,14.0,0.8,2.4,0.0,1.6,14.0,1.6,1.6,1.4,2.6,43.8,5.184210526315789,76.6,1.5,0.0263157894736842,0.0,37.6,4.789473684210527,62.6,2.210526315789474,0.0,0.0
2024-01-21 14:00:00,Sheffield United,West Ham United,2,2,False,205,1361.1727690594578,1543.0381855034743,-181.86541644401655,14.0,0.8,1.6,0.8,1.2,14.0,1.4,1.0,2.0,2.0,44.325,4.80921052631579,63.2,2.131578947368421,0.05921052631578945,1.0,42.1,4.473684210526316,67.6,1.1578947368421053,0.0,0.0
2024-01-21 16:30:00,Bournemouth,Liverpool,0,4,False,206,1508.6764569123052,1625.5315413716953,-116.85508445939013,14.0,2.4,1.0,2.4,2.0,14.0,1.8,0.8,2.2,0.6,40.4,5.368421052631579,65.2,1.7894736842105263,0.0,0.0,60.8,4.131578947368421,70.1,1.5,0.0263157894736842,0.0
2024-01-22 19:45:00,Brighton & Hove Albion,Wolverhampton Wanderers,0,0,False,207,1532.0528081529014,1505.3780365178402,26.674771635061234,14.0,1.2,1.2,1.2,1.8,14.0,2.0,1.2,2.0,2.2,60.2,3.4473684210526314,59.5,1.5263157894736843,0.0,0.0,49.9,4.578947368421052,66.7,2.236842105263158,0.1578947368421052,0.0
2024-01-30 19:30:00,Nottingham Forest,Arsenal,1,2,False,208,1448.8466263467271,1575.1755281071169,-126.32890176038973,10.083333333333334,1.8,2.0,1.2,1.2,10.291666666666666,1.8,1.0,1.4,1.4,37.6,4.789473684210527,62.6,2.210526315789474,0.0,0.0,59.3,3.5789473684210527,68.4,1.3421052631578947,0.0,0.0
2024-01-30 19:45:00,Luton Town,Brighton & Hove Albion,4,0,False,209,1429.1102170427082,1529.4737732939059,-100.36355625119768,14.0,1.6,1.6,1.4,1.8,8.0,1.0,1.0,1.2,1.6,44.325,4.80921052631579,63.2,2.131578947368421,0.05921052631578945,1.0,60.2,3.4473684210526314,59.5,1.5263157894736843,0.0,0.0
2024-01-30 19:45:00,Fulham,Everton,0,0,False,210,1450.0282678324122,1489.223435640942,-39.19516780852973,14.0,0.4,2.0,0.6,3.0,14.0,0.8,1.6,0.8,1.4,48.8,5.157894736842105,73.0,2.1052631578947367,0.0263157894736842,0.0,42.8,4.868421052631579,69.2,2.131578947368421,0.0526315789473684,0.0
2024-01-30 20:00:00,Crystal Palace,Sheffield United,3,2,False,211,1449.7385814792426,1364.4150590302202,85.32352244902245,10.3125,1.4,2.2,1.0,1.4,9.25,1.0,2.0,0.4,2.2,46.3,4.2105263157894735,69.4,2.1578947368421053,0.0789473684210526,0.0,44.325,4.80921052631579,63.2,2.131578947368421,0.05921052631578945,1.0
2024-01-30 20:15:00,Aston Villa,Newcastle United,1,3,False,212,1581.640542247482,1482.918911843036,98.72163040444593,14.0,1.6,1.4,1.6,1.8,14.0,1.6,2.2,0.6,2.8,49.3,3.973684210526316,69.5,2.1052631578947367,0.0263157894736842,0.0,52.3,3.3421052631578947,74.0,1.605263157894737,0.0263157894736842,0.0
2024-01-31 19:30:00,Tottenham Hotspur,Brentford,3,2,False,213,1566.8034064269016,1451.5478379143792,115.25556851252236,14.0,2.2,1.6,2.0,2.2,11.083333333333334,1.2,2.4,0.6,1.8,50.0,4.526315789473684,63.4,2.026315789473684,0.0789473684210526,0.0,43.8,5.184210526315789,76.6,1.5,0.0263157894736842,0.0
2024-01-31 19:30:00,Manchester City,Burnley,3,1,False,214,1612.2650653515993,1384.16920458179,228.0958607698094,14.0,2.4,1.2,2.6,2.8,14.0,1.0,1.6,0.8,1.6,64.7,2.421052631578948,64.1,1.1578947368421053,0.0263157894736842,0.0,44.325,4.80921052631579,63.2,2.131578947368421,0.05921052631578945,1.0
2024-01-31 20:15:00,Liverpool,Chelsea,4,1,False,215,1641.5036822387606,1516.3180633413294,125.18561889743114,10.15625,2.2,0.6,2.2,2.4,14.0,1.8,1.0,2.4,2.4,60.8,4.131578947368421,70.1,1.5,0.0263157894736842,0.0,58.7,4.184210526315789,70.4,2.131578947368421,0.0789473684210526,0.0
2024-02-01 19:30:00,West Ham United,Bournemouth,1,1,False,216,1539.795895532712,1492.70431604524,47.09157948747202,11.229166666666666,1.8,0.4,2.2,1.8,11.125,2.0,1.8,1.8,1.2,42.1,4.473684210526316,67.6,1.1578947368421053,0.0,0.0,40.4,5.368421052631579,65.2,1.7894736842105263,0.0,0.0
2024-02-01 20:15:00,Wolverhampton Wanderers,Manchester United,3,4,False,217,1507.9570713768358,1486.3645143266592,21.592557050176538,10.020833333333334,1.8,1.0,2.0,1.8,14.0,1.2,1.6,1.0,1.0,49.9,4.578947368421052,66.7,2.236842105263158,0.1578947368421052,0.0,53.7,3.736842105263158,69.7,2.0526315789473686,0.0526315789473684,0.0
2024-02-03 12:30:00,Everton,Tottenham Hotspur,2,2,False,218,1489.964795710373,1572.0355401028942,-82.07074439252119,3.6979166666666665,0.4,1.6,0.4,1.2,2.7083333333333335,2.4,2.0,2.0,2.2,42.8,4.868421052631579,69.2,2.131578947368421,0.0526315789473684,0.0,50.0,4.526315789473684,63.4,2.026315789473684,0.0789473684210526,0.0
2024-02-03 15:00:00,Brighton & Hove Albion,Crystal Palace,4,1,False,219,1508.8218773803133,1455.6631133648457,53.15876401546757,3.8020833333333335,1.0,1.4,1.2,1.6,3.7916666666666665,1.6,2.2,1.4,2.4,60.2,3.4473684210526314,59.5,1.5263157894736843,0.0,0.0,46.3,4.2105263157894735,69.4,2.1578947368421053,0.0789473684210526,0.0
2024-02-03 15:00:00,Burnley,Fulham,2,2,False,220,1379.0944911542465,1449.2869077629812,-70.19241660873467,2.8125,1.2,1.8,0.8,1.4,3.8020833333333335,0.4,1.4,0.8,2.8,44.325,4.80921052631579,63.2,2.131578947368421,0.05921052631578945,1.0,48.8,5.157894736842105,73.0,2.1052631578947367,0.0263157894736842,0.0
2024-02-03 15:00:00,Newcastle United,Luton Town,4,4,False,221,1506.3057748977087,1449.7621129563008,56.54366194140789,3.78125,1.6,2.4,0.6,2.2,3.8020833333333335,2.2,1.2,2.0,2.0,52.3,3.3421052631578947,74.0,1.605263157894737,0.0263157894736842,0.0,44.325,4.80921052631579,63.2,2.131578947368421,0.05921052631578945,1.0
2024-02-03 17:30:00,Sheffield United,Aston Villa,0,5,False,222,1358.490527144617,1558.2536791928094,-199.7631520481923,3.8958333333333335,1.4,2.2,0.4,1.2,3.8854166666666665,1.4,1.8,1.0,1.4,44.325,4.80921052631579,63.2,2.131578947368421,0.05921052631578945,1.0,49.3,3.973684210526316,69.5,2.1052631578947367,0.0263157894736842,0.0
2024-02-04 14:00:00,Bournemouth,Nottingham Forest,1,1,False,223,1495.8231058415226,1440.5937059369228,55.22939990459986,2.7708333333333335,1.6,2.0,1.4,1.8,4.770833333333333,2.0,2.0,1.2,2.6,40.4,5.368421052631579,65.2,1.7894736842105263,0.0,0.0,37.6,4.789473684210527,62.6,2.210526315789474,0.0,0.0
2024-02-04 14:00:00,Chelsea,Wolverhampton Wanderers,2,4,False,224,1507.5429978708298,1495.5150921288312,12.027905741998666,3.7395833333333335,1.6,1.8,1.8,2.4,2.7395833333333335,2.4,1.2,2.0,1.8,58.7,4.184210526315789,70.4,2.131578947368421,0.0789473684210526,0.0,49.9,4.578947368421052,66.7,2.236842105263158,0.1578947368421052,0.0
2024-02-04 14:00:00,Manchester United,West Ham United,3,0,False,225,1498.8064935746638,1536.6771057364292,-37.87061216176539,2.7395833333333335,2.0,2.2,1.4,1.6,2.7708333333333335,1.4,0.6,1.8,1.8,53.7,3.736842105263158,69.7,2.0526315789473686,0.0526315789473684,0.0,42.1,4.473684210526316,67.6,1.1578947368421053,0.0,0.0
2024-02-04 16:30:00,Arsenal,Liverpool,3,1,False,226,1583.4284485169212,1650.2787477092602,-66.85029919233898,4.875,1.8,1.2,1.4,2.4,3.84375,3.0,0.8,2.6,0.4,59.3,3.5789473684210527,68.4,1.3421052631578947,0.0,0.0,60.8,4.131578947368421,70.1,1.5,0.0263157894736842,0.0
2024-02-05 20:00:00,Brentford,Manchester City,1,3,False,227,1446.3157042383866,1617.3397787791428,-171.02407454075615,5.020833333333333,1.6,2.8,0.6,1.6,5.020833333333333,2.6,1.2,2.6,1.8,43.8,5.184210526315789,76.6,1.5,0.0263157894736842,0.0,64.7,2.421052631578948,64.1,1.1578947368421053,0.0263157894736842,0.0
2024-02-10 12:30:00,Manchester City,Everton,2,0,False,228,1628.7793035056532,1490.455736232688,138.3235672729652,4.6875,2.8,1.0,3.0,2.2,7.0,0.6,1.6,0.6,1.0,64.7,2.421052631578948,64.1,1.1578947368421053,0.0263157894736842,0.0,42.8,4.868421052631579,69.2,2.131578947368421,0.0526315789473684,0.0
2024-02-10 15:00:00,Wolverhampton Wanderers,Brentford,0,2,False,229,1515.3098948395946,1434.8761795118762,80.43371532771835,6.041666666666667,2.8,1.4,2.0,2.0,4.791666666666667,1.6,3.0,0.6,2.4,49.9,4.578947368421052,66.7,2.236842105263158,0.1578947368421052,0.0,43.8,5.184210526315789,76.6,1.5,0.0263157894736842,0.0
2024-02-10 15:00:00,Tottenham Hotspur,Brighton & Hove Albion,2,1,False,230,1571.5445995805792,1520.5896440885151,50.95495549206407,7.104166666666667,2.4,2.2,1.6,2.6,7.0,1.6,1.4,1.6,2.0,50.0,4.526315789473684,63.4,2.026315789473684,0.0789473684210526,0.0,60.2,3.4473684210526314,59.5,1.5263157894736843,0.0,0.0
2024-02-10 15:00:00,Luton Town,Sheffield United,1,3,False,231,1453.1243675856408,1345.8811421789412,107.2432254066996,7.0,2.8,2.0,1.6,2.2,6.895833333333333,1.2,3.0,0.2,2.6,44.325,4.80921052631579,63.2,2.131578947368421,0.05921052631578945,1.0,44.325,4.80921052631579,63.2,2.131578947368421,0.05921052631578945,1.0
2024-02-10 15:00:00,Liverpool,Burnley,3,1,False,232,1633.9422077033548,1379.2439297920887,254.69827791126613,5.9375,3.0,1.2,2.4,2.6,7.0,1.2,2.2,0.4,1.6,60.8,4.131578947368421,70.1,1.5,0.0263157894736842,0.0,44.325,4.80921052631579,63.2,2.131578947368421,0.05921052631578945,1.0
2024-02-10 15:00:00,Fulham,Bournemouth,3,1,False,233,1449.137469125139,1492.4944449736913,-43.35697584855234,7.0,0.8,1.4,1.0,2.4,6.041666666666667,1.2,1.8,1.0,1.2,48.8,5.157894736842105,73.0,2.1052631578947367,0.0263157894736842,0.0,40.4,5.368421052631579,65.2,1.7894736842105263,0.0,0.0
2024-02-10 17:30:00,Nottingham Forest,Newcastle United,2,3,False,234,1443.9223668047541,1502.9435202683687,-59.02115346361461,6.145833333333333,1.8,1.6,1.4,1.0,7.104166666666667,2.4,3.0,0.8,2.6,37.6,4.789473684210527,62.6,2.210526315789474,0.0,0.0,52.3,3.3421052631578947,74.0,1.605263157894737,0.0263157894736842,0.0
2024-02-11 14:00:00,West Ham United,Arsenal,0,6,False,235,1520.5408167130274,1599.7649885228266,-79.22417180979915,7.0,1.0,1.2,1.2,1.4,6.895833333333333,2.2,1.2,1.8,1.6,42.1,4.473684210526316,67.6,1.1578947368421053,0.0,0.0,59.3,3.5789473684210527,68.4,1.3421052631578947,0.0,0.0
2024-02-11 16:30:00,Aston Villa,Manchester United,1,2,False,236,1570.8630641584853,1514.9427825980656,55.92028156041965,7.958333333333333,2.2,1.6,1.4,1.4,7.104166666666667,2.6,1.8,2.0,1.6,49.3,3.973684210526316,69.5,2.1052631578947367,0.0263157894736842,0.0,53.7,3.736842105263158,69.7,2.0526315789473686,0.0526315789473684,0.0
2024-02-12 20:00:00,Crystal Palace,Chelsea,1,3,False,237,1443.8953466566438,1487.7481951600664,-43.85284850342259,9.208333333333334,1.6,2.8,1.2,1.6,8.25,1.8,2.2,1.8,2.4,46.3,4.2105263157894735,69.4,2.1578947368421053,0.0789473684210526,0.0,58.7,4.184210526315789,70.4,2.131578947368421,0.0789473684210526,0.0
2024-02-17 12:30:00,Brentford,Liverpool,1,4,False,238,1457.5570114677932,1638.3951017395743,-180.83809027178108,6.895833333333333,1.8,2.2,1.2,1.8,6.895833333333333,3.2,1.4,2.4,0.8,43.8,5.184210526315789,76.6,1.5,0.0263157894736842,0.0,60.8,4.131578947368421,70.1,1.5,0.0263157894736842,0.0
2024-02-17 15:00:00,Tottenham Hotspur,Wolverhampton Wanderers,1,2,False,239,1578.3257798660663,1492.6290628836775,85.6967169823888,7.0,2.4,1.6,2.2,2.8,7.0,2.0,1.6,1.4,1.6,50.0,4.526315789473684,63.4,2.026315789473684,0.0789473684210526,0.0,49.9,4.578947368421052,66.7,2.236842105263158,0.1578947368421052,0.0
2024-02-17 15:00:00,Nottingham Forest,West Ham United,2,0,False,240,1433.7502987530554,1500.160315693182,-66.41001694012652,6.895833333333333,1.6,2.0,0.8,1.4,6.041666666666667,0.6,2.4,0.6,2.2,37.6,4.789473684210527,62.6,2.210526315789474,0.0,0.0,42.1,4.473684210526316,67.6,1.1578947368421053,0.0,0.0
2024-02-17 15:00:00,Newcastle United,Bournemouth,2,2,False,241,1513.1155883200674,1477.2554091342263,35.86017918584116,6.895833333333333,2.8,2.8,1.4,2.2,7.0,0.8,2.4,0.4,1.8,52.3,3.3421052631578947,74.0,1.605263157894737,0.0263157894736842,0.0,40.4,5.368421052631579,65.2,1.7894736842105263,0.0,0.0
2024-02-17 15:00:00,Fulham,Aston Villa,1,2,False,242,1464.376504964604,1557.51673311126,-93.140228146656,7.0,1.4,1.0,1.6,2.0,5.9375,2.0,1.4,1.4,1.2,48.8,5.157894736842105,73.0,2.1052631578947367,0.0263157894736842,0.0,49.3,3.973684210526316,69.5,2.1052631578947367,0.0263157894736842,0.0
2024-02-17 15:00:00,Burnley,Arsenal,0,5,False,243,1374.7910357558692,1620.145489542672,-245.35445378680288,7.0,1.4,2.4,0.4,1.6,6.041666666666667,3.4,0.8,2.4,1.0,44.325,4.80921052631579,63.2,2.131578947368421,0.05921052631578945,1.0,59.3,3.5789473684210527,68.4,1.3421052631578947,0.0,0.0
2024-02-17 17:30:00,Manchester City,Chelsea,1,1,False,244,1636.4745968149762,1504.9860544624653,131.48854235251088,7.208333333333333,2.6,0.8,3.0,2.4,4.895833333333333,2.0,2.2,1.8,2.2,64.7,2.421052631578948,64.1,1.1578947368421053,0.0263157894736842,0.0,58.7,4.184210526315789,70.4,2.131578947368421,0.0789473684210526,0.0
2024-02-18 14:00:00,Sheffield United,Brighton & Hove Albion,0,5,False,245,1369.5862004893982,1513.808463803028,-144.2222633136298,7.958333333333333,1.4,2.6,0.8,1.0,7.958333333333333,1.0,1.4,1.0,1.8,44.325,4.80921052631579,63.2,2.131578947368421,0.05921052631578945,1.0,60.2,3.4473684210526314,59.5,1.5263157894736843,0.0,0.0
2024-02-18 16:30:00,Luton Town,Manchester United,1,2,False,246,1429.4193092751839,1528.2891136452909,-98.86980437010698,8.0625,2.4,2.2,1.0,1.8,7.0,2.4,1.6,2.0,1.6,44.325,4.80921052631579,63.2,2.131578947368421,0.05921052631578945,1.0,53.7,3.736842105263158,69.7,2.0526315789473686,0.0526315789473684,0.0
2024-02-19 20:00:00,Everton,Crystal Palace,1,1,False,247,1482.760442923365,1426.657487354245,56.10295556912001,9.3125,0.4,1.4,0.6,1.6,7.0,1.6,3.0,1.2,2.8,42.8,4.868421052631579,69.2,2.131578947368421,0.0526315789473684,0.0,46.3,4.2105263157894735,69.4,2.1578947368421053,0.0789473684210526,0.0
2024-02-20 19:30:00,Manchester City,Brentford,1,0,False,248,1631.353837525435,1445.6846688841597,185.6691686412753,3.0833333333333335,2.4,1.0,2.6,2.0,3.2916666666666665,1.8,2.4,1.2,1.8,64.7,2.421052631578948,64.1,1.1578947368421053,0.0263157894736842,0.0,43.8,5.184210526315789,76.6,1.5,0.0263157894736842,0.0
2024-02-21 19:30:00,Liverpool,Luton Town,4,1,False,249,1650.2674443232079,1420.3910841840557,229.8763601391522,4.291666666666667,3.2,1.2,2.4,2.4,3.125,2.2,2.0,1.0,2.2,60.8,4.131578947368421,70.1,1.5,0.0263157894736842,0.0,44.325,4.80921052631579,63.2,2.131578947368421,0.05921052631578945,1.0
2024-02-24 15:00:00,Manchester United,Fulham,1,2,False,250,1537.317338736419,1455.184679390599,82.13265934582,5.9375,2.6,1.4,2.6,2.0,7.0,1.2,1.2,1.0,2.6,53.7,3.736842105263158,69.7,2.0526315789473686,0.0526315789473684,0.0,48.8,5.157894736842105,73.0,2.1052631578947367,0.0263157894736842,0.0
2024-02-24 15:00:00,Crystal Palace,Burnley,3,0,False,251,1430.0084865976505,1364.3311660974275,65.677320500223,4.791666666666667,1.2,3.0,0.8,1.8,7.0,1.0,2.8,0.4,2.0,46.3,4.2105263157894735,69.4,2.1578947368421053,0.0789473684210526,0.0,44.325,4.80921052631579,63.2,2.131578947368421,0.05921052631578945,1.0
2024-02-24 15:00:00,Brighton & Hove Albion,Everton,1,1,False,252,1529.3254903554418,1479.4094436799594,49.91604667548245,6.041666666666667,2.0,1.4,1.4,2.2,4.791666666666667,0.6,1.0,0.8,1.4,60.2,3.4473684210526314,59.5,1.5263157894736843,0.0,0.0,42.8,4.868421052631579,69.2,2.131578947368421,0.0526315789473684,0.0
2024-02-24 15:00:00,Aston Villa,Nottingham Forest,4,2,False,253,1566.708558685265,1450.0662466594865,116.64231202577844,7.0,1.8,1.2,1.4,1.4,7.0,1.6,1.8,0.8,2.2,49.3,3.973684210526316,69.5,2.1052631578947367,0.0263157894736842,0.0,37.6,4.789473684210527,62.6,2.210526315789474,0.0,0.0
2024-02-24 17:30:00,Bournemouth,Manchester City,0,1,False,254,1480.0795083926869,1635.1755615176419,-155.096053124955,7.104166666666667,1.0,2.2,0.6,1.6,3.9166666666666665,2.0,0.6,2.6,1.2,40.4,5.368421052631579,65.2,1.7894736842105263,0.0,0.0,64.7,2.421052631578948,64.1,1.1578947368421053,0.0263157894736842,0.0
2024-02-24 20:00:00,Arsenal,Newcastle United,4,1,False,255,1630.6053592011137,1510.2914890616069,120.31387013950689,7.208333333333333,4.2,0.4,3.0,2.4,7.208333333333333,2.8,2.4,1.6,2.4,59.3,3.5789473684210527,68.4,1.3421052631578947,0.0,0.0,52.3,3.3421052631578947,74.0,1.605263157894737,0.0263157894736842,0.0
2024-02-25 13:30:00,Wolverhampton Wanderers,Sheffield United,1,0,False,256,1506.7134843905114,1354.0691739369843,152.64431045352717,7.9375,1.8,1.8,1.4,1.8,6.979166666666667,1.4,3.2,0.8,1.8,49.9,4.578947368421052,66.7,2.236842105263158,0.1578947368421052,0.0,44.325,4.80921052631579,63.2,2.131578947368421,0.05921052631578945,1.0
2024-02-26 20:00:00,West Ham United,Brentford,4,2,False,257,1483.8443677867508,1441.8629448919528,41.981422894798015,9.208333333333334,0.6,2.8,0.4,1.2,6.020833333333333,1.2,2.2,0.6,1.6,42.1,4.473684210526316,67.6,1.1578947368421053,0.0,0.0,43.8,5.184210526315789,76.6,1.5,0.0263157894736842,0.0
2024-03-02 15:00:00,Tottenham Hotspur,Crystal Palace,3,1,False,258,1564.2413583592324,1441.2201626841284,123.02119567510408,14.0,2.0,1.8,1.6,2.2,7.0,1.8,2.0,1.4,2.8,50.0,4.526315789473684,63.4,2.026315789473684,0.0789473684210526,0.0,46.3,4.2105263157894735,69.4,2.1578947368421053,0.0789473684210526,0.0
2024-03-02 15:00:00,Nottingham Forest,Liverpool,0,1,False,259,1441.6140494491385,1655.6854193512422,-214.0713699021037,7.0,1.6,2.0,0.8,1.8,9.8125,3.2,1.4,2.4,1.0,37.6,4.789473684210527,62.6,2.210526315789474,0.0,0.0,60.8,4.131578947368421,70.1,1.5,0.0263157894736842,0.0
2024-03-02 15:00:00,Newcastle United,Wolverhampton Wanderers,3,0,False,260,1501.3307477350536,1511.1575887183387,-9.826840983285138,6.791666666666667,2.6,2.6,1.6,2.4,6.0625,2.0,1.8,1.8,1.4,52.3,3.3421052631578947,74.0,1.605263157894737,0.0263157894736842,0.0,49.9,4.578947368421052,66.7,2.236842105263158,0.1578947368421052,0.0
2024-03-02 15:00:00,Everton,West Ham United,1,3,False,261,1482.6014335585357,1495.2430734275713,-12.641639869035544,7.0,0.8,1.2,0.8,1.2,4.791666666666667,1.0,2.8,0.8,2.4,42.8,4.868421052631579,69.2,2.131578947368421,0.0526315789473684,0.0,42.1,4.473684210526316,67.6,1.1578947368421053,0.0,0.0
2024-03-02 15:00:00,Fulham,Brighton & Hove Albion,3,0,False,262,1469.1832756982396,1526.1335004768655,-56.95022477862585,7.0,1.6,1.2,1.6,1.2,7.0,2.2,1.6,1.4,1.4,48.8,5.157894736842105,73.0,2.1052631578947367,0.0263157894736842,0.0,60.2,3.4473684210526314,59.5,1.5263157894736843,0.0,0.0
2024-03-02 15:00:00,Brentford,Chelsea,2,2,False,263,1430.4642392511323,1510.1068137520065,-79.64257450087416,4.791666666666667,1.2,2.4,0.6,1.4,13.895833333333334,1.6,2.0,1.4,2.0,43.8,5.184210526315789,76.6,1.5,0.0263157894736842,0.0,58.7,4.184210526315789,70.4,2.131578947368421,0.0789473684210526,0.0
2024-03-02 17:30:00,Luton Town,Aston Villa,2,3,False,264,1414.9731091560213,1575.160755895613,-160.18764673959163,9.916666666666666,2.2,2.6,0.8,1.8,7.104166666666667,2.6,1.6,1.8,1.0,44.325,4.80921052631579,63.2,2.131578947368421,0.05921052631578945,1.0,49.3,3.973684210526316,69.5,2.1052631578947367,0.0263157894736842,0.0
2024-03-03 13:00:00,Burnley,Bournemouth,0,2,False,265,1353.1194900109497,1472.6160769571914,-119.49658694624168,7.916666666666667,0.8,3.2,0.2,0.6,7.8125,1.0,1.6,0.6,2.2,44.325,4.80921052631579,63.2,2.131578947368421,0.05921052631578945,1.0,40.4,5.368421052631579,65.2,1.7894736842105263,0.0,0.0
2024-03-03 15:30:00,Manchester City,Manchester United,3,1,False,266,1642.6389929531374,1523.3187424287785,119.32025052435893,7.916666666666667,1.6,0.4,2.6,1.8,8.020833333333334,2.4,1.4,2.4,1.8,64.7,2.421052631578948,64.1,1.1578947368421053,0.0263157894736842,0.0,53.7,3.736842105263158,69.7,2.0526315789473686,0.0526315789473684,0.0
2024-03-04 20:00:00,Sheffield United,Arsenal,0,6,False,267,1349.625069609157,1639.566100527667,-289.94103091851,8.270833333333334,1.0,3.0,0.6,1.0,9.0,4.0,0.6,3.0,0.8,44.325,4.80921052631579,63.2,2.131578947368421,0.05921052631578945,1.0,59.3,3.5789473684210527,68.4,1.3421052631578947,0.0,0.0
2024-03-09 12:30:00,Manchester United,Everton,2,0,False,268,1514.9625971367404,1463.9209384195967,51.04165871714372,5.875,1.8,1.4,1.8,1.8,6.895833333333333,1.0,1.8,0.6,1.6,53.7,3.736842105263158,69.7,2.0526315789473686,0.0526315789473684,0.0,42.8,4.868421052631579,69.2,2.131578947368421,0.0526315789473684,0.0
2024-03-09 15:00:00,Wolverhampton Wanderers,Fulham,2,1,False,269,1496.413481271904,1486.2778887121242,10.135592559779752,7.0,1.4,1.6,1.8,1.8,7.0,2.2,1.2,2.0,2.0,49.9,4.578947368421052,66.7,2.236842105263158,0.1578947368421052,0.0,48.8,5.157894736842105,73.0,2.1052631578947367,0.0263157894736842,0.0
2024-03-09 15:00:00,Crystal Palace,Luton Town,1,1,False,270,1432.9955822022553,1407.6462788484257,25.349303353829555,7.0,1.4,2.2,0.8,2.2,6.895833333333333,1.8,3.2,0.2,2.8,46.3,4.2105263157894735,69.4,2.1578947368421053,0.0789473684210526,0.0,44.325,4.80921052631579,63.2,2.131578947368421,0.05921052631578945,1.0
2024-03-09 15:00:00,Bournemouth,Sheffield United,2,2,False,271,1486.3379026585412,1340.486271038446,145.8516316200953,6.083333333333333,1.2,1.4,1.0,1.2,4.791666666666667,0.6,3.6,0.6,1.6,40.4,5.368421052631579,65.2,1.7894736842105263,0.0,0.0,44.325,4.80921052631579,63.2,2.131578947368421,0.05921052631578945,1.0
2024-03-09 17:30:00,Arsenal,Brentford,2,1,False,272,1648.704899098378,1430.8854370787747,217.8194620196034,4.895833333333333,4.8,0.4,3.0,2.8,7.104166666666667,1.4,2.2,0.8,2.2,59.3,3.5789473684210527,68.4,1.3421052631578947,0.0,0.0,43.8,5.184210526315789,76.6,1.5,0.0263157894736842,0.0
2024-03-10 13:00:00,Aston Villa,Tottenham Hotspur,0,4,False,273,1582.4875862032086,1572.4659388411055,10.021647362103067,7.8125,3.0,1.4,2.4,2.0,7.916666666666667,2.2,1.6,2.0,2.2,49.3,3.973684210526316,69.5,2.1052631578947367,0.0263157894736842,0.0,50.0,4.526315789473684,63.4,2.026315789473684,0.0789473684210526,0.0
2024-03-10 14:00:00,Brighton & Hove Albion,Nottingham Forest,1,0,False,274,1509.038887462981,1435.6594196558567,73.37946780712423,7.958333333333333,2.2,1.4,1.4,2.0,7.958333333333333,1.4,1.8,0.8,2.0,60.2,3.4473684210526314,59.5,1.5263157894736843,0.0,0.0,37.6,4.789473684210527,62.6,2.210526315789474,0.0,0.0
2024-03-10 14:00:00,West Ham United,Burnley,2,2,False,275,1513.9235685665103,1339.3976643095998,174.5259042569105,7.958333333333333,1.4,2.8,1.2,1.4,7.041666666666667,0.6,3.0,0.2,2.4,42.1,4.473684210526316,67.6,1.1578947368421053,0.0,0.0,44.325,4.80921052631579,63.2,2.131578947368421,0.05921052631578945,1.0
2024-03-10 15:45:00,Liverpool,Manchester City,1,1,False,276,1661.640049144524,1650.9951382451754,10.644910899348588,8.03125,2.6,1.2,2.4,3.2,7.010416666666667,1.6,0.4,2.6,1.0,60.8,4.131578947368421,70.1,1.5,0.0263157894736842,0.0,64.7,2.421052631578948,64.1,1.1578947368421053,0.0263157894736842,0.0
2024-03-11 20:00:00,Chelsea,Newcastle United,3,2,False,277,1509.6856159243641,1516.0748551814884,-6.389239257124245,9.208333333333334,1.8,2.4,1.0,2.0,9.208333333333334,2.6,2.4,1.6,2.4,58.7,4.184210526315789,70.4,2.131578947368421,0.0789473684210526,0.0,52.3,3.3421052631578947,74.0,1.605263157894737,0.0263157894736842,0.0
2024-03-13 19:30:00,Bournemouth,Luton Town,4,3,False,278,1480.9186329845868,1410.1896662828876,70.72896670169916,4.1875,1.4,1.6,1.0,1.2,4.1875,1.2,2.6,0.2,2.4,40.4,5.368421052631579,65.2,1.7894736842105263,0.0,0.0,44.325,4.80921052631579,63.2,2.131578947368421,0.05921052631578945,1.0
2024-03-16 15:00:00,Luton Town,Nottingham Forest,1,1,False,279,1403.9089515362286,1429.444252290299,-25.53530075407025,2.8125,1.6,2.8,0.2,2.0,6.041666666666667,1.2,1.8,0.6,2.0,44.325,4.80921052631579,63.2,2.131578947368421,0.05921052631578945,1.0,37.6,4.789473684210527,62.6,2.210526315789474,0.0,0.0
2024-03-16 15:00:00,Burnley,Brentford,2,1,False,280,1345.3736989539927,1427.603455466609,-82.22975651261618,6.041666666666667,0.6,3.0,0.2,0.6,6.895833333333333,1.2,2.6,0.2,2.0,44.325,4.80921052631579,63.2,2.131578947368421,0.05921052631578945,1.0,43.8,5.184210526315789,76.6,1.5,0.0263157894736842,0.0
2024-03-16 17:30:00,Fulham,Tottenham Hotspur,3,0,False,281,1478.4073711907886,1595.2028476670812,-116.7954764762926,7.104166666666667,2.0,1.2,1.8,1.8,6.1875,2.4,1.2,2.0,1.6,48.8,5.157894736842105,73.0,2.1052631578947367,0.0263157894736842,0.0,50.0,4.526315789473684,63.4,2.026315789473684,0.0789473684210526,0.0
2024-03-17 14:00:00,West Ham United,Aston Villa,1,1,False,282,1507.9475339221174,1559.750677377233,-51.80314345511556,7.0,1.8,2.6,1.4,1.4,7.041666666666667,2.0,2.2,1.8,1.2,42.1,4.473684210526316,67.6,1.1578947368421053,0.0,0.0,49.3,3.973684210526316,69.5,2.1052631578947367,0.0263157894736842,0.0
2024-03-30 12:30:00,Newcastle United,West Ham United,4,3,False,283,1507.7459860639658,1507.5678804223726,0.17810564159321984,14.0,2.2,2.2,1.4,2.4,12.9375,2.0,1.6,1.6,1.6,52.3,3.3421052631578947,74.0,1.605263157894737,0.0263157894736842,0.0,42.1,4.473684210526316,67.6,1.1578947368421053,0.0,0.0
2024-03-30 15:00:00,Bournemouth,Everton,2,1,False,284,1487.1993477312458,1452.9051552295434,34.294192501702355,14.0,2.0,1.6,1.6,1.4,14.0,0.6,1.8,0.4,1.6,40.4,5.368421052631579,65.2,1.7894736842105263,0.0,0.0,42.8,4.868421052631579,69.2,2.131578947368421,0.0526315789473684,0.0
2024-03-30 15:00:00,Chelsea,Burnley,2,2,False,285,1518.0144850418867,1355.869205079151,162.14527996273569,14.0,2.2,2.0,1.6,2.0,14.0,0.8,2.6,0.8,2.8,58.7,4.184210526315789,70.4,2.131578947368421,0.0789473684210526,0.0,44.325,4.80921052631579,63.2,2.131578947368421,0.05921052631578945,1.0
2024-03-30 15:00:00,Nottingham Forest,Crystal Palace,1,1,False,286,1430.575277525022,1430.4521947677933,0.12308275722875806,14.0,1.0,1.4,0.8,1.4,14.0,1.4,1.6,1.0,3.0,37.6,4.789473684210527,62.6,2.210526315789474,0.0,0.0,46.3,4.2105263157894735,69.4,2.1578947368421053,0.0789473684210526,0.0
2024-03-30 15:00:00,Sheffield United,Fulham,3,3,False,287,1345.9055407124004,1498.497103142932,-152.59156243053167,14.0,1.0,3.0,0.8,0.8,13.895833333333334,2.0,1.0,1.8,1.8,44.325,4.80921052631579,63.2,2.131578947368421,0.05921052631578945,1.0,48.8,5.157894736842105,73.0,2.1052631578947367,0.0263157894736842,0.0
2024-03-30 15:00:00,Tottenham Hotspur,Luton Town,2,1,False,288,1575.1131157149377,1402.7779263015054,172.33518941343232,13.895833333333334,2.0,1.4,1.8,2.4,14.0,1.6,2.6,0.4,2.8,50.0,4.526315789473684,63.4,2.026315789473684,0.0789473684210526,0.0,44.325,4.80921052631579,63.2,2.131578947368421,0.05921052631578945,1.0
2024-03-30 17:30:00,Aston Villa,Wolverhampton Wanderers,2,0,False,289,1560.1303308769777,1504.2839987932396,55.84633208373816,13.145833333333334,2.0,2.0,2.0,1.8,14.0,1.0,1.4,1.8,1.4,49.3,3.973684210526316,69.5,2.1052631578947367,0.0263157894736842,0.0,49.9,4.578947368421052,66.7,2.236842105263158,0.1578947368421052,0.0
2024-03-30 20:00:00,Brentford,Manchester United,1,1,False,290,1417.1079493414506,1525.9783803267937,-108.87043098534309,14.0,1.2,2.2,0.2,1.6,14.0,1.6,1.4,1.8,2.0,43.8,5.184210526315789,76.6,1.5,0.0263157894736842,0.0,53.7,3.736842105263158,69.7,2.0526315789473686,0.0526315789473684,0.0
2024-03-31 13:00:00,Liverpool,Brighton & Hove Albion,2,1,False,291,1659.4965764403514,1515.2540548285388,144.24252161181266,14.0,2.6,0.8,2.6,3.2,14.0,1.6,1.2,1.4,1.8,60.8,4.131578947368421,70.1,1.5,0.0263157894736842,0.0,60.2,3.4473684210526314,59.5,1.5263157894736843,0.0,0.0
2024-03-31 15:30:00,Manchester City,Arsenal,0,0,False,292,1653.138610949348,1651.9868807105438,1.151730238804248,14.0,1.4,0.6,2.2,2.0,14.0,4.6,0.4,3.0,0.6,64.7,2.421052631578948,64.1,1.1578947368421053,0.0263157894736842,0.0,59.3,3.5789473684210527,68.4,1.3421052631578947,0.0,0.0
2024-04-02 18:30:00,Nottingham Forest,Fulham,3,1,False,293,1428.7225316882898,1496.0281039133383,-67.30557222504854,3.1458333333333335,0.8,1.6,0.4,1.2,3.1458333333333335,2.4,1.2,2.0,1.8,37.6,4.789473684210527,62.6,2.210526315789474,0.0,0.0,48.8,5.157894736842105,73.0,2.1052631578947367,0.0263157894736842,0.0
2024-04-02 18:30:00,Newcastle United,Everton,1,1,False,294,1515.8917109488673,1445.6877239764724,70.20398697239489,3.25,2.4,2.4,1.4,3.0,3.1458333333333335,0.8,1.8,0.4,1.4,52.3,3.3421052631578947,74.0,1.605263157894737,0.0263157894736842,0.0,42.8,4.868421052631579,69.2,2.131578947368421,0.0526315789473684,0.0
2024-04-02 18:45:00,Bournemouth,Crystal Palace,1,0,False,295,1494.4167789843168,1432.3049406045257,62.11183837979115,3.15625,2.0,1.4,2.0,1.8,3.15625,1.4,1.2,1.2,2.8,40.4,5.368421052631579,65.2,1.7894736842105263,0.0,0.0,46.3,4.2105263157894735,69.4,2.1578947368421053,0.0789473684210526,0.0
2024-04-02 18:45:00,Burnley,Wolverhampton Wanderers,1,1,False,296,1361.6112741382199,1493.468715120069,-131.8574409818491,3.15625,1.2,2.0,1.0,1.0,3.0520833333333335,1.0,1.4,1.8,1.6,44.325,4.80921052631579,63.2,2.131578947368421,0.05921052631578945,1.0,49.9,4.578947368421052,66.7,2.236842105263158,0.1578947368421052,0.0
2024-04-02 19:15:00,West Ham United,Tottenham Hotspur,1,1,False,297,1499.422155537471,1579.1777692788683,-79.75561374139716,3.28125,2.6,2.0,1.6,1.6,3.1770833333333335,2.0,1.4,1.8,2.2,42.1,4.473684210526316,67.6,1.1578947368421053,0.0,0.0,50.0,4.526315789473684,63.4,2.026315789473684,0.0789473684210526,0.0
2024-04-03 18:30:00,Arsenal,Luton Town,2,0,False,298,1653.8682013390742,1398.713272737575,255.15492860149925,3.125,3.4,0.4,2.6,2.8,4.145833333333333,1.6,2.2,0.4,3.0,59.3,3.5789473684210527,68.4,1.3421052631578947,0.0,0.0,44.325,4.80921052631579,63.2,2.131578947368421,0.05921052631578945,1.0
2024-04-03 18:30:00,Brentford,Brighton & Hove Albion,0,0,False,299,1418.3639736128525,1510.640530211256,-92.27655659840343,3.9375,1.4,2.2,0.4,1.6,3.2291666666666665,1.6,1.2,1.4,2.2,43.8,5.184210526315789,76.6,1.5,0.0263157894736842,0.0,60.2,3.4473684210526314,59.5,1.5263157894736843,0.0,0.0
2024-04-03 19:15:00,Manchester City,Aston Villa,4,1,False,300,1651.2572903208177,1570.9456145501483,80.31167577066935,3.15625,1.2,0.4,2.2,1.4,4.072916666666667,2.0,1.8,2.0,0.8,64.7,2.421052631578948,64.1,1.1578947368421053,0.0263157894736842,0.0,49.3,3.973684210526316,69.5,2.1052631578947367,0.0263157894736842,0.0
2024-04-04 18:30:00,Liverpool,Sheffield United,3,1,False,301,1664.1101010576342,1348.374539941994,315.73556111564017,4.229166666666667,2.4,0.8,2.6,2.8,5.145833333333333,1.0,3.4,0.4,1.8,60.8,4.131578947368421,70.1,1.5,0.0263157894736842,0.0,44.325,4.80921052631579,63.2,2.131578947368421,0.05921052631578945,1.0
2024-04-04 19:15:00,Chelsea,Manchester United,4,3,False,302,1512.2724159828178,1524.7223560553919,-12.449940072574009,5.177083333333333,2.2,1.6,1.8,2.0,4.96875,1.4,1.4,1.4,1.8,58.7,4.184210526315789,70.4,2.131578947368421,0.0789473684210526,0.0,53.7,3.736842105263158,69.7,2.0526315789473686,0.0526315789473684,0.0
2024-04-06 11:30:00,Crystal Palace,Manchester City,2,4,False,303,1425.808568769622,1661.8369640184417,-236.0283952488196,3.6979166666666665,1.2,1.2,1.0,2.2,2.6770833333333335,1.8,0.6,2.2,1.0,46.3,4.2105263157894735,69.4,2.1578947368421053,0.0789473684210526,0.0,64.7,2.421052631578948,64.1,1.1578947368421053,0.0263157894736842,0.0
2024-04-06 14:00:00,Wolverhampton Wanderers,West Ham United,1,2,False,304,1491.567808930675,1499.8466010793584,-8.278792148683351,3.8020833333333335,0.8,1.4,1.4,1.8,3.78125,2.0,1.8,1.2,2.4,49.9,4.578947368421052,66.7,2.236842105263158,0.1578947368421052,0.0,42.1,4.473684210526316,67.6,1.1578947368421053,0.0,0.0
2024-04-06 14:00:00,Luton Town,Bournemouth,2,1,False,305,1394.270470589347,1500.9131508192204,-106.64268022987335,2.8125,1.2,2.0,0.4,1.8,3.8020833333333335,2.2,1.2,2.6,1.8,44.325,4.80921052631579,63.2,2.131578947368421,0.05921052631578945,1.0,40.4,5.368421052631579,65.2,1.7894736842105263,0.0,0.0
2024-04-06 14:00:00,Fulham,Newcastle United,0,1,False,306,1479.6702709788829,1512.18545294105,-32.51518196216716,3.8125,2.2,1.6,1.4,2.0,3.8125,2.2,2.2,1.4,2.8,48.8,5.157894736842105,73.0,2.1052631578947367,0.0263157894736842,0.0,52.3,3.3421052631578947,74.0,1.605263157894737,0.0263157894736842,0.0
2024-04-06 14:00:00,Everton,Burnley,1,0,False,307,1449.3939819842897,1363.5121803276138,85.88180165667586,3.8125,0.8,1.8,0.4,1.0,3.8020833333333335,1.4,1.6,1.2,2.6,42.8,4.868421052631579,69.2,2.131578947368421,0.0526315789473684,0.0,44.325,4.80921052631579,63.2,2.131578947368421,0.05921052631578945,1.0
2024-04-06 14:00:00,Aston Villa,Brentford,3,3,False,308,1560.3659408525243,1419.147447023944,141.21849382858022,2.78125,1.4,2.2,1.4,1.6,2.8125,1.0,1.4,0.6,1.8,49.3,3.973684210526316,69.5,2.1052631578947367,0.0263157894736842,0.0,43.8,5.184210526315789,76.6,1.5,0.0263157894736842,0.0
2024-04-06 16:30:00,Brighton & Hove Albion,Arsenal,0,3,False,309,1509.8570568001644,1658.311003487302,-148.45394668713766,2.9166666666666665,0.6,1.2,1.0,2.0,2.9166666666666665,2.8,0.4,2.6,0.2,60.2,3.4473684210526314,59.5,1.5263157894736843,0.0,0.0,59.3,3.5789473684210527,68.4,1.3421052631578947,0.0,0.0
2024-04-07 14:30:00,Manchester United,Liverpool,2,2,False,310,1516.2234390569945,1667.3763253720288,-151.15288631503427,2.8020833333333335,1.6,2.0,0.8,2.2,2.8333333333333335,2.2,0.8,2.6,0.8,53.7,3.736842105263158,69.7,2.0526315789473686,0.0526315789473684,0.0,60.8,4.131578947368421,70.1,1.5,0.0263157894736842,0.0
2024-04-07 16:30:00,Sheffield United,Chelsea,2,2,False,311,1345.1083156275995,1520.7713329812152,-175.66301735361571,2.9166666666666665,1.2,3.0,0.4,1.0,2.8854166666666665,2.4,2.0,1.8,2.0,44.325,4.80921052631579,63.2,2.131578947368421,0.05921052631578945,1.0,58.7,4.184210526315789,70.4,2.131578947368421,0.0789473684210526,0.0
2024-04-07 17:00:00,Tottenham Hotspur,Nottingham Forest,3,1,False,312,1578.753323736981,1445.0803646227453,133.6729591142357,4.90625,2.0,1.2,2.0,2.2,4.9375,1.0,1.0,1.0,2.0,50.0,4.526315789473684,63.4,2.026315789473684,0.0789473684210526,0.0,37.6,4.789473684210527,62.6,2.210526315789474,0.0,0.0
2024-04-13 11:30:00,Newcastle United,Tottenham Hotspur,4,0,False,313,1523.1177260918282,1586.6069555093948,-63.48922941756655,6.895833333333333,2.2,1.4,2.0,2.8,5.770833333333333,2.0,1.2,2.0,1.6,52.3,3.3421052631578947,74.0,1.605263157894737,0.0263157894736842,0.0,50.0,4.526315789473684,63.4,2.026315789473684,0.0789473684210526,0.0
2024-04-13 14:00:00,Nottingham Forest,Wolverhampton Wanderers,2,2,False,314,1437.2267328503315,1479.9495925043168,-42.722859653985324,5.875,1.2,1.4,1.0,1.6,7.0,0.8,1.8,0.8,1.8,37.6,4.789473684210527,62.6,2.210526315789474,0.0,0.0,49.9,4.578947368421052,66.7,2.236842105263158,0.1578947368421052,0.0
2024-04-13 14:00:00,Manchester City,Luton Town,5,1,False,315,1670.676837872865,1405.463336592472,265.2135012803931,7.104166666666667,2.4,1.0,2.2,1.8,7.0,1.4,2.0,0.8,2.6,64.7,2.421052631578948,64.1,1.1578947368421053,0.0263157894736842,0.0,44.325,4.80921052631579,63.2,2.131578947368421,0.05921052631578945,1.0
2024-04-13 14:00:00,Brentford,Sheffield United,2,0,False,316,1424.4718478904954,1348.1899400707214,76.281907819774,7.0,1.2,1.6,0.6,1.0,5.895833333333333,1.6,3.2,0.6,2.0,43.8,5.184210526315789,76.6,1.5,0.0263157894736842,0.0,44.325,4.80921052631579,63.2,2.131578947368421,0.05921052631578945,1.0
2024-04-13 14:00:00,Burnley,Brighton & Hove Albion,1,1,False,317,1357.6010393293748,1496.481534306334,-138.8804949769592,7.0,1.4,1.4,1.2,1.0,6.895833333333333,0.4,1.6,0.8,1.4,44.325,4.80921052631579,63.2,2.131578947368421,0.05921052631578945,1.0,60.2,3.4473684210526314,59.5,1.5263157894736843,0.0,0.0
2024-04-13 16:30:00,Bournemouth,Manchester United,2,2,False,318,1489.7202848160955,1518.6535145272114,-28.933229711115928,7.104166666666667,2.0,1.6,2.0,1.8,6.083333333333333,1.8,2.0,1.0,2.0,40.4,5.368421052631579,65.2,1.7894736842105263,0.0,0.0,53.7,3.736842105263158,69.7,2.0526315789473686,0.0526315789473684,0.0
2024-04-14 13:00:00,Liverpool,Crystal Palace,0,1,False,319,1664.9462499018118,1416.9686949151987,247.9775549866131,6.9375,1.8,1.0,2.2,2.6,8.0625,1.0,2.0,0.4,2.0,60.8,4.131578947368421,70.1,1.5,0.0263157894736842,0.0,46.3,4.2105263157894735,69.4,2.1578947368421053,0.0789473684210526,0.0
2024-04-14 13:00:00,West Ham United,Fulham,0,2,False,320,1511.4648175057166,1468.7379978281047,42.72681967761196,7.958333333333333,1.8,1.8,1.2,1.6,7.958333333333333,1.6,1.8,0.8,2.2,42.1,4.473684210526316,67.6,1.1578947368421053,0.0,0.0,48.8,5.157894736842105,73.0,2.1052631578947367,0.0263157894736842,0.0
2024-04-14 15:30:00,Arsenal,Aston Villa,0,2,False,321,1671.6865259811325,1555.041539985973,116.64498599515946,7.958333333333333,2.6,0.2,2.6,3.2,8.0625,1.4,2.4,1.0,1.6,59.3,3.5789473684210527,68.4,1.3421052631578947,0.0,0.0,49.3,3.973684210526316,69.5,2.1052631578947367,0.0263157894736842,0.0
2024-04-15 19:00:00,Chelsea,Everton,6,0,False,322,1517.6897085380933,1455.3051229825287,62.38458555556463,8.104166666666666,2.6,2.2,1.8,2.4,9.208333333333334,0.8,1.6,0.8,1.6,58.7,4.184210526315789,70.4,2.131578947368421,0.0789473684210526,0.0,42.8,4.868421052631579,69.2,2.131578947368421,0.0526315789473684,0.0
2024-04-20 14:00:00,Sheffield United,Burnley,1,4,False,323,1338.2062283734829,1359.696008937455,-21.48978056397209,7.0,1.6,2.4,0.6,1.0,7.0,1.2,1.2,1.2,2.2,44.325,4.80921052631579,63.2,2.131578947368421,0.05921052631578945,1.0,44.325,4.80921052631579,63.2,2.131578947368421,0.05921052631578945,1.0
2024-04-20 14:00:00,Luton Town,Brentford,1,5,False,324,1400.5879249757927,1434.455559587734,-33.867634611941185,7.0,1.0,2.2,0.8,1.4,7.0,1.4,1.2,1.2,2.4,44.325,4.80921052631579,63.2,2.131578947368421,0.05921052631578945,1.0,43.8,5.184210526315789,76.6,1.5,0.0263157894736842,0.0
2024-04-20 18:30:00,Wolverhampton Wanderers,Arsenal,0,2,False,325,1480.5899029009024,1647.6386269256448,-167.04872402474234,7.1875,1.2,1.6,1.0,1.4,6.125,1.4,0.6,2.0,0.0,49.9,4.578947368421052,66.7,2.236842105263158,0.1578947368421052,0.0,59.3,3.5789473684210527,68.4,1.3421052631578947,0.0,0.0
2024-04-21 12:30:00,Everton,Nottingham Forest,2,0,False,326,1441.5149629140199,1436.5864224537459,4.928540460274007,5.729166666666667,0.6,2.2,0.8,1.0,7.9375,1.6,1.6,1.2,2.0,42.8,4.868421052631579,69.2,2.131578947368421,0.0526315789473684,0.0,37.6,4.789473684210527,62.6,2.210526315789474,0.0,0.0
2024-04-21 14:00:00,Aston Villa,Bournemouth,3,1,False,327,1579.0894390414608,1488.6859125905792,90.4035264508816,6.9375,1.8,1.6,1.6,2.0,7.895833333333333,2.0,1.6,2.0,1.6,49.3,3.973684210526316,69.5,2.1052631578947367,0.0263157894736842,0.0,40.4,5.368421052631579,65.2,1.7894736842105263,0.0,0.0
2024-04-21 14:00:00,Crystal Palace,West Ham United,5,2,False,328,1434.1356728253782,1490.3317876174303,-56.196114792052185,7.041666666666667,1.0,1.4,1.0,2.0,7.041666666666667,1.4,1.8,1.0,2.2,46.3,4.2105263157894735,69.4,2.1578947368421053,0.0789473684210526,0.0,42.1,4.473684210526316,67.6,1.1578947368421053,0.0,0.0
2024-04-21 15:30:00,Fulham,Liverpool,1,3,False,329,1489.871027716391,1647.7792719916324,-157.9082442752415,7.104166666666667,1.8,1.4,1.4,2.0,7.104166666666667,1.6,1.2,1.6,1.2,48.8,5.157894736842105,73.0,2.1052631578947367,0.0263157894736842,0.0,60.8,4.131578947368421,70.1,1.5,0.0263157894736842,0.0
2024-04-23 19:00:00,Arsenal,Chelsea,5,0,False,330,1659.248359044673,1531.4798686066022,127.76849043807078,3.0208333333333335,1.4,0.4,2.0,2.2,8.0,3.4,1.8,2.2,2.0,59.3,3.5789473684210527,68.4,1.3421052631578947,0.0,0.0,58.7,4.184210526315789,70.4,2.131578947368421,0.0789473684210526,0.0
2024-04-24 18:45:00,Wolverhampton Wanderers,Bournemouth,0,1,False,331,1468.9801707818742,1479.2554951096263,-10.27532432775206,4.010416666666667,0.8,1.8,0.4,0.8,3.1979166666666665,1.4,1.6,1.4,2.0,49.9,4.578947368421052,66.7,2.236842105263158,0.1578947368421052,0.0,40.4,5.368421052631579,65.2,1.7894736842105263,0.0,0.0
2024-04-24 19:00:00,Everton,Liverpool,2,0,False,332,1454.5377773227492,1659.7845360423796,-205.2467587196304,3.2708333333333335,1.0,1.8,1.4,1.4,3.1458333333333335,2.0,1.2,2.0,1.4,42.8,4.868421052631579,69.2,2.131578947368421,0.0526315789473684,0.0,60.8,4.131578947368421,70.1,1.5,0.0263157894736842,0.0
2024-04-24 19:00:00,Manchester United,Sheffield United,4,2,False,333,1519.6878867527278,1318.5260454994589,201.1618412532689,11.104166666666666,2.0,1.8,1.2,2.0,4.208333333333333,1.4,2.8,0.4,1.8,53.7,3.736842105263158,69.7,2.0526315789473686,0.0526315789473684,0.0,44.325,4.80921052631579,63.2,2.131578947368421,0.05921052631578945,1.0
2024-04-24 19:00:00,Crystal Palace,Newcastle United,2,0,False,334,1451.1923243874785,1541.7861950942395,-90.59387070676098,3.2083333333333335,1.8,1.6,1.4,2.4,11.3125,2.4,1.4,2.0,2.0,46.3,4.2105263157894735,69.4,2.1578947368421053,0.0789473684210526,0.0,52.3,3.3421052631578947,74.0,1.605263157894737,0.0263157894736842,0.0
2024-04-25 19:00:00,Brighton & Hove Albion,Manchester City,0,4,False,335,1494.3865646982538,1675.5522494895442,-181.16568479129046,12.208333333333334,0.6,1.2,1.0,1.2,12.208333333333334,2.8,1.0,2.2,1.2,60.2,3.4473684210526314,59.5,1.5263157894736843,0.0,0.0,64.7,2.421052631578948,64.1,1.1578947368421053,0.0263157894736842,0.0
2024-04-27 11:30:00,West Ham United,Liverpool,2,2,False,336,1473.27513605533,1637.3095108576852,-164.03437480235516,5.895833333333333,1.6,2.6,0.8,1.6,2.6875,1.6,1.4,1.4,1.2,42.1,4.473684210526316,67.6,1.1578947368421053,0.0,0.0,60.8,4.131578947368421,70.1,1.5,0.0263157894736842,0.0
2024-04-27 14:00:00,Fulham,Crystal Palace,1,1,False,337,1477.8657636656437,1468.6372213555092,9.228542310134571,5.9375,1.4,2.0,0.8,1.6,2.7916666666666665,2.0,1.4,1.8,1.2,48.8,5.157894736842105,73.0,2.1052631578947367,0.0263157894736842,0.0,46.3,4.2105263157894735,69.4,2.1578947368421053,0.0789473684210526,0.0
2024-04-27 14:00:00,Manchester United,Burnley,1,1,False,338,1525.4624616524727,1379.376191811479,146.08626984099374,2.7916666666666665,2.4,2.2,1.2,2.4,7.0,1.6,1.2,1.2,1.8,53.7,3.736842105263158,69.7,2.0526315789473686,0.0526315789473684,0.0,44.325,4.80921052631579,63.2,2.131578947368421,0.05921052631578945,1.0
2024-04-27 14:00:00,Newcastle United,Sheffield United,5,1,False,339,1524.3412981262088,1312.751470599714,211.5898275264949,2.7916666666666665,2.0,1.2,2.0,2.8,2.7916666666666665,1.2,3.0,0.2,2.4,52.3,3.3421052631578947,74.0,1.605263157894737,0.0263157894736842,0.0,44.325,4.80921052631579,63.2,2.131578947368421,0.05921052631578945,1.0
2024-04-27 14:00:00,Wolverhampton Wanderers,Luton Town,2,1,False,340,1457.4179658520902,1380.162291952915,77.25567389917524,2.8020833333333335,0.8,1.6,0.4,0.8,7.0,1.0,3.0,0.6,2.8,49.9,4.578947368421052,66.7,2.236842105263158,0.1578947368421052,0.0,44.325,4.80921052631579,63.2,2.131578947368421,0.05921052631578945,1.0
2024-04-27 16:30:00,Everton,Brentford,1,0,False,341,1477.0128025074437,1454.8811926106116,22.13160989683206,2.8958333333333335,1.2,1.4,2.0,1.4,7.104166666666667,2.2,1.0,1.8,2.4,42.8,4.868421052631579,69.2,2.131578947368421,0.0526315789473684,0.0,43.8,5.184210526315789,76.6,1.5,0.0263157894736842,0.0
2024-04-27 19:00:00,Aston Villa,Chelsea,2,2,False,342,1588.5198565224136,1521.5625319283145,66.95732459409919,6.208333333333333,2.2,1.6,2.0,2.4,4.0,2.8,2.4,1.6,2.2,49.3,3.973684210526316,69.5,2.1052631578947367,0.0263157894736842,0.0,58.7,4.184210526315789,70.4,2.131578947368421,0.0789473684210526,0.0
2024-04-28 13:00:00,Bournemouth,Brighton & Hove Albion,3,0,False,343,1490.8177000394103,1481.6820437948445,9.13565624456578,3.7604166666666665,1.2,1.4,1.4,2.2,2.75,0.4,2.0,0.4,1.2,40.4,5.368421052631579,65.2,1.7894736842105263,0.0,0.0,60.2,3.4473684210526314,59.5,1.5263157894736843,0.0,0.0
2024-04-28 13:00:00,Tottenham Hotspur,Arsenal,2,3,False,344,1567.9384865069835,1669.1656957229607,-101.22720921597715,14.0,1.2,2.0,1.4,2.2,4.75,2.4,0.4,2.4,0.0,50.0,4.526315789473684,63.4,2.026315789473684,0.0789473684210526,0.0,59.3,3.5789473684210527,68.4,1.3421052631578947,0.0,0.0
2024-04-28 15:30:00,Nottingham Forest,Manchester City,0,2,False,345,1423.5636080450165,1688.2567703929535,-264.693162347937,7.125,1.4,1.8,1.0,1.6,2.8541666666666665,3.4,0.8,2.6,0.8,37.6,4.789473684210527,62.6,2.210526315789474,0.0,0.0,64.7,2.421052631578948,64.1,1.1578947368421053,0.0263157894736842,0.0
2024-05-02 18:30:00,Chelsea,Tottenham Hotspur,2,0,False,346,1525.187901821068,1558.977426910422,-33.78952508935413,4.979166666666667,2.8,2.4,1.6,3.4,4.229166666666667,1.6,2.0,1.4,2.0,58.7,4.184210526315789,70.4,2.131578947368421,0.0789473684210526,0.0,50.0,4.526315789473684,63.4,2.026315789473684,0.0789473684210526,0.0
2024-05-03 19:00:00,Luton Town,Everton,1,1,False,347,1374.0423031093703,1484.5562388201645,-110.51393571079416,6.208333333333333,1.0,3.0,0.6,1.4,6.104166666666667,1.2,1.2,2.4,2.4,44.325,4.80921052631579,63.2,2.131578947368421,0.05921052631578945,1.0,42.8,4.868421052631579,69.2,2.131578947368421,0.0526315789473684,0.0
2024-05-04 11:30:00,Arsenal,Bournemouth,3,0,False,348,1678.126755319522,1504.639216958681,173.4875383608412,5.9375,2.6,0.8,2.4,2.6,5.9375,1.6,1.4,1.4,1.4,59.3,3.5789473684210527,68.4,1.3421052631578947,0.0,0.0,40.4,5.368421052631579,65.2,1.7894736842105263,0.0,0.0
2024-05-04 14:00:00,Brentford,Fulham,0,0,False,349,1447.3377562978908,1475.7612181254565,-28.42346182756569,6.895833333333333,2.0,1.0,1.6,1.2,7.0,1.0,1.6,0.8,1.8,43.8,5.184210526315789,76.6,1.5,0.0263157894736842,0.0,48.8,5.157894736842105,73.0,2.1052631578947367,0.0263157894736842,0.0
2024-05-04 14:00:00,Burnley,Newcastle United,1,4,False,350,1384.8002297901924,1530.681705984886,-145.88147619469373,7.0,1.4,1.0,1.2,0.8,7.0,2.2,0.8,2.0,2.2,44.325,4.80921052631579,63.2,2.131578947368421,0.05921052631578945,1.0,52.3,3.3421052631578947,74.0,1.605263157894737,0.0263157894736842,0.0
2024-05-04 14:00:00,Sheffield United,Nottingham Forest,1,3,False,351,1306.4110627410366,1415.7449001801353,-109.33383743909872,7.0,1.2,3.4,0.2,1.2,5.9375,1.2,2.0,0.8,2.2,44.325,4.80921052631579,63.2,2.131578947368421,0.05921052631578945,1.0,37.6,4.789473684210527,62.6,2.210526315789474,0.0,0.0
2024-05-04 16:30:00,Manchester City,Wolverhampton Wanderers,5,1,False,352,1696.0754782578347,1463.5379546956349,232.5375235621998,6.041666666666667,3.8,0.8,3.0,2.6,7.104166666666667,1.0,1.6,0.8,1.8,64.7,2.421052631578948,64.1,1.1578947368421053,0.0263157894736842,0.0,49.9,4.578947368421052,66.7,2.236842105263158,0.1578947368421052,0.0
2024-05-05 13:00:00,Brighton & Hove Albion,Aston Villa,1,0,False,353,1467.860526875574,1584.8944866296602,-117.03395975408625,7.0,0.2,2.2,0.4,1.2,7.75,2.2,2.0,1.6,1.6,60.2,3.4473684210526314,59.5,1.5263157894736843,0.0,0.0,49.3,3.973684210526316,69.5,2.1052631578947367,0.0263157894736842,0.0
2024-05-05 13:00:00,Chelsea,West Ham United,5,0,False,354,1539.9820625035254,1476.0508042233566,63.93125828016878,2.7708333333333335,2.4,1.8,1.6,3.4,8.0625,1.4,2.2,1.0,2.6,58.7,4.184210526315789,70.4,2.131578947368421,0.0789473684210526,0.0,42.1,4.473684210526316,67.6,1.1578947368421053,0.0,0.0
2024-05-05 15:30:00,Liverpool,Tottenham Hotspur,4,2,False,355,1634.5338426896585,1544.1832662279646,90.35057646169389,8.166666666666666,1.4,1.6,1.0,2.0,2.875,1.2,2.2,0.8,2.0,60.8,4.131578947368421,70.1,1.5,0.0263157894736842,0.0,50.0,4.526315789473684,63.4,2.026315789473684,0.0789473684210526,0.0
2024-05-06 19:00:00,Crystal Palace,Manchester United,4,0,False,356,1470.7417668956964,1520.0384236737593,-49.296656778062925,9.208333333333334,2.2,1.4,2.0,2.6,9.208333333333334,2.4,2.2,1.2,2.2,46.3,4.2105263157894735,69.4,2.1578947368421053,0.0789473684210526,0.0,53.7,3.736842105263158,69.7,2.0526315789473686,0.0526315789473684,0.0
2024-05-11 11:30:00,Fulham,Manchester City,0,4,False,357,1476.8101034543508,1701.8056882242345,-224.99558476988364,6.895833333333333,0.8,1.0,1.0,1.6,6.791666666666667,4.0,0.8,3.0,0.6,48.8,5.157894736842105,73.0,2.1052631578947367,0.0263157894736842,0.0,64.7,2.421052631578948,64.1,1.1578947368421053,0.0263157894736842,0.0
2024-05-11 14:00:00,Bournemouth,Brentford,1,2,False,358,1497.5635944553342,1446.2888709689964,51.274723486337734,7.104166666666667,1.4,1.6,1.4,2.4,7.0,2.0,1.0,1.6,1.8,40.4,5.368421052631579,65.2,1.7894736842105263,0.0,0.0,43.8,5.184210526315789,76.6,1.5,0.0263157894736842,0.0
2024-05-11 14:00:00,Everton,Sheffield United,1,0,False,359,1483.2536849371813,1292.2234307698886,191.0302541672927,7.791666666666667,1.2,1.4,2.0,1.4,7.0,1.0,3.6,0.0,3.2,42.8,4.868421052631579,69.2,2.131578947368421,0.0526315789473684,0.0,44.325,4.80921052631579,63.2,2.131578947368421,0.05921052631578945,1.0
2024-05-11 14:00:00,Newcastle United,Brighton & Hove Albion,1,1,False,360,1544.179815646059,1479.347086802778,64.83272884328107,7.0,2.8,0.8,2.4,3.4,6.041666666666667,0.4,2.2,0.8,1.8,52.3,3.3421052631578947,74.0,1.605263157894737,0.0263157894736842,0.0,60.2,3.4473684210526314,59.5,1.5263157894736843,0.0,0.0
2024-05-11 14:00:00,Tottenham Hotspur,Burnley,2,1,False,361,1534.7508082468153,1371.3021201290194,163.44868811779588,5.9375,1.4,2.8,0.6,2.2,7.0,1.4,1.6,1.0,1.4,50.0,4.526315789473684,63.4,2.026315789473684,0.0789473684210526,0.0,44.325,4.80921052631579,63.2,2.131578947368421,0.05921052631578945,1.0
2024-05-11 14:00:00,West Ham United,Luton Town,3,1,False,362,1463.1497691252498,1375.3448569923535,87.80491213289633,6.041666666666667,1.2,3.0,0.8,1.2,7.791666666666667,1.2,2.8,0.8,3.0,42.1,4.473684210526316,67.6,1.1578947368421053,0.0,0.0,44.325,4.80921052631579,63.2,2.131578947368421,0.05921052631578945,1.0
2024-05-11 14:00:00,Wolverhampton Wanderers,Crystal Palace,1,3,False,363,1457.807744729235,1488.6448837196158,-30.83713899038071,6.895833333333333,1.0,2.2,0.8,1.0,4.791666666666667,2.6,0.6,2.6,1.2,49.9,4.578947368421052,66.7,2.236842105263158,0.1578947368421052,0.0,46.3,4.2105263157894735,69.4,2.1578947368421053,0.0789473684210526,0.0
2024-05-11 16:30:00,Nottingham Forest,Chelsea,2,3,False,364,1429.9325321512833,1552.8830976016322,-122.9505654503489,7.104166666666667,1.2,2.0,0.8,1.2,6.145833333333333,3.0,1.4,2.0,2.4,37.6,4.789473684210527,62.6,2.210526315789474,0.0,0.0,58.7,4.184210526315789,70.4,2.131578947368421,0.0789473684210526,0.0
2024-05-12 15:30:00,Manchester United,Arsenal,0,1,False,365,1502.13530684984,1685.2023778228688,-183.06707097302888,5.854166666666667,1.8,2.2,1.2,2.0,8.166666666666666,2.6,0.8,2.4,0.4,53.7,3.736842105263158,69.7,2.0526315789473686,0.0526315789473684,0.0,59.3,3.5789473684210527,68.4,1.3421052631578947,0.0,0.0
2024-05-13 19:00:00,Aston Villa,Liverpool,3,3,False,366,1573.407926702456,1643.9663006708079,-70.55837396835182,8.25,2.0,1.4,1.6,2.0,8.145833333333334,1.8,1.6,1.4,1.4,49.3,3.973684210526316,69.5,2.1052631578947367,0.0263157894736842,0.0,60.8,4.131578947368421,70.1,1.5,0.0263157894736842,0.0
2024-05-14 19:00:00,Tottenham Hotspur,Manchester City,0,2,False,367,1538.983647492565,1712.4839041760792,-173.50025668351418,3.2083333333333335,1.2,2.8,0.6,2.4,3.3125,4.0,0.4,3.0,0.6,50.0,4.526315789473684,63.4,2.026315789473684,0.0789473684210526,0.0,64.7,2.421052631578948,64.1,1.1578947368421053,0.0263157894736842,0.0
2024-05-15 18:45:00,Brighton & Hove Albion,Chelsea,1,2,False,368,1482.9192258027635,1561.2304438489668,-78.3112180462033,4.197916666666667,0.6,1.8,1.0,0.6,4.09375,2.4,1.8,2.0,2.6,60.2,3.4473684210526314,59.5,1.5263157894736843,0.0,0.0,58.7,4.184210526315789,70.4,2.131578947368421,0.0789473684210526,0.0
2024-05-15 19:00:00,Manchester United,Newcastle United,3,2,False,369,1495.4085125505026,1540.6076766460735,-45.19916409557095,3.1458333333333335,1.4,2.0,1.0,1.8,4.208333333333333,2.8,1.0,2.0,2.0,53.7,3.736842105263158,69.7,2.0526315789473686,0.0526315789473684,0.0,52.3,3.3421052631578947,74.0,1.605263157894737,0.0263157894736842,0.0
2024-05-19 15:00:00,Sheffield United,Tottenham Hotspur,0,3,False,370,1288.4962031601704,1527.6495635005201,-239.15336034034976,8.041666666666666,1.0,3.4,0.0,1.4,4.833333333333333,1.2,2.4,0.6,2.8,44.325,4.80921052631579,63.2,2.131578947368421,0.05921052631578945,1.0,50.0,4.526315789473684,63.4,2.026315789473684,0.0789473684210526,0.0
2024-05-19 15:00:00,Manchester City,West Ham United,3,1,False,371,1723.8179881681242,1472.6806347758975,251.13735339222671,4.833333333333333,3.4,0.2,3.0,3.4,8.041666666666666,1.4,3.0,0.8,3.2,64.7,2.421052631578948,64.1,1.1578947368421053,0.0263157894736842,0.0,42.1,4.473684210526316,67.6,1.1578947368421053,0.0,0.0
2024-05-19 15:00:00,Luton Town,Fulham,2,4,False,372,1365.8139913417058,1466.131887502506,-100.31789616080027,8.041666666666666,1.0,3.2,0.2,1.4,8.145833333333334,0.8,1.6,1.0,1.6,44.325,4.80921052631579,63.2,2.131578947368421,0.05921052631578945,1.0,48.8,5.157894736842105,73.0,2.1052631578947367,0.0263157894736842,0.0
2024-05-19 15:00:00,Liverpool,Wolverhampton Wanderers,2,0,False,373,1643.8063314553472,1439.9650344282043,203.8412970271429,5.833333333333333,2.4,2.0,1.6,2.0,8.041666666666666,0.8,2.4,0.6,2.6,60.8,4.131578947368421,70.1,1.5,0.0263157894736842,0.0,49.9,4.578947368421052,66.7,2.236842105263158,0.1578947368421052,0.0
2024-05-19 15:00:00,Crystal Palace,Aston Villa,5,0,False,374,1506.4875940206466,1573.5678959179168,-67.08030189727015,8.041666666666666,3.0,0.8,2.6,2.8,5.833333333333333,2.0,1.4,1.6,1.6,46.3,4.2105263157894735,69.4,2.1578947368421053,0.0789473684210526,0.0,49.3,3.973684210526316,69.5,2.1052631578947367,0.0263157894736842,0.0
2024-05-19 15:00:00,Brentford,Newcastle United,2,4,False,375,1459.5159383274133,1531.1769742862455,-71.66103595883214,8.041666666666666,1.8,0.6,2.0,1.0,3.8333333333333335,2.4,1.6,1.4,1.8,43.8,5.184210526315789,76.6,1.5,0.0263157894736842,0.0,52.3,3.3421052631578947,74.0,1.605263157894737,0.0263157894736842,0.0
2024-05-19 15:00:00,Burnley,Nottingham Forest,1,2,False,376,1367.0692808832696,1421.5851859039487,-54.515905020679156,8.041666666666666,1.6,1.8,1.0,1.0,7.9375,1.4,2.0,0.8,1.6,44.325,4.80921052631579,63.2,2.131578947368421,0.05921052631578945,1.0,37.6,4.789473684210527,62.6,2.210526315789474,0.0,0.0
2024-05-19 15:00:00,Brighton & Hove Albion,Manchester United,0,2,False,377,1473.3021661055277,1504.8392149103306,-31.537048804802907,3.84375,0.6,2.0,0.8,0.6,3.8333333333333335,1.6,2.0,1.4,2.8,60.2,3.4473684210526314,59.5,1.5263157894736843,0.0,0.0,53.7,3.736842105263158,69.7,2.0526315789473686,0.0526315789473684,0.0
2024-05-19 15:00:00,Chelsea,Bournemouth,2,1,False,378,1570.8475035462027,1484.3365270969173,86.51097644928541,3.84375,2.8,1.0,2.6,3.8,8.041666666666666,1.2,1.6,1.2,1.6,58.7,4.184210526315789,70.4,2.131578947368421,0.0789473684210526,0.0,40.4,5.368421052631579,65.2,1.7894736842105263,0.0,0.0
2024-05-19 15:00:00,Arsenal,Everton,2,1,False,379,1691.9291721222062,1486.9809125468996,204.94825957530657,6.979166666666667,2.8,0.4,3.0,2.4,8.041666666666666,1.4,0.2,2.6,2.4,59.3,3.5789473684210527,68.4,1.3421052631578947,0.0,0.0,42.8,4.868421052631579,69.2,2.131578947368421,0.0526315789473684,0.0
