Date,HomeTeam,AwayTeam,FTHG,FTAG,is_fixture,match_id,HomeElo,AwayElo,EloDiff,HomeRestDays,Home_GF5,Home_GA5,Home_PPM5,HomeGF_Home,AwayRestDays,Away_GF5,Away_GA5,Away_PPM5,AwayGA_Away,Home_PrevPoss,Home_PrevSoTA90,Home_PrevSavePct,Home_PrevCrdY90,Home_PrevCrdR90,HomeNoPrev,Away_PrevPoss,Away_PrevSoTA90,Away_PrevSavePct,Away_PrevCrdY90,Away_PrevCrdR90,AwayNoPrev
2025-08-15 19:00:00,Liverpool,Bournemouth,4,2,False,760,1649.2257582161342,1528.4326905310713,120.79306768506285,14.0,2.2,2.0,1.0,2.2,14.0,1.2,1.2,1.4,1.6,57.7,3.631578947368421,70.3,1.763157894736842,0.0789473684210526,0.0,48.5,4.526315789473684,73.3,2.5526315789473686,0.0789473684210526,0.0
2025-08-16 11:30:00,Aston Villa,Newcastle United,0,0,False,761,1559.5738702446056,1561.6521395828017,-2.078269338196151,14.0,1.0,0.8,1.8,2.2,14.0,1.2,0.6,1.4,1.2,50.5,4.105263157894737,67.3,2.0,0.1052631578947368,0.0,51.3,4.2368421052631575,70.8,1.7894736842105263,0.0263157894736842,0.0
2025-08-16 14:00:00,Brighton & Hove Albion,Fulham,1,1,False,762,1539.068316697648,1498.0732607212694,40.99505597637858,14.0,2.6,1.2,2.6,1.8,14.0,1.2,1.8,1.2,1.4,52.3,3.8684210526315783,59.9,2.0526315789473686,0.0789473684210526,0.0,52.3,4.184210526315789,66.0,2.1052631578947367,0.0526315789473684,0.0
2025-08-16 14:00:00,Sunderland,West Ham United,3,0,False,763,1450.0,1466.509719134686,-16.509719134686065,14.0,1.552424639580603,1.552424639580603,1.3840104849279162,1.552424639580603,14.0,1.8,1.4,1.4,1.4,47.275,4.796052631578947,63.875,2.302631578947368,0.0789473684210526,1.0,48.4,4.973684210526316,67.2,2.1578947368421053,0.0789473684210526,0.0
2025-08-16 14:00:00,Tottenham Hotspur,Burnley,3,0,False,764,1451.5063563068675,1419.4317839605656,32.07457234630192,14.0,0.6,2.8,0.2,1.4,14.0,1.6,2.0,0.8,1.4,54.7,4.7368421052631575,63.9,1.894736842105263,0.0263157894736842,0.0,47.275,4.796052631578947,63.875,2.302631578947368,0.0789473684210526,1.0
2025-08-16 16:30:00,Wolverhampton Wanderers,Manchester City,0,4,False,765,1463.9396702193999,1631.0174564521678,-167.07778623276795,14.0,1.2,1.6,0.8,1.8,14.0,1.6,0.4,2.6,0.2,48.1,4.421052631578948,58.9,2.0789473684210527,0.0526315789473684,0.0,61.3,3.3684210526315788,65.6,1.5526315789473684,0.0526315789473684,0.0
2025-08-17 13:00:00,Nottingham Forest,Brentford,3,1,False,766,1527.4908892185836,1519.9454495964965,7.545439622087088,14.0,1.0,1.4,1.0,0.6,14.0,2.0,1.4,2.0,0.8,41.2,4.342105263157895,72.1,2.3684210526315788,0.0526315789473684,0.0,47.9,5.447368421052632,72.5,1.631578947368421,0.0263157894736842,0.0
2025-08-17 13:00:00,Chelsea,Crystal Palace,0,0,False,767,1574.77416300577,1547.0366555402259,27.73750746554424,14.0,1.2,0.6,2.4,1.6,14.0,2.0,1.2,1.8,2.6,57.1,4.078947368421052,72.3,2.6578947368421053,0.0526315789473684,0.0,42.8,4.0,66.4,2.1052631578947367,0.1052631578947368,0.0
2025-08-17 15:30:00,Manchester United,Arsenal,0,1,False,768,1460.1801300502007,1634.662929425287,-174.48279937508642,14.0,1.2,1.6,0.8,0.6,14.0,1.6,1.4,1.6,1.0,53.5,3.9210526315789473,63.8,2.263157894736842,0.0789473684210526,0.0,56.9,3.1578947368421053,71.7,1.8421052631578947,0.1578947368421052,0.0
2025-08-18 19:00:00,Leeds United,Everton,1,0,False,769,1450.0,1514.7914904274442,-64.79149042744416,14.0,1.5500650195058518,1.5500650195058518,1.3842652795838752,1.5500650195058518,14.0,1.6,0.8,2.0,0.6,47.275,4.796052631578947,63.875,2.302631578947368,0.0789473684210526,1.0,40.9,4.289473684210527,73.0,2.1578947368421053,0.0526315789473684,0.0
2025-08-22 19:00:00,West Ham United,Chelsea,1,5,False,770,1451.4363927069412,1572.1665972833594,-120.73020457641815,6.208333333333333,1.4,1.4,1.4,1.0,5.25,1.0,0.6,2.0,0.8,48.4,4.973684210526316,67.2,2.1578947368421053,0.0789473684210526,0.0,57.1,4.078947368421052,72.3,2.6578947368421053,0.0526315789473684,0.0
2025-08-23 11:30:00,Manchester City,Tottenham Hotspur,0,2,False,771,1644.4118607333469,1464.2401870913138,180.17167364203306,6.791666666666667,2.0,0.2,2.6,2.6,6.895833333333333,1.0,1.8,0.8,2.6,61.3,3.3684210526315788,65.6,1.5526315789473684,0.0526315789473684,0.0,54.7,4.7368421052631575,63.9,1.894736842105263,0.0263157894736842,0.0
2025-08-23 14:00:00,Bournemouth,Wolverhampton Wanderers,1,0,False,772,1520.1290668167796,1450.5452659382208,69.5838008785588,7.791666666666667,1.4,1.8,1.2,1.0,6.895833333333333,0.6,2.4,0.2,1.4,48.5,4.526315789473684,73.3,2.5526315789473686,0.0789473684210526,0.0,48.1,4.421052631578948,58.9,2.0789473684210527,0.0526315789473684,0.0
2025-08-23 14:00:00,Brentford,Aston Villa,1,0,False,773,1507.0400257090462,1557.7823805651358,-50.742354856089605,6.041666666666667,1.8,2.0,1.4,2.0,7.104166666666667,0.8,0.4,2.0,0.8,47.9,5.447368421052632,72.5,1.631578947368421,0.0263157894736842,0.0,50.5,4.105263157894737,67.3,2.0,0.1052631578947368,0.0
2025-08-23 14:00:00,Burnley,Sunderland,2,0,False,774,1406.6979531761192,1465.0733264277449,-58.37537325162566,7.0,0.8,2.4,0.2,1.2,7.0,1.547157622739018,1.547157622739018,1.3850129198966408,1.547157622739018,47.275,4.796052631578947,63.875,2.302631578947368,0.0789473684210526,1.0,47.275,4.796052631578947,63.875,2.302631578947368,0.0789473684210526,1.0
2025-08-23 16:30:00,Arsenal,Leeds United,5,0,False,775,1641.6120806104427,1459.9939986128015,181.61808199764118,6.041666666666667,1.4,1.0,2.0,1.4,4.895833333333333,1.5464516129032257,1.5464516129032257,1.3851612903225807,1.5464516129032257,56.9,3.1578947368421053,71.7,1.8421052631578947,0.1578947368421052,0.0,47.275,4.796052631578947,63.875,2.302631578947368,0.0789473684210526,1.0
2025-08-24 13:00:00,Crystal Palace,Nottingham Forest,1,1,False,776,1549.6442212626366,1540.3963131060339,9.247908156602762,7.0,1.6,0.8,1.8,1.6,7.0,1.6,1.2,1.6,1.4,42.8,4.0,66.4,2.1052631578947367,0.1052631578947368,0.0,41.2,4.342105263157895,72.1,2.3684210526315788,0.0526315789473684,0.0
2025-08-24 13:00:00,Everton,Brighton & Hove Albion,2,0,False,777,1504.7974918146426,1536.1087862686938,-31.31129445405122,5.75,1.6,0.8,2.0,1.2,7.958333333333333,2.2,1.0,2.2,1.8,40.9,4.289473684210527,73.0,2.1578947368421053,0.0526315789473684,0.0,52.3,3.8684210526315783,59.9,2.0526315789473686,0.0789473684210526,0.0
2025-08-24 15:30:00,Fulham,Manchester United,1,1,False,778,1501.0327911502236,1453.230978865045,47.801812285178585,8.0625,1.0,1.8,0.8,1.4,7.0,1.0,1.6,0.6,2.2,52.3,4.184210526315789,66.0,2.1052631578947367,0.0526315789473684,0.0,53.5,3.9210526315789473,63.8,2.263157894736842,0.0789473684210526,0.0
2025-08-25 19:00:00,Newcastle United,Liverpool,2,3,False,779,1563.4436292622715,1657.5293819304259,-94.08575266815433,9.3125,0.6,0.6,1.0,2.8,10.0,2.0,2.2,1.0,1.8,51.3,4.2368421052631575,70.8,1.7894736842105263,0.0263157894736842,0.0,57.7,3.631578947368421,70.3,1.763157894736842,0.0789473684210526,0.0
2025-08-30 11:30:00,Chelsea,Fulham,2,0,False,780,1587.9345462311999,1497.8955593706717,90.03898686052821,7.6875,1.4,0.6,2.0,1.4,5.833333333333333,1.2,1.8,1.0,1.2,57.1,4.078947368421052,72.3,2.6578947368421053,0.0526315789473684,0.0,52.3,4.184210526315789,66.0,2.1052631578947367,0.0526315789473684,0.0
2025-08-30 14:00:00,Sunderland,Brentford,2,1,False,781,1449.133131022703,1516.6298878952175,-67.49675687251442,7.0,1.5460947503201024,1.5460947503201024,1.384763124199744,1.5460947503201024,7.0,1.2,1.4,1.4,1.0,47.275,4.796052631578947,63.875,2.302631578947368,0.0789473684210526,1.0,47.9,5.447368421052632,72.5,1.631578947368421,0.0263157894736842,0.0
2025-08-30 14:00:00,Manchester United,Burnley,3,2,False,782,1456.368210644597,1422.638148581161,33.73006206343598,5.9375,0.6,1.0,0.8,0.4,7.0,1.0,2.2,0.6,1.6,53.5,3.9210526315789473,63.8,2.263157894736842,0.0789473684210526,0.0,47.275,4.796052631578947,63.875,2.302631578947368,0.0789473684210526,1.0
2025-08-30 14:00:00,Tottenham Hotspur,Bournemouth,0,1,False,783,1490.369352209949,1526.4382173854497,-36.068865175500605,7.104166666666667,1.2,1.6,1.2,1.6,7.0,1.2,1.6,1.2,2.0,54.7,4.7368421052631575,63.9,1.894736842105263,0.0263157894736842,0.0,48.5,4.526315789473684,73.3,2.5526315789473686,0.0789473684210526,0.0
2025-08-30 14:00:00,Wolverhampton Wanderers,Everton,2,3,False,784,1444.2361153695508,1519.4767482438908,-75.24063287434001,7.0,0.6,2.4,0.2,1.6,6.041666666666667,1.6,0.4,2.4,0.6,48.1,4.421052631578948,58.9,2.0789473684210527,0.0526315789473684,0.0,40.9,4.289473684210527,73.0,2.1578947368421053,0.0526315789473684,0.0
2025-08-30 16:30:00,Leeds United,Newcastle United,0,0,False,785,1452.2053264662452,1554.2788343101518,-102.07350784390655,7.0,1.5471337579617834,1.5471337579617834,1.3853503184713376,1.5471337579617834,4.895833333333333,0.8,1.0,0.8,1.2,47.275,4.796052631578947,63.875,2.302631578947368,0.0789473684210526,1.0,51.3,4.2368421052631575,70.8,1.7894736842105263,0.0263157894736842,0.0
2025-08-31 13:00:00,Brighton & Hove Albion,Manchester City,2,1,False,786,1521.4295298394456,1618.2826956147117,-96.853165775266,7.0,2.0,1.2,2.0,2.0,8.0625,1.8,0.6,2.0,0.0,52.3,3.8684210526315783,59.9,2.0526315789473686,0.0789473684210526,0.0,61.3,3.3684210526315788,65.6,1.5526315789473684,0.0526315789473684,0.0
2025-08-31 13:00:00,Nottingham Forest,West Ham United,0,3,False,787,1542.5013913462408,1435.6684437591007,106.8329475871401,7.0,1.6,1.2,1.6,1.0,8.75,1.4,2.2,1.2,1.8,41.2,4.342105263157895,72.1,2.3684210526315788,0.0526315789473684,0.0,48.4,4.973684210526316,67.2,2.1578947368421053,0.0789473684210526,0.0
2025-08-31 15:30:00,Liverpool,Arsenal,1,0,False,788,1666.6941768825457,1649.400752756999,17.293424125546608,5.854166666666667,2.4,2.0,1.6,2.8,7.958333333333333,2.2,0.6,2.6,0.8,57.7,3.631578947368421,70.3,1.763157894736842,0.0789473684210526,0.0,56.9,3.1578947368421053,71.7,1.8421052631578947,0.1578947368421052,0.0
2025-08-31 18:00:00,Aston Villa,Crystal Palace,0,3,False,789,1548.1925183789645,1547.5391430224297,0.6533753565347524,8.166666666666666,0.6,0.6,1.4,1.8,7.208333333333333,1.6,0.8,1.8,1.6,50.5,4.105263157894737,67.3,2.0,0.1052631578947368,0.0,42.8,4.0,66.4,2.1052631578947367,0.1052631578947368,0.0
2025-09-13 11:30:00,Arsenal,Nottingham Forest,3,0,False,790,1641.726025199517,1516.9891916737165,124.73683352580042,12.833333333333334,1.8,0.4,2.4,2.0,12.9375,1.2,1.4,1.4,1.2,56.9,3.1578947368421053,71.7,1.8421052631578947,0.1578947368421052,0.0,41.2,4.342105263157895,72.1,2.3684210526315788,0.0526315789473684,0.0
2025-09-13 14:00:00,Bournemouth,Brighton & Hove Albion,2,1,False,791,1537.269003053646,1532.3437775534003,4.925225500245688,14.0,1.4,1.4,1.8,1.0,13.041666666666666,2.0,1.4,2.0,1.8,48.5,4.526315789473684,73.3,2.5526315789473686,0.0789473684210526,0.0,52.3,3.8684210526315783,59.9,2.0526315789473686,0.0789473684210526,0.0
2025-09-13 14:00:00,Crystal Palace,Sunderland,0,0,False,792,1568.307234381758,1459.2049922251297,109.10224215662834,12.833333333333334,1.8,0.8,1.8,1.6,14.0,1.6666666666666667,1.0,2.0,1.543560606060606,42.8,4.0,66.4,2.1052631578947367,0.1052631578947368,0.0,47.275,4.796052631578947,63.875,2.302631578947368,0.0789473684210526,1.0
2025-09-13 14:00:00,Everton,Aston Villa,0,0,False,793,1529.182084463178,1527.4244270196361,1.7576574435418024,14.0,1.6,0.6,2.4,1.4,12.833333333333334,0.4,1.2,0.8,1.0,40.9,4.289473684210527,73.0,2.1578947368421053,0.0526315789473684,0.0,50.5,4.105263157894737,67.3,2.0,0.1052631578947368,0.0
2025-09-13 14:00:00,Fulham,Leeds United,1,0,False,794,1488.4510885739007,1453.268356234086,35.18273233981472,14.0,1.0,1.6,1.0,1.2,13.895833333333334,0.3333333333333333,1.6666666666666667,1.3333333333333333,1.5396725440806045,52.3,4.184210526315789,66.0,2.1052631578947367,0.0526315789473684,0.0,47.275,4.796052631578947,63.875,2.302631578947368,0.0789473684210526,1.0
2025-09-13 14:00:00,Newcastle United,Wolverhampton Wanderers,1,0,False,795,1553.215804542311,1434.5307791502637,118.68502539204724,13.895833333333334,0.4,1.0,0.4,2.4,14.0,1.0,2.6,0.2,1.4,51.3,4.2368421052631575,70.8,1.7894736842105263,0.0263157894736842,0.0,48.1,4.421052631578948,58.9,2.0789473684210527,0.0526315789473684,0.0
2025-09-13 16:30:00,West Ham United,Tottenham Hotspur,0,3,False,796,1461.180643431625,1479.5385665417527,-18.357923110127786,13.145833333333334,1.6,2.2,1.2,1.2,14.0,1.2,1.4,1.2,2.4,48.4,4.973684210526316,67.2,2.1578947368421053,0.0789473684210526,0.0,54.7,4.7368421052631575,63.9,1.894736842105263,0.0263157894736842,0.0
2025-09-13 19:00:00,Brentford,Chelsea,2,2,False,797,1506.558026692791,1597.3790170279708,-90.82099033517989,14.0,1.2,1.8,0.8,2.2,14.0,1.8,0.2,2.6,0.8,47.9,5.447368421052632,72.5,1.631578947368421,0.0263157894736842,0.0,57.1,4.078947368421052,72.3,2.6578947368421053,0.0526315789473684,0.0
2025-09-14 13:00:00,Burnley,Liverpool,0,1,False,798,1415.4057307698124,1674.3689044400278,-258.9631736702154,14.0,1.2,2.0,0.6,1.2,13.895833333333334,2.2,1.6,2.0,2.2,47.275,4.796052631578947,63.875,2.302631578947368,0.0789473684210526,1.0,57.7,3.631578947368421,70.3,1.763157894736842,0.0789473684210526,0.0
2025-09-14 15:30:00,Manchester City,Manchester United,3,0,False,799,1607.368447900757,1463.6006284559455,143.7678194448115,14.0,2.0,1.0,1.8,2.2,14.0,1.2,1.0,1.4,2.2,61.3,3.3684210526315788,65.6,1.5526315789473684,0.0526315789473684,0.0,53.5,3.9210526315789473,63.8,2.263157894736842,0.0789473684210526,0.0
2025-09-20 11:30:00,Liverpool,Everton,2,1,False,800,1679.301970660122,1527.2839466477815,152.01802401234045,5.9375,2.0,1.0,2.6,2.6,6.895833333333333,1.2,0.6,2.0,1.0,57.7,3.631578947368421,70.3,1.763157894736842,0.0789473684210526,0.0,40.9,4.289473684210527,73.0,2.1578947368421053,0.0526315789473684,0.0
2025-09-20 14:00:00,Brighton & Hove Albion,Tottenham Hotspur,2,2,False,801,1524.329646267961,1499.3738713313085,24.95577493665246,7.0,1.6,1.4,1.4,2.0,6.895833333333333,1.8,1.0,1.8,1.6,52.3,3.8684210526315783,59.9,2.0526315789473686,0.0789473684210526,0.0,54.7,4.7368421052631575,63.9,1.894736842105263,0.0263157894736842,0.0
2025-09-20 14:00:00,Burnley,Nottingham Forest,1,1,False,802,1410.4726645497183,1508.1971292664282,-97.72446471670992,6.041666666666667,1.0,1.8,0.6,1.0,7.104166666666667,0.8,1.8,0.8,1.4,47.275,4.796052631578947,63.875,2.302631578947368,0.0789473684210526,1.0,41.2,4.342105263157895,72.1,2.3684210526315788,0.0526315789473684,0.0
2025-09-20 14:00:00,West Ham United,Crystal Palace,1,2,False,803,1441.3453386420692,1563.6773649463642,-122.33202630429491,6.895833333333333,1.4,2.4,1.2,0.8,7.0,1.0,0.4,1.4,0.6,48.4,4.973684210526316,67.2,2.1578947368421053,0.0789473684210526,0.0,42.8,4.0,66.4,2.1052631578947367,0.1052631578947368,0.0
2025-09-20 14:00:00,Wolverhampton Wanderers,Leeds United,1,3,False,804,1429.3745546873495,1446.074502250635,-16.699947563285605,7.0,0.6,2.0,0.2,1.2,7.0,0.25,1.5,1.0,1.5360696517412935,48.1,4.421052631578948,58.9,2.0789473684210527,0.0526315789473684,0.0,47.275,4.796052631578947,63.875,2.302631578947368,0.0789473684210526,1.0
2025-09-20 16:30:00,Manchester United,Chelsea,2,1,False,805,1455.5099749505462,1596.6371944474606,-141.12721949691445,6.041666666666667,1.2,1.4,1.4,1.0,6.895833333333333,2.0,0.6,2.2,1.2,53.5,3.9210526315789473,63.8,2.263157894736842,0.0789473684210526,0.0,57.1,4.078947368421052,72.3,2.6578947368421053,0.0526315789473684,0.0
2025-09-20 19:00:00,Fulham,Brentford,3,1,False,806,1495.6449425573517,1507.299849273301,-11.654906715949437,7.208333333333333,0.6,1.2,1.0,0.8,7.0,1.2,1.6,1.0,1.2,52.3,4.184210526315789,66.0,2.1052631578947367,0.0526315789473684,0.0,47.9,5.447368421052632,72.5,1.631578947368421,0.0263157894736842,0.0
2025-09-21 13:00:00,Sunderland,Aston Villa,1,1,False,807,1463.8348616605235,1529.3225648350326,-65.48770317450908,7.958333333333333,1.25,0.75,1.75,1.537174721189591,7.958333333333333,0.0,1.2,0.4,1.0,47.275,4.796052631578947,63.875,2.302631578947368,0.0789473684210526,1.0,50.5,4.105263157894737,67.3,2.0,0.1052631578947368,0.0
2025-09-21 13:00:00,Bournemouth,Newcastle United,0,0,False,808,1545.2831343390853,1558.3720290052252,-13.088894666139822,7.958333333333333,1.6,1.0,2.4,1.2,7.958333333333333,0.6,0.8,1.0,1.2,48.5,4.526315789473684,73.3,2.5526315789473686,0.0789473684210526,0.0,51.3,4.2368421052631575,70.8,1.7894736842105263,0.0263157894736842,0.0
2025-09-21 15:30:00,Arsenal,Manchester City,1,1,False,809,1650.5180876068052,1615.4591014061564,35.05898620064886,8.166666666666666,2.2,0.4,2.4,2.4,7.0,2.0,0.8,1.8,0.4,56.9,3.1578947368421053,71.7,1.8421052631578947,0.1578947368421052,0.0,61.3,3.3684210526315788,65.6,1.5526315789473684,0.0526315789473684,0.0
2025-09-27 11:30:00,Brentford,Manchester United,3,1,False,810,1493.5254434539831,1467.6666878607568,25.858755593226306,6.6875,1.2,2.0,0.8,2.6,6.791666666666667,1.2,1.6,1.4,2.0,47.9,5.447368421052632,72.5,1.631578947368421,0.0263157894736842,0.0,53.5,3.9210526315789473,63.8,2.263157894736842,0.0789473684210526,0.0
2025-09-27 14:00:00,Crystal Palace,Liverpool,2,1,False,811,1572.0420330128984,1683.758549187109,-111.71651617421071,7.0,1.2,0.4,1.8,1.2,7.104166666666667,2.2,1.0,3.0,1.6,42.8,4.0,66.4,2.1052631578947367,0.1052631578947368,0.0,57.7,3.631578947368421,70.3,1.763157894736842,0.0789473684210526,0.0
2025-09-27 14:00:00,Chelsea,Brighton & Hove Albion,1,3,False,812,1584.48048153725,1521.796855839,62.6836256982499,6.895833333333333,2.0,1.0,1.6,1.4,7.0,1.2,1.6,1.0,1.8,57.1,4.078947368421052,72.3,2.6578947368421053,0.0526315789473684,0.0,52.3,3.8684210526315783,59.9,2.0526315789473686,0.0789473684210526,0.0
2025-09-27 14:00:00,Leeds United,Bournemouth,2,2,False,813,1464.5691151921055,1543.8000324865436,-79.23091729443809,7.0,0.8,1.4,1.4,1.5350553505535056,6.041666666666667,1.2,1.0,2.0,1.6,47.275,4.796052631578947,63.875,2.302631578947368,0.0789473684210526,1.0,48.5,4.526315789473684,73.3,2.5526315789473686,0.0789473684210526,0.0
2025-09-27 14:00:00,Manchester City,Burnley,5,1,False,814,1618.2619658591668,1411.4117748964195,206.85019096274732,5.9375,1.8,1.0,1.4,1.8,7.0,1.0,1.6,0.8,2.0,61.3,3.3684210526315788,65.6,1.5526315789473684,0.0526315789473684,0.0,47.275,4.796052631578947,63.875,2.302631578947368,0.0789473684210526,1.0
2025-09-27 16:30:00,Nottingham Forest,Sunderland,0,1,False,815,1507.258018919727,1463.8488988770466,43.40912004268034,7.104166666666667,1.0,1.8,1.0,1.0,6.145833333333333,1.2,0.8,1.6,1.5374233128834356,41.2,4.342105263157895,72.1,2.3684210526315788,0.0526315789473684,0.0,47.275,4.796052631578947,63.875,2.302631578947368,0.0789473684210526,1.0
2025-09-27 19:00:00,Tottenham Hotspur,Wolverhampton Wanderers,1,1,False,816,1501.9066617602693,1410.879941745879,91.02672001439032,7.208333333333333,2.0,0.6,2.0,1.0,7.208333333333333,0.6,2.4,0.0,1.4,54.7,4.7368421052631575,63.9,1.894736842105263,0.0263157894736842,0.0,48.1,4.421052631578948,58.9,2.0789473684210527,0.0526315789473684,0.0
2025-09-28 13:00:00,Aston Villa,Fulham,3,1,False,817,1529.3085276185095,1509.4193483766696,19.889179241839884,7.0,0.2,1.0,0.6,1.4,7.75,1.2,1.0,1.6,1.4,50.5,4.105263157894737,67.3,2.0,0.1052631578947368,0.0,52.3,4.184210526315789,66.0,2.1052631578947367,0.0526315789473684,0.0
2025-09-28 15:30:00,Newcastle United,Arsenal,1,2,False,818,1559.8551308577669,1647.7152231537948,-87.86009229602791,7.104166666666667,0.6,0.6,1.2,1.6,7.0,2.0,0.4,2.0,0.8,51.3,4.2368421052631575,70.8,1.7894736842105263,0.0263157894736842,0.0,56.9,3.1578947368421053,71.7,1.8421052631578947,0.1578947368421052,0.0
2025-09-29 19:00:00,Everton,West Ham United,1,1,False,819,1522.8273681207943,1432.980670575535,89.8466975452593,9.3125,1.2,1.0,1.4,1.2,9.208333333333334,1.0,2.6,0.6,1.4,40.9,4.289473684210527,73.0,2.1578947368421053,0.0526315789473684,0.0,48.4,4.973684210526316,67.2,2.1578947368421053,0.0789473684210526,0.0
2025-10-03 19:00:00,Bournemouth,Fulham,3,1,False,820,1543.3906626704388,1497.062557207645,46.3281054627937,6.208333333333333,1.2,0.6,2.2,1.0,5.25,1.2,1.4,1.4,1.8,48.5,4.526315789473684,73.3,2.5526315789473686,0.0789473684210526,0.0,52.3,4.184210526315789,66.0,2.1052631578947367,0.0526315789473684,0.0
2025-10-04 11:30:00,Leeds United,Tottenham Hotspur,1,2,False,821,1464.9784850082103,1497.6952288309956,-32.71674382278525,6.895833333333333,1.0,1.8,1.0,1.0,6.6875,1.6,0.8,1.6,1.0,47.275,4.796052631578947,63.875,2.302631578947368,0.0789473684210526,1.0,54.7,4.7368421052631575,63.9,1.894736842105263,0.0263157894736842,0.0
2025-10-04 14:00:00,Arsenal,West Ham United,2,0,False,822,1657.0582046543198,1437.1641236865867,219.8940809677331,5.9375,2.2,0.6,2.0,2.2,4.791666666666667,1.2,2.2,0.8,1.0,56.9,3.1578947368421053,71.7,1.8421052631578947,0.1578947368421052,0.0,48.4,4.973684210526316,67.2,2.1578947368421053,0.0789473684210526,0.0
2025-10-04 14:00:00,Manchester United,Sunderland,2,0,False,823,1455.5719704679404,1476.871694707021,-21.29972423908066,7.104166666666667,1.4,2.0,1.4,1.4,6.895833333333333,0.8,0.8,1.6,0.6666666666666666,53.5,3.9210526315789473,63.8,2.263157894736842,0.0789473684210526,0.0,47.275,4.796052631578947,63.875,2.302631578947368,0.0789473684210526,1.0
2025-10-04 16:30:00,Chelsea,Liverpool,2,1,False,824,1562.513638935675,1672.4219849866295,-109.90834605095438,7.104166666666667,2.2,1.6,1.4,1.4,7.104166666666667,1.6,1.0,2.4,2.0,57.1,4.078947368421052,72.3,2.6578947368421053,0.0526315789473684,0.0,57.7,3.631578947368421,70.3,1.763157894736842,0.0789473684210526,0.0
2025-10-05 13:00:00,Aston Villa,Burnley,2,1,False,825,1541.665318787534,1404.9263262381673,136.73899254936669,7.0,0.8,1.2,1.0,1.2,7.958333333333333,1.2,2.0,0.8,2.8,50.5,4.105263157894737,67.3,2.0,0.1052631578947368,0.0,47.275,4.796052631578947,63.875,2.302631578947368,0.0789473684210526,1.0
2025-10-05 13:00:00,Everton,Crystal Palace,2,1,False,826,1518.6439150097426,1583.378597213378,-64.73468220363543,5.75,1.4,1.0,1.6,1.4,7.958333333333333,1.6,0.6,2.2,0.4,40.9,4.289473684210527,73.0,2.1578947368421053,0.0526315789473684,0.0,42.8,4.0,66.4,2.1052631578947367,0.1052631578947368,0.0
2025-10-05 13:00:00,Newcastle United,Nottingham Forest,2,0,False,827,1550.512149357242,1494.2352230897525,56.27692626748944,6.895833333333333,0.8,1.0,1.0,1.2,7.854166666666667,0.4,1.8,0.4,1.4,51.3,4.2368421052631575,70.8,1.7894736842105263,0.0263157894736842,0.0,41.2,4.342105263157895,72.1,2.3684210526315788,0.0526315789473684,0.0
2025-10-05 13:00:00,Wolverhampton Wanderers,Brighton & Hove Albion,1,1,False,828,1415.0913746751528,1543.763698440575,-128.6723237654221,7.75,0.8,1.8,0.2,0.8,7.958333333333333,1.6,1.6,1.4,1.2,48.1,4.421052631578948,58.9,2.0789473684210527,0.0526315789473684,0.0,52.3,3.8684210526315783,59.9,2.0526315789473686,0.0789473684210526,0.0
2025-10-05 15:30:00,Brentford,Manchester City,0,1,False,829,1505.6201608467995,1624.747414517419,-119.12725367061944,8.166666666666666,1.6,1.6,1.4,2.4,8.0625,2.0,1.2,1.4,0.6,47.9,5.447368421052632,72.5,1.631578947368421,0.0263157894736842,0.0,61.3,3.3684210526315788,65.6,1.5526315789473684,0.0526315789473684,0.0
2025-10-18 11:30:00,Nottingham Forest,Chelsea,0,3,False,830,1483.4378187761647,1573.7990544035038,-90.36123562733906,12.9375,0.2,2.0,0.2,1.0,13.791666666666666,1.6,1.6,1.4,1.4,41.2,4.342105263157895,72.1,2.3684210526315788,0.0526315789473684,0.0,57.1,4.078947368421052,72.3,2.6578947368421053,0.0526315789473684,0.0
2025-10-18 14:00:00,Sunderland,Wolverhampton Wanderers,2,0,False,831,1462.654900843702,1416.9037666782453,45.75113416545673,14.0,0.8,0.8,1.6,2.0,13.041666666666666,1.0,1.8,0.4,1.6,47.275,4.796052631578947,63.875,2.302631578947368,0.0789473684210526,1.0,48.1,4.421052631578948,58.9,2.0789473684210527,0.0526315789473684,0.0
2025-10-18 14:00:00,Burnley,Leeds United,2,0,False,832,1400.1577141323417,1454.0519631625011,-53.89424903015947,13.041666666666666,1.0,2.4,0.2,1.0,14.0,1.2,1.2,1.0,2.3333333333333335,47.275,4.796052631578947,63.875,2.302631578947368,0.0789473684210526,1.0,47.275,4.796052631578947,63.875,2.302631578947368,0.0789473684210526,1.0
2025-10-18 14:00:00,Manchester City,Everton,2,0,False,833,1633.2019896202173,1528.636278551192,104.56571106902538,12.9375,2.2,0.8,2.0,2.4,13.041666666666666,1.4,1.2,1.6,1.2,61.3,3.3684210526315788,65.6,1.5526315789473684,0.0526315789473684,0.0,40.9,4.289473684210527,73.0,2.1578947368421053,0.0526315789473684,0.0
2025-10-18 14:00:00,Brighton & Hove Albion,Newcastle United,2,1,False,834,1541.9513064374823,1561.3095536708297,-19.358247233347356,13.041666666666666,1.8,1.4,1.6,1.8,13.041666666666666,0.8,0.4,1.6,0.4,52.3,3.8684210526315783,59.9,2.0526315789473686,0.0789473684210526,0.0,51.3,4.2368421052631575,70.8,1.7894736842105263,0.0263157894736842,0.0
2025-10-18 14:00:00,Crystal Palace,Bournemouth,3,3,False,835,1573.3862336719287,1554.6048866227486,18.781347049180113,13.041666666666666,1.6,0.8,2.0,1.6,14.0,1.6,0.8,2.2,2.0,42.8,4.0,66.4,2.1052631578947367,0.1052631578947368,0.0,48.5,4.526315789473684,73.3,2.5526315789473686,0.0789473684210526,0.0
2025-10-18 16:30:00,Fulham,Arsenal,0,1,False,836,1485.8483332553353,1662.3383980830504,-176.49006482771506,14.0,1.2,1.8,1.2,1.2,14.0,1.6,0.6,2.0,1.0,52.3,4.184210526315789,66.0,2.1052631578947367,0.0526315789473684,0.0,56.9,3.1578947368421053,71.7,1.8421052631578947,0.1578947368421052,0.0
2025-10-19 13:00:00,Tottenham Hotspur,Aston Villa,1,2,False,837,1508.6217506767048,1546.4339308933597,-37.81218021665495,14.0,1.6,1.0,1.6,1.0,14.0,1.2,1.2,1.6,0.8,54.7,4.7368421052631575,63.9,1.894736842105263,0.0263157894736842,0.0,50.5,4.105263157894737,67.3,2.0,0.1052631578947368,0.0
2025-10-19 15:30:00,Liverpool,Manchester United,1,2,False,838,1661.1365695188008,1469.7887643312595,191.34780518754133,14.0,1.2,1.0,1.8,2.0,14.0,1.6,1.8,1.8,2.4,57.7,3.631578947368421,70.3,1.763157894736842,0.0789473684210526,0.0,53.5,3.9210526315789473,63.8,2.263157894736842,0.0789473684210526,0.0
2025-10-20 19:00:00,West Ham United,Brentford,0,2,False,839,1431.883930257856,1497.1655857440012,-65.28165548614516,14.0,1.0,1.6,0.8,0.8,14.0,1.4,1.8,0.8,1.8,48.4,4.973684210526316,67.2,2.1578947368421053,0.0789473684210526,0.0,47.9,5.447368421052632,72.5,1.631578947368421,0.0263157894736842,0.0
2025-10-24 19:00:00,Leeds United,West Ham United,2,1,False,840,1438.3212162873099,1415.6471036368591,22.674112650450752,6.208333333333333,1.2,1.6,0.8,1.0,4.0,0.4,2.0,0.2,1.4,47.275,4.796052631578947,63.875,2.302631578947368,0.0789473684210526,1.0,48.4,4.973684210526316,67.2,2.1578947368421053,0.0789473684210526,0.0
2025-10-25 14:00:00,Newcastle United,Fulham,2,1,False,841,1552.6157238335197,1478.9514856480396,73.66423818548014,7.0,1.0,0.8,1.4,1.2,6.895833333333333,1.2,1.6,1.2,2.2,51.3,4.2368421052631575,70.8,1.7894736842105263,0.0263157894736842,0.0,52.3,4.184210526315789,66.0,2.1052631578947367,0.0526315789473684,0.0
2025-10-25 14:00:00,Chelsea,Sunderland,1,2,False,842,1590.0238971070817,1473.8935314596845,116.13036564739718,7.104166666666667,1.8,1.6,1.4,1.2,7.0,0.8,0.6,1.6,1.0,57.1,4.078947368421052,72.3,2.6578947368421053,0.0526315789473684,0.0,47.275,4.796052631578947,63.875,2.302631578947368,0.0789473684210526,1.0
2025-10-25 16:30:00,Manchester United,Brighton & Hove Albion,4,2,False,843,1486.067077077118,1550.6451362747923,-64.57805919767429,6.041666666666667,1.4,1.6,1.8,1.8,7.104166666666667,1.8,1.4,1.6,1.4,53.5,3.9210526315789473,63.8,2.263157894736842,0.0789473684210526,0.0,52.3,3.8684210526315783,59.9,2.0526315789473686,0.0789473684210526,0.0
2025-10-25 19:00:00,Brentford,Liverpool,3,2,False,844,1513.402412364998,1644.8582567729422,-131.45584440794414,5.0,1.6,1.4,1.4,1.6,6.145833333333333,1.2,1.4,1.2,1.8,47.9,5.447368421052632,72.5,1.631578947368421,0.0263157894736842,0.0,57.7,3.631578947368421,70.3,1.763157894736842,0.0789473684210526,0.0
2025-10-26 14:00:00,Bournemouth,Nottingham Forest,2,0,False,845,1556.970628833422,1467.2129760725868,89.7576527608353,8.0,2.0,1.4,1.8,1.6,8.104166666666666,0.2,2.0,0.2,1.6,48.5,4.526315789473684,73.3,2.5526315789473686,0.0789473684210526,0.0,41.2,4.342105263157895,72.1,2.3684210526315788,0.0526315789473684,0.0
2025-10-26 14:00:00,Aston Villa,Manchester City,1,0,False,846,1557.2148658804126,1642.0961532442666,-84.88128736385397,7.041666666666667,1.6,0.8,2.2,1.4,8.0,2.4,0.4,2.6,0.6,50.5,4.105263157894737,67.3,2.0,0.1052631578947368,0.0,61.3,3.3684210526315788,65.6,1.5526315789473684,0.0526315789473684,0.0
2025-10-26 14:00:00,Arsenal,Crystal Palace,1,0,False,847,1669.2352456903461,1571.0204914612552,98.21475422909089,7.895833333333333,1.8,0.4,2.6,2.4,8.0,1.6,1.4,1.6,0.8,56.9,3.1578947368421053,71.7,1.8421052631578947,0.1578947368421052,0.0,42.8,4.0,66.4,2.1052631578947367,0.1052631578947368,0.0
2025-10-26 14:00:00,Wolverhampton Wanderers,Burnley,2,3,False,848,1405.665136062263,1415.888461007533,-10.223324945269951,8.0,0.6,1.6,0.4,1.0,8.0,1.0,1.8,0.8,3.0,48.1,4.421052631578948,58.9,2.0789473684210527,0.0526315789473684,0.0,47.275,4.796052631578947,63.875,2.302631578947368,0.0789473684210526,1.0
2025-10-26 16:30:00,Everton,Tottenham Hotspur,0,3,False,849,1519.7421149271427,1497.840815689652,21.901299237490775,8.104166666666666,0.8,1.2,1.0,1.4,7.145833333333333,1.8,1.2,1.6,1.0,40.9,4.289473684210527,73.0,2.1578947368421053,0.0526315789473684,0.0,54.7,4.7368421052631575,63.9,1.894736842105263,0.0263157894736842,0.0
2025-11-01 15:00:00,Fulham,Wolverhampton Wanderers,3,0,False,850,1472.7433383297641,1394.101471029905,78.64186729985909,7.041666666666667,1.2,2.0,0.6,1.0,6.041666666666667,1.0,2.0,0.4,1.8,52.3,4.184210526315789,66.0,2.1052631578947367,0.0526315789473684,0.0,48.1,4.421052631578948,58.9,2.0789473684210527,0.0526315789473684,0.0
2025-11-01 15:00:00,Burnley,Arsenal,0,2,False,851,1427.4521260398908,1674.8551125002318,-247.40298646034103,6.041666666666667,1.6,2.0,1.4,1.2,6.041666666666667,1.4,0.4,2.6,0.6,47.275,4.796052631578947,63.875,2.302631578947368,0.0789473684210526,1.0,56.9,3.1578947368421053,71.7,1.8421052631578947,0.1578947368421052,0.0
2025-11-01 15:00:00,Nottingham Forest,Manchester United,2,2,False,852,1457.7576511551922,1502.2973423839758,-44.53969122878357,6.041666666666667,0.2,1.8,0.2,0.6,6.9375,2.2,1.4,2.4,1.8,41.2,4.342105263157895,72.1,2.3684210526315788,0.0526315789473684,0.0,53.5,3.9210526315789473,63.8,2.263157894736842,0.0789473684210526,0.0
2025-11-01 15:00:00,Brighton & Hove Albion,Leeds United,3,0,False,853,1534.4148709679346,1445.849986041423,88.56488492651147,6.9375,2.0,1.8,1.6,2.0,7.833333333333333,1.6,1.6,1.4,2.25,52.3,3.8684210526315783,59.9,2.0526315789473686,0.0789473684210526,0.0,47.275,4.796052631578947,63.875,2.302631578947368,0.0789473684210526,1.0
2025-11-01 15:00:00,Crystal Palace,Brentford,2,0,False,854,1565.4006246513695,1525.2921749059212,40.1084497454483,6.041666666666667,1.6,1.6,1.4,2.0,6.833333333333333,1.8,1.4,1.8,1.8,42.8,4.0,66.4,2.1052631578947367,0.1052631578947368,0.0,47.9,5.447368421052632,72.5,1.631578947368421,0.0263157894736842,0.0
2025-11-01 17:30:00,Tottenham Hotspur,Chelsea,0,1,False,855,1519.6288998974867,1575.236599223024,-55.607699325537396,6.041666666666667,1.8,1.2,1.6,1.2,7.145833333333333,1.6,1.6,1.2,1.0,54.7,4.7368421052631575,63.9,1.894736842105263,0.0263157894736842,0.0,57.1,4.078947368421052,72.3,2.6578947368421053,0.0526315789473684,0.0
2025-11-01 20:00:00,Liverpool,Aston Villa,2,0,False,856,1632.968494232019,1567.7864715644698,65.18202266754929,7.041666666666667,1.4,2.0,0.6,1.8,6.25,1.8,0.8,2.6,1.0,57.7,3.631578947368421,70.3,1.763157894736842,0.0789473684210526,0.0,50.5,4.105263157894737,67.3,2.0,0.1052631578947368,0.0
2025-11-02 14:00:00,West Ham United,Newcastle United,3,1,False,857,1408.118333882746,1558.8238711517952,-150.70553726904927,8.791666666666666,0.6,1.8,0.2,0.6,8.0,1.2,1.0,1.4,0.6,48.4,4.973684210526316,67.2,2.1578947368421053,0.0789473684210526,0.0,51.3,4.2368421052631575,70.8,1.7894736842105263,0.0263157894736842,0.0
2025-11-02 16:30:00,Manchester City,Bournemouth,3,1,False,858,1631.5245475602094,1566.4259537508167,65.0985938093927,7.104166666666667,1.8,0.6,2.0,2.6,7.104166666666667,2.0,1.2,1.8,2.4,61.3,3.3684210526315788,65.6,1.5526315789473684,0.0526315789473684,0.0,48.5,4.526315789473684,73.3,2.5526315789473686,0.0789473684210526,0.0
2025-11-03 20:00:00,Sunderland,Everton,1,1,False,859,1488.680829343742,1497.9540307193079,-9.273201375565804,9.25,1.2,0.8,2.0,2.0,8.145833333333334,0.8,1.8,0.8,1.4,47.275,4.796052631578947,63.875,2.302631578947368,0.0789473684210526,1.0,40.9,4.289473684210527,73.0,2.1578947368421053,0.0526315789473684,0.0
2025-11-08 12:30:00,Tottenham Hotspur,Manchester United,2,2,False,860,1509.3586335866494,1502.885557594228,6.4730759924214,6.791666666666667,1.4,1.0,1.4,1.0,6.895833333333333,2.2,1.6,2.0,2.0,54.7,4.7368421052631575,63.9,1.894736842105263,0.0263157894736842,0.0,53.5,3.9210526315789473,63.8,2.263157894736842,0.0789473684210526,0.0
2025-11-08 15:00:00,West Ham United,Burnley,3,2,False,861,1428.2975128559701,1419.0272852613552,9.27022759461488,6.041666666666667,1.0,1.6,0.8,1.0,7.0,1.4,2.2,1.2,3.0,48.4,4.973684210526316,67.2,2.1578947368421053,0.0789473684210526,0.0,47.275,4.796052631578947,63.875,2.302631578947368,0.0789473684210526,1.0
2025-11-08 15:00:00,Everton,Fulham,2,0,False,862,1499.5443623954573,1483.3941007786154,16.150261616841817,4.791666666666667,0.8,1.6,1.0,1.0,7.0,1.2,1.8,0.6,2.2,40.9,4.289473684210527,73.0,2.1578947368421053,0.0526315789473684,0.0,52.3,4.184210526315789,66.0,2.1052631578947367,0.0526315789473684,0.0
2025-11-08 17:30:00,Sunderland,Arsenal,2,2,False,863,1487.0904976675927,1683.2799532787674,-196.1894556111747,4.895833333333333,1.2,0.8,2.0,1.8,7.104166666666667,1.6,0.2,3.0,0.4,47.275,4.796052631578947,63.875,2.302631578947368,0.0789473684210526,1.0,56.9,3.1578947368421053,71.7,1.8421052631578947,0.1578947368421052,0.0
2025-11-08 20:00:00,Chelsea,Wolverhampton Wanderers,3,0,False,864,1585.5068655338614,1383.4507085810537,202.05615695280767,7.104166666666667,1.6,1.2,1.8,1.2,7.208333333333333,0.8,2.0,0.4,1.6,57.1,4.078947368421052,72.3,2.6578947368421053,0.0526315789473684,0.0,48.1,4.421052631578948,58.9,2.0789473684210527,0.0526315789473684,0.0
2025-11-09 14:00:00,Aston Villa,Bournemouth,4,0,False,865,1557.3554446113912,1555.9915247910344,1.3639198203568412,7.75,1.6,1.0,2.4,1.2,6.895833333333333,2.2,1.8,1.6,2.4,50.5,4.105263157894737,67.3,2.0,0.1052631578947368,0.0,48.5,4.526315789473684,73.3,2.5526315789473686,0.0789473684210526,0.0
2025-11-09 14:00:00,Crystal Palace,Brighton & Hove Albion,0,0,False,866,1576.8792518280356,1544.6471743291856,32.23207749885,7.958333333333333,1.6,1.4,1.4,1.6,7.958333333333333,2.2,1.4,2.0,2.0,42.8,4.0,66.4,2.1052631578947367,0.1052631578947368,0.0,52.3,3.8684210526315783,59.9,2.0526315789473686,0.0789473684210526,0.0
2025-11-09 14:00:00,Brentford,Newcastle United,3,1,False,867,1513.813547729255,1538.644692178571,-24.831144449315843,7.958333333333333,1.6,1.2,1.8,1.8,7.0,1.4,1.6,1.2,1.0,47.9,5.447368421052632,72.5,1.631578947368421,0.0263157894736842,0.0,51.3,4.2368421052631575,70.8,1.7894736842105263,0.0263157894736842,0.0
2025-11-09 14:00:00,Nottingham Forest,Leeds United,3,1,False,868,1457.16943594494,1435.617682680172,21.551753264767967,7.958333333333333,0.4,2.0,0.2,1.0,7.958333333333333,1.0,2.0,0.8,2.4,41.2,4.342105263157895,72.1,2.3684210526315788,0.0526315789473684,0.0,47.275,4.796052631578947,63.875,2.302631578947368,0.0789473684210526,1.0
2025-11-09 16:30:00,Manchester City,Liverpool,3,0,False,869,1641.9589765199917,1643.3995211850977,-1.4405446651060174,7.0,2.2,0.6,2.4,2.6,7.854166666666667,1.4,1.8,0.6,1.8,61.3,3.3684210526315788,65.6,1.5526315789473684,0.0526315789473684,0.0,57.7,3.631578947368421,70.3,1.763157894736842,0.0789473684210526,0.0
2025-11-22 12:30:00,Burnley,Chelsea,0,2,False,870,1411.1329774310796,1591.6993557098808,-180.56637827880127,13.895833333333334,1.6,1.8,1.2,1.0,13.6875,2.0,0.6,2.4,1.0,47.275,4.796052631578947,63.875,2.302631578947368,0.0789473684210526,1.0,57.1,4.078947368421052,72.3,2.6578947368421053,0.0526315789473684,0.0
2025-11-22 15:00:00,Liverpool,Nottingham Forest,0,3,False,871,1629.0657085328148,1469.453014357284,159.6126941755308,12.9375,1.2,2.0,0.6,2.0,13.041666666666666,1.0,2.0,0.8,1.8,57.7,3.631578947368421,70.3,1.763157894736842,0.0789473684210526,0.0,41.2,4.342105263157895,72.1,2.3684210526315788,0.0526315789473684,0.0
2025-11-22 15:00:00,Wolverhampton Wanderers,Crystal Palace,0,2,False,872,1377.2582184050343,1574.1515299839814,-196.89331157894708,13.791666666666666,0.6,2.4,0.2,1.2,13.041666666666666,1.2,1.2,1.0,0.8,48.1,4.421052631578948,58.9,2.0789473684210527,0.0526315789473684,0.0,42.8,4.0,66.4,2.1052631578947367,0.1052631578947368,0.0
2025-11-22 15:00:00,Brighton & Hove Albion,Brentford,2,1,False,873,1547.37489617324,1528.1931262423243,19.181769930915607,13.041666666666666,1.6,1.2,1.6,2.0,13.041666666666666,1.6,1.2,1.8,2.0,52.3,3.8684210526315783,59.9,2.0526315789473686,0.0789473684210526,0.0,47.9,5.447368421052632,72.5,1.631578947368421,0.0263157894736842,0.0
2025-11-22 15:00:00,Bournemouth,West Ham United,2,2,False,874,1540.78004559989,1436.1918206862458,104.58822491364413,13.041666666666666,1.8,2.2,1.4,1.6,14.0,1.4,1.8,1.2,1.6,48.5,4.526315789473684,73.3,2.5526315789473686,0.0789473684210526,0.0,48.4,4.973684210526316,67.2,2.1578947368421053,0.0789473684210526,0.0
2025-11-22 15:00:00,Fulham,Sunderland,1,0,False,875,1470.872053716417,1490.6966559608006,-19.82460224438364,14.0,1.0,1.6,0.6,1.6,13.895833333333334,1.4,1.2,1.6,1.0,52.3,4.184210526315789,66.0,2.1052631578947367,0.0526315789473684,0.0,47.275,4.796052631578947,63.875,2.302631578947368,0.0789473684210526,1.0
2025-11-22 17:30:00,Newcastle United,Manchester City,2,1,False,876,1524.2651136655018,1656.2927891722745,-132.02767550677277,13.145833333333334,1.4,1.8,1.2,1.6,13.041666666666666,1.8,0.4,2.4,0.8,51.3,4.2368421052631575,70.8,1.7894736842105263,0.0263157894736842,0.0,61.3,3.3684210526315788,65.6,1.5526315789473684,0.0526315789473684,0.0
2025-11-23 14:00:00,Leeds United,Aston Villa,1,2,False,877,1423.334104267828,1572.5669238025357,-149.2328195347077,14.0,0.8,2.2,0.6,1.2,14.0,1.8,0.8,2.4,1.0,47.275,4.796052631578947,63.875,2.302631578947368,0.0789473684210526,1.0,50.5,4.105263157894737,67.3,2.0,0.1052631578947368,0.0
2025-11-23 16:30:00,Arsenal,Tottenham Hotspur,4,1,False,878,1679.6737949855594,1507.3300091986766,172.3437857868828,14.0,1.6,0.4,2.6,2.4,14.0,1.6,1.2,1.4,0.6,56.9,3.1578947368421053,71.7,1.8421052631578947,0.1578947368421052,0.0,54.7,4.7368421052631575,63.9,1.894736842105263,0.0263157894736842,0.0
2025-11-24 20:00:00,Manchester United,Everton,0,1,False,879,1504.9141819822007,1512.0664094576557,-7.152227475454993,14.0,2.4,1.4,2.2,2.2,14.0,1.0,1.4,1.4,1.6,53.5,3.9210526315789473,63.8,2.263157894736842,0.0789473684210526,0.0,40.9,4.289473684210527,73.0,2.1578947368421053,0.0526315789473684,0.0
2025-11-29 15:00:00,Brentford,Burnley,3,1,False,880,1520.5697455502009,1400.0972623586,120.47248319160099,7.0,1.8,1.4,1.8,2.2,7.104166666666667,1.4,1.8,1.2,3.0,47.9,5.447368421052632,72.5,1.631578947368421,0.0263157894736842,0.0,47.275,4.796052631578947,63.875,2.302631578947368,0.0789473684210526,1.0
2025-11-29 15:00:00,Manchester City,Leeds United,3,2,False,881,1644.3871607290985,1415.7121098607859,228.6750508683126,6.895833333333333,1.8,0.8,1.8,3.2,6.041666666666667,0.8,2.2,0.6,2.0,61.3,3.3684210526315788,65.6,1.5526315789473684,0.0526315789473684,0.0,47.275,4.796052631578947,63.875,2.302631578947368,0.0789473684210526,1.0
2025-11-29 15:00:00,Sunderland,Bournemouth,3,2,False,882,1481.9896300449834,1536.252861855447,-54.263231810463594,7.0,1.4,1.0,1.6,1.6,7.0,1.6,2.4,1.0,2.4,47.275,4.796052631578947,63.875,2.302631578947368,0.0789473684210526,1.0,48.5,4.526315789473684,73.3,2.5526315789473686,0.0789473684210526,0.0
2025-11-29 17:30:00,Everton,Newcastle United,1,4,False,883,1523.71618525914,1536.1707421086778,-12.454556849537767,4.895833333333333,0.8,1.2,1.4,1.0,7.0,1.4,2.0,1.2,1.6,40.9,4.289473684210527,73.0,2.1578947368421053,0.0526315789473684,0.0,51.3,4.2368421052631575,70.8,1.7894736842105263,0.0263157894736842,0.0
2025-11-29 20:00:00,Tottenham Hotspur,Fulham,1,2,False,884,1500.2171459132496,1479.5790796322342,20.638066281015426,6.145833333333333,1.4,1.8,0.8,0.8,7.208333333333333,1.0,1.0,1.2,2.4,54.7,4.7368421052631575,63.9,1.894736842105263,0.0263157894736842,0.0,52.3,4.184210526315789,66.0,2.1052631578947367,0.0526315789473684,0.0
2025-11-30 12:00:00,Crystal Palace,Manchester United,1,2,False,885,1584.5129045447143,1493.2644061807164,91.2484983639979,7.875,1.4,0.8,1.6,1.4,5.666666666666667,2.0,1.6,1.6,2.2,42.8,4.0,66.4,2.1052631578947367,0.1052631578947368,0.0,53.5,3.9210526315789473,63.8,2.263157894736842,0.0789473684210526,0.0
2025-11-30 14:05:00,Aston Villa,Wolverhampton Wanderers,1,0,False,886,1580.1889182095779,1366.8968438443014,213.29207436527645,7.003472222222222,1.8,0.8,2.4,2.0,7.961805555555555,0.4,2.6,0.0,2.0,50.5,4.105263157894737,67.3,2.0,0.1052631578947368,0.0,48.1,4.421052631578948,58.9,2.0789473684210527,0.0526315789473684,0.0
2025-11-30 14:05:00,Nottingham Forest,Brighton & Hove Albion,0,2,False,887,1496.9157729698702,1554.9982768653633,-58.08250389549312,7.961805555555555,1.6,1.6,1.4,1.0,7.961805555555555,1.8,1.2,2.0,1.6,41.2,4.342105263157895,72.1,2.3684210526315788,0.0526315789473684,0.0,52.3,3.8684210526315783,59.9,2.0526315789473686,0.0789473684210526,0.0
2025-11-30 14:05:00,West Ham United,Liverpool,0,2,False,888,1440.7190044306888,1601.6029499202286,-160.88394548953988,7.961805555555555,1.8,1.8,1.4,1.4,7.961805555555555,1.0,2.2,0.6,2.0,48.4,4.973684210526316,67.2,2.1578947368421053,0.0789473684210526,0.0,57.7,3.631578947368421,70.3,1.763157894736842,0.0789473684210526,0.0
2025-11-30 16:30:00,Chelsea,Arsenal,1,1,False,889,1602.7350707823605,1686.7866582709864,-84.05158748862596,8.166666666666666,2.0,0.4,2.4,1.8,7.0,2.0,0.6,2.6,0.8,57.1,4.078947368421052,72.3,2.6578947368421053,0.0526315789473684,0.0,56.9,3.1578947368421053,71.7,1.8421052631578947,0.1578947368421052,0.0
2025-12-02 19:30:00,Bournemouth,Everton,0,1,False,890,1526.5617925496122,1503.5895173096856,22.972275239926603,3.1875,1.4,2.4,0.8,1.8,3.0833333333333335,1.0,1.6,1.4,1.4,48.5,4.526315789473684,73.3,2.5526315789473686,0.0789473684210526,0.0,40.9,4.289473684210527,73.0,2.1578947368421053,0.0526315789473684,0.0
2025-12-02 19:30:00,Fulham,Manchester City,4,5,False,891,1491.9952074040593,1647.5012851347603,-155.506077730701,2.9791666666666665,1.4,1.0,1.8,1.6,3.1875,2.0,1.2,1.8,1.2,52.3,4.184210526315789,66.0,2.1052631578947367,0.0526315789473684,0.0,61.3,3.3684210526315788,65.6,1.5526315789473684,0.0526315789473684,0.0
2025-12-02 20:15:00,Newcastle United,Tottenham Hotspur,2,2,False,892,1556.2974100581323,1487.8010181414245,68.49639191670781,3.1145833333333335,2.0,1.8,1.8,1.6,3.0104166666666665,1.4,1.8,0.8,1.4,51.3,4.2368421052631575,70.8,1.7894736842105263,0.0263157894736842,0.0,54.7,4.7368421052631575,63.9,1.894736842105263,0.0263157894736842,0.0
2025-12-03 19:30:00,Brighton & Hove Albion,Aston Villa,3,4,False,893,1571.5717741269732,1583.5430252079152,-11.971251080942011,3.2256944444444446,1.8,1.0,2.0,2.2,3.2256944444444446,1.6,0.6,2.4,1.0,52.3,3.8684210526315783,59.9,2.0526315789473686,0.0789473684210526,0.0,50.5,4.105263157894737,67.3,2.0,0.1052631578947368,0.0
2025-12-03 19:30:00,Arsenal,Brentford,2,0,False,894,1686.2388584472264,1528.8847830240607,157.3540754231658,3.125,2.0,0.8,2.2,2.2,4.1875,2.0,1.6,1.8,1.8,56.9,3.1578947368421053,71.7,1.8421052631578947,0.1578947368421052,0.0,47.9,5.447368421052632,72.5,1.631578947368421,0.0263157894736842,0.0
2025-12-03 19:30:00,Burnley,Crystal Palace,0,1,False,895,1391.7822248847401,1570.2962218851148,-178.51399700037473,4.1875,1.2,2.4,0.6,0.6,3.3125,1.0,0.6,1.4,0.8,47.275,4.796052631578947,63.875,2.302631578947368,0.0789473684210526,1.0,42.8,4.0,66.4,2.1052631578947367,0.1052631578947368,0.0
2025-12-03 19:30:00,Wolverhampton Wanderers,Nottingham Forest,0,1,False,896,1363.542736845964,1480.3422757082603,-116.79953886229623,3.2256944444444446,0.4,2.4,0.0,1.2,3.2256944444444446,1.6,1.4,1.4,1.6,48.1,4.421052631578948,58.9,2.0789473684210527,0.0526315789473684,0.0,41.2,4.342105263157895,72.1,2.3684210526315788,0.0526315789473684,0.0
2025-12-03 20:15:00,Liverpool,Sunderland,1,1,False,897,1613.4788258005244,1491.6806993508183,121.79812644970616,3.2569444444444446,1.2,1.8,1.2,1.2,4.21875,1.6,1.4,1.6,0.8,57.7,3.631578947368421,70.3,1.763157894736842,0.0789473684210526,0.0,47.275,4.796052631578947,63.875,2.302631578947368,0.0789473684210526,1.0
2025-12-03 20:15:00,Leeds United,Chelsea,3,1,False,898,1412.597985455124,1603.2828706061205,-190.68488515099648,4.21875,1.2,2.4,0.6,1.2,3.15625,1.6,0.6,2.0,0.8,47.275,4.796052631578947,63.875,2.302631578947368,0.0789473684210526,1.0,57.1,4.078947368421052,72.3,2.6578947368421053,0.0526315789473684,0.0
2025-12-04 20:00:00,Manchester United,West Ham United,1,1,False,899,1507.4810888403158,1428.843128550393,78.63796028992283,4.333333333333333,2.0,1.6,1.6,2.2,4.246527777777778,1.8,1.8,1.4,1.4,53.5,3.9210526315789473,63.8,2.263157894736842,0.0789473684210526,0.0,48.4,4.973684210526316,67.2,2.1578947368421053,0.0789473684210526,0.0
2025-12-06 12:30:00,Aston Villa,Arsenal,2,1,False,900,1595.0575727452444,1693.3093903689457,-98.2518176237013,2.7083333333333335,2.2,1.2,2.4,2.2,2.7083333333333335,2.2,0.8,2.2,0.8,50.5,4.105263157894737,67.3,2.0,0.1052631578947368,0.0,56.9,3.1578947368421053,71.7,1.8421052631578947,0.1578947368421052,0.0
2025-12-06 15:00:00,Bournemouth,Chelsea,0,0,False,901,1514.0825062942965,1581.3981066199656,-67.31560032566904,3.8125,1.0,2.6,0.2,1.4,2.78125,1.6,0.8,2.0,1.0,48.5,4.526315789473684,73.3,2.5526315789473686,0.0789473684210526,0.0,57.1,4.078947368421052,72.3,2.6578947368421053,0.0526315789473684,0.0
2025-12-06 15:00:00,Everton,Nottingham Forest,3,0,False,902,1516.0688035650012,1488.862314514386,27.20648905061512,3.8125,1.2,1.0,2.0,1.2,2.8125,1.8,1.0,2.0,1.0,40.9,4.289473684210527,73.0,2.1578947368421053,0.0526315789473684,0.0,41.2,4.342105263157895,72.1,2.3684210526315788,0.0526315789473684,0.0
2025-12-06 15:00:00,Manchester City,Sunderland,3,0,False,903,1654.9536777500457,1496.5927563363641,158.36092141368158,3.8125,3.0,1.8,2.4,3.2,2.78125,1.4,1.4,1.2,1.0,61.3,3.3684210526315788,65.6,1.5526315789473684,0.0526315789473684,0.0,47.275,4.796052631578947,63.875,2.302631578947368,0.0789473684210526,1.0
2025-12-06 15:00:00,Newcastle United,Burnley,2,1,False,904,1552.633626400668,1384.93792559449,167.6957008061779,3.78125,2.0,2.0,1.4,1.8,2.8125,0.6,2.2,0.0,3.0,51.3,4.2368421052631575,70.8,1.7894736842105263,0.0263157894736842,0.0,47.275,4.796052631578947,63.875,2.302631578947368,0.0789473684210526,1.0
2025-12-06 15:00:00,Tottenham Hotspur,Brentford,2,0,False,905,1491.4648017988889,1521.8142511023414,-30.349449303452502,3.78125,1.2,2.2,0.4,1.0,2.8125,1.4,1.6,1.2,1.8,54.7,4.7368421052631575,63.9,1.894736842105263,0.0263157894736842,0.0,47.9,5.447368421052632,72.5,1.631578947368421,0.0263157894736842,0.0
2025-12-06 17:30:00,Leeds United,Liverpool,3,3,False,906,1434.4827494412789,1608.5667688149786,-174.08401937369968,2.8854166666666665,1.4,2.4,0.6,1.8,2.8854166666666665,1.0,1.4,1.4,2.0,47.275,4.796052631578947,63.875,2.302631578947368,0.0789473684210526,1.0,57.7,3.631578947368421,70.3,1.763157894736842,0.0789473684210526,0.0
2025-12-07 14:00:00,Brighton & Hove Albion,West Ham United,1,1,False,907,1560.057226589644,1432.7568833521836,127.30034323746031,3.7708333333333335,2.0,1.0,2.0,2.4,2.75,1.8,1.6,1.6,1.6,52.3,3.8684210526315783,59.9,2.0526315789473686,0.0789473684210526,0.0,48.4,4.973684210526316,67.2,2.1578947368421053,0.0789473684210526,0.0
2025-12-07 16:30:00,Fulham,Crystal Palace,1,2,False,908,1484.542814788774,1577.140521175365,-92.59770638659097,4.875,2.0,1.6,1.8,2.2,3.875,1.2,0.4,2.0,0.8,52.3,4.184210526315789,66.0,2.1052631578947367,0.0526315789473684,0.0,42.8,4.0,66.4,2.1052631578947367,0.1052631578947368,0.0
2025-12-08 20:00:00,Wolverhampton Wanderers,Manchester United,1,4,False,909,1355.0226980398384,1503.5673340385251,-148.54463599868677,5.020833333333333,0.0,2.0,0.0,0.8,4.0,1.4,1.4,1.2,1.8,48.1,4.421052631578948,58.9,2.0789473684210527,0.0526315789473684,0.0,53.5,3.9210526315789473,63.8,2.263157894736842,0.0789473684210526,0.0
2025-12-13 15:00:00,Chelsea,Everton,2,0,False,910,1581.3314592718975,1529.0305017347687,52.30095753712885,7.0,1.4,0.8,1.6,1.6,7.0,1.6,0.8,2.4,1.0,57.1,4.078947368421052,72.3,2.6578947368421053,0.0526315789473684,0.0,40.9,4.289473684210527,73.0,2.1578947368421053,0.0526315789473684,0.0
2025-12-13 15:00:00,Liverpool,Brighton & Hove Albion,2,0,False,911,1605.5263331352648,1555.0259516017973,50.50038153346759,6.895833333333333,1.2,2.0,1.0,1.2,6.041666666666667,1.6,1.2,1.6,1.2,57.7,3.631578947368421,70.3,1.763157894736842,0.0789473684210526,0.0,52.3,3.8684210526315783,59.9,2.0526315789473686,0.0789473684210526,0.0
2025-12-13 17:30:00,Burnley,Fulham,2,3,False,912,1380.786093272966,1475.3354742269103,-94.54938095394436,7.104166666666667,0.8,2.2,0.0,0.6,6.041666666666667,1.6,2.0,1.2,2.2,47.275,4.796052631578947,63.875,2.302631578947368,0.0789473684210526,1.0,52.3,4.184210526315789,66.0,2.1052631578947367,0.0526315789473684,0.0
2025-12-13 20:00:00,Arsenal,Wolverhampton Wanderers,2,1,False,913,1682.3552376041177,1341.6514894791524,340.7037481249654,7.3125,2.0,1.2,1.6,2.0,5.0,0.2,2.2,0.0,2.0,56.9,3.1578947368421053,71.7,1.8421052631578947,0.1578947368421052,0.0,48.1,4.421052631578948,58.9,2.0789473684210527,0.0526315789473684,0.0
2025-12-14 14:00:00,Sunderland,Newcastle United,1,0,False,914,1489.0128118336147,1556.785458722192,-67.77264688857736,7.958333333333333,1.2,1.8,1.0,1.8,7.958333333333333,2.2,1.6,2.0,1.8,47.275,4.796052631578947,63.875,2.302631578947368,0.0789473684210526,1.0,51.3,4.2368421052631575,70.8,1.7894736842105263,0.0263157894736842,0.0
2025-12-14 14:00:00,Crystal Palace,Manchester City,0,3,False,915,1586.3478617372286,1662.533622252795,-76.18576051556647,6.895833333333333,1.2,0.6,2.0,1.6,7.958333333333333,3.0,1.6,2.4,1.6,42.8,4.0,66.4,2.1052631578947367,0.1052631578947368,0.0,61.3,3.3684210526315788,65.6,1.5526315789473684,0.0526315789473684,0.0
2025-12-14 14:00:00,Nottingham Forest,Tottenham Hotspur,3,0,False,916,1475.9006163446186,1506.0995038830447,-30.198887538426106,7.958333333333333,1.4,1.2,1.8,1.0,7.958333333333333,1.6,2.0,1.0,1.8,41.2,4.342105263157895,72.1,2.3684210526315788,0.0526315789473684,0.0,54.7,4.7368421052631575,63.9,1.894736842105263,0.0263157894736842,0.0
2025-12-14 14:00:00,West Ham United,Aston Villa,2,3,False,917,1437.7881583400303,1606.0117255100724,-168.2235671700421,7.0,1.4,1.6,1.2,1.4,8.0625,2.6,1.0,3.0,1.6,48.4,4.973684210526316,67.2,2.1578947368421053,0.0789473684210526,0.0,50.5,4.105263157894737,67.3,2.0,0.1052631578947368,0.0
2025-12-14 16:30:00,Brentford,Leeds United,1,1,False,918,1507.1795490181855,1437.5231851209926,69.65636389719293,8.0625,1.4,1.6,1.2,2.4,7.958333333333333,2.0,2.4,0.8,2.4,47.9,5.447368421052632,72.5,1.631578947368421,0.0263157894736842,0.0,47.275,4.796052631578947,63.875,2.302631578947368,0.0789473684210526,1.0
2025-12-15 20:00:00,Manchester United,Bournemouth,4,4,False,919,1516.9385425992111,1514.1491536423646,2.789388956846551,7.0,1.8,1.2,1.6,1.8,9.208333333333334,0.8,2.0,0.4,3.0,53.5,3.9210526315789473,63.8,2.263157894736842,0.0789473684210526,0.0,48.5,4.526315789473684,73.3,2.5526315789473686,0.0789473684210526,0.0
2025-12-20 12:30:00,Newcastle United,Chelsea,2,2,False,920,1546.7056572238287,1592.2945161492496,-45.588858925420936,5.9375,2.0,1.2,2.0,2.0,6.895833333333333,1.2,0.8,1.6,0.6,51.3,4.2368421052631575,70.8,1.7894736842105263,0.0263157894736842,0.0,57.1,4.078947368421052,72.3,2.6578947368421053,0.0526315789473684,0.0
2025-12-20 15:00:00,Bournemouth,Burnley,1,1,False,921,1516.0759009559972,1371.6345480455552,144.441352910442,4.791666666666667,1.6,2.0,0.6,1.4,6.895833333333333,0.8,2.2,0.0,2.4,48.5,4.526315789473684,73.3,2.5526315789473686,0.0789473684210526,0.0,47.275,4.796052631578947,63.875,2.302631578947368,0.0789473684210526,1.0
2025-12-20 15:00:00,Brighton & Hove Albion,Sunderland,0,0,False,922,1543.9874674319578,1499.092613331978,44.89485409997974,7.0,1.6,1.6,1.4,2.2,6.041666666666667,1.0,1.4,1.4,1.6,52.3,3.8684210526315783,59.9,2.0526315789473686,0.0789473684210526,0.0,47.275,4.796052631578947,63.875,2.302631578947368,0.0789473684210526,1.0
2025-12-20 15:00:00,Manchester City,West Ham United,3,0,False,923,1679.4704007197768,1430.6747351250638,248.795665594713,6.041666666666667,3.0,1.6,2.4,2.8,6.041666666666667,1.2,1.8,0.6,1.6,61.3,3.3684210526315788,65.6,1.5526315789473684,0.0526315789473684,0.0,48.4,4.973684210526316,67.2,2.1578947368421053,0.0789473684210526,0.0
2025-12-20 15:00:00,Wolverhampton Wanderers,Brentford,0,2,False,924,1339.886853732816,1503.486895701858,-163.60004196904197,6.791666666666667,0.4,2.0,0.0,0.8,5.9375,1.0,1.6,0.8,1.6,48.1,4.421052631578948,58.9,2.0789473684210527,0.0526315789473684,0.0,47.9,5.447368421052632,72.5,1.631578947368421,0.0263157894736842,0.0
2025-12-20 17:30:00,Tottenham Hotspur,Liverpool,1,2,False,925,1490.3465638800583,1616.5648173051043,-126.21825342504599,6.145833333333333,1.2,2.2,0.8,1.2,7.104166666666667,1.6,1.4,1.6,2.2,54.7,4.7368421052631575,63.9,1.894736842105263,0.0263157894736842,0.0,57.7,3.631578947368421,70.3,1.763157894736842,0.0789473684210526,0.0
2025-12-20 20:00:00,Leeds United,Crystal Palace,4,1,False,926,1441.2158384373201,1569.411083270247,-128.19524483292685,6.145833333333333,2.0,2.0,1.0,2.0,6.25,1.2,1.2,1.8,0.8,47.275,4.796052631578947,63.875,2.302631578947368,0.0789473684210526,1.0,42.8,4.0,66.4,2.1052631578947367,0.1052631578947368,0.0
2025-12-20 20:00:00,Everton,Arsenal,0,1,False,927,1518.0674448574166,1684.119873350454,-166.0524284930375,7.208333333333333,1.2,1.2,1.8,1.6,7.0,2.0,1.0,2.0,1.0,40.9,4.289473684210527,73.0,2.1578947368421053,0.0526315789473684,0.0,56.9,3.1578947368421053,71.7,1.8421052631578947,0.1578947368421052,0.0
2025-12-21 16:30:00,Aston Villa,Manchester United,2,1,False,928,1613.125148725039,1515.0117952855785,98.11335343946052,7.104166666666667,2.4,1.4,3.0,2.0,5.854166666666667,2.2,1.6,1.6,1.4,50.5,4.105263157894737,67.3,2.0,0.1052631578947368,0.0,53.5,3.9210526315789473,63.8,2.263157894736842,0.0789473684210526,0.0
2025-12-22 20:00:00,Fulham,Nottingham Forest,1,0,False,929,1484.487019454321,1491.653556347605,-7.1665368932840465,9.104166666666666,2.2,2.0,1.8,1.8,8.25,1.4,1.0,1.8,1.4,52.3,4.184210526315789,66.0,2.1052631578947367,0.0526315789473684,0.0,41.2,4.342105263157895,72.1,2.3684210526315788,0.0526315789473684,0.0
2025-12-26 20:00:00,Manchester United,Newcastle United,1,0,False,930,1509.3895695651033,1546.1475402596598,-36.757970694556434,5.145833333333333,2.4,1.8,1.6,2.2,6.3125,2.0,1.4,1.6,2.0,53.5,3.9210526315789473,63.8,2.263157894736842,0.0789473684210526,0.0,51.3,4.2368421052631575,70.8,1.7894736842105263,0.0263157894736842,0.0
2025-12-27 12:30:00,Nottingham Forest,Manchester City,1,2,False,931,1483.3029314980063,1684.4081821694135,-201.10525067140725,4.6875,0.8,1.2,1.2,1.6,6.895833333333333,3.4,1.2,3.0,1.4,41.2,4.342105263157895,72.1,2.3684210526315788,0.0526315789473684,0.0,61.3,3.3684210526315788,65.6,1.5526315789473684,0.0526315789473684,0.0
2025-12-27 15:00:00,West Ham United,Fulham,0,1,False,932,1425.736953675427,1492.8376443039197,-67.10069062849266,7.0,0.8,2.0,0.4,1.6,4.791666666666667,2.2,2.0,1.8,2.0,48.4,4.973684210526316,67.2,2.1578947368421053,0.0789473684210526,0.0,52.3,4.184210526315789,66.0,2.1052631578947367,0.0526315789473684,0.0
2025-12-27 15:00:00,Burnley,Everton,0,0,False,933,1377.0250845736623,1510.8966353828785,-133.87155080921616,7.0,1.0,2.0,0.2,0.8,6.791666666666667,1.0,1.4,1.2,1.0,47.275,4.796052631578947,63.875,2.302631578947368,0.0789473684210526,1.0,40.9,4.289473684210527,73.0,2.1578947368421053,0.0526315789473684,0.0
2025-12-27 15:00:00,Liverpool,Wolverhampton Wanderers,2,1,False,934,1624.8208253950475,1328.1285587948523,296.6922666001951,6.895833333333333,2.0,1.0,2.2,1.2,7.0,0.4,2.0,0.0,2.2,57.7,3.631578947368421,70.3,1.763157894736842,0.0789473684210526,0.0,48.1,4.421052631578948,58.9,2.0789473684210527,0.0526315789473684,0.0
2025-12-27 15:00:00,Arsenal,Brighton & Hove Albion,2,1,False,935,1691.2906828249922,1540.9258665045002,150.36481632049208,6.791666666666667,1.4,0.8,2.0,2.2,7.0,1.2,1.4,1.0,1.4,56.9,3.1578947368421053,71.7,1.8421052631578947,0.1578947368421052,0.0,52.3,3.8684210526315783,59.9,2.0526315789473686,0.0789473684210526,0.0
2025-12-27 15:00:00,Brentford,Bournemouth,4,1,False,936,1515.2451906398217,1510.6853644278901,4.559826211931522,7.0,1.2,1.2,1.4,2.0,7.0,1.4,1.8,0.6,3.4,47.9,5.447368421052632,72.5,1.631578947368421,0.0263157894736842,0.0,48.5,4.526315789473684,73.3,2.5526315789473686,0.0789473684210526,0.0
2025-12-27 17:30:00,Chelsea,Aston Villa,1,2,False,937,1592.8526331134185,1618.7473744455142,-25.89474133209569,7.208333333333333,1.2,1.2,1.2,1.8,6.041666666666667,2.4,1.4,3.0,1.8,57.1,4.078947368421052,72.3,2.6578947368421053,0.0526315789473684,0.0,50.5,4.105263157894737,67.3,2.0,0.1052631578947368,0.0
2025-12-28 14:00:00,Sunderland,Leeds United,1,1,False,938,1502.1542142594358,1461.8642779893448,40.28993627009095,7.958333333333333,1.0,1.2,1.6,1.8,7.75,2.6,1.8,1.6,2.4,47.275,4.796052631578947,63.875,2.302631578947368,0.0789473684210526,1.0,47.275,4.796052631578947,63.875,2.302631578947368,0.0789473684210526,1.0
2025-12-28 16:30:00,Crystal Palace,Tottenham Hotspur,0,1,False,939,1548.7626437182223,1482.090555790115,66.6720879281072,7.854166666666667,1.0,2.0,1.2,1.2,7.958333333333333,1.2,1.8,0.8,2.0,42.8,4.0,66.4,2.1052631578947367,0.1052631578947368,0.0,54.7,4.7368421052631575,63.9,1.894736842105263,0.0263157894736842,0.0
2025-12-30 19:30:00,Burnley,Newcastle United,1,3,False,940,1378.9818046330015,1536.9586255518743,-157.97682091887282,3.1875,0.8,1.4,0.4,0.4,3.9791666666666665,1.2,1.4,1.0,1.8,47.275,4.796052631578947,63.875,2.302631578947368,0.0789473684210526,1.0,51.3,4.2368421052631575,70.8,1.7894736842105263,0.0263157894736842,0.0
2025-12-30 19:30:00,Chelsea,Bournemouth,2,2,False,941,1581.7318222597926,1496.6429520031497,85.08887025664285,3.0833333333333335,1.2,1.4,1.0,1.6,3.1875,1.2,2.0,0.6,3.6,57.1,4.078947368421052,72.3,2.6578947368421053,0.0526315789473684,0.0,48.5,4.526315789473684,73.3,2.5526315789473686,0.0789473684210526,0.0
2025-12-30 19:30:00,Nottingham Forest,Everton,0,2,False,942,1477.0315451457848,1508.9399153235393,-31.908370177754477,3.2916666666666665,1.0,1.2,1.2,1.8,3.1875,0.8,0.6,1.4,0.6,41.2,4.342105263157895,72.1,2.3684210526315788,0.0526315789473684,0.0,40.9,4.289473684210527,73.0,2.1578947368421053,0.0526315789473684,0.0
2025-12-30 19:30:00,West Ham United,Brighton & Hove Albion,2,2,False,943,1415.7974156752275,1536.4362399847928,-120.63882430956528,3.1875,0.8,1.8,0.4,1.6,3.1875,1.0,1.8,0.4,1.6,48.4,4.973684210526316,67.2,2.1578947368421053,0.0789473684210526,0.0,52.3,3.8684210526315783,59.9,2.0526315789473686,0.0789473684210526,0.0
2025-12-30 20:15:00,Manchester United,Wolverhampton Wanderers,1,1,False,944,1518.5784842728888,1325.9115194468784,192.66696482601037,4.010416666666667,2.2,1.6,1.6,2.0,3.21875,0.6,2.2,0.0,2.2,53.5,3.9210526315789473,63.8,2.263157894736842,0.0789473684210526,0.0,48.1,4.421052631578948,58.9,2.0789473684210527,0.0526315789473684,0.0
2025-12-30 20:15:00,Arsenal,Aston Villa,4,1,False,945,1695.7803093446996,1629.8681852991401,65.9121240455595,3.21875,1.6,0.8,2.4,2.2,3.1145833333333335,2.6,1.6,3.0,1.8,56.9,3.1578947368421053,71.7,1.8421052631578947,0.1578947368421052,0.0,50.5,4.105263157894737,67.3,2.0,0.1052631578947368,0.0
2026-01-01 17:30:00,Crystal Palace,Fulham,1,1,False,946,1535.14440668262,1502.7771823041192,32.36722437850085,4.041666666666667,0.8,1.8,1.2,0.6,5.104166666666667,2.0,1.8,1.8,1.4,42.8,4.0,66.4,2.1052631578947367,0.1052631578947368,0.0,52.3,4.184210526315789,66.0,2.1052631578947367,0.0526315789473684,0.0
2026-01-01 17:30:00,Liverpool,Leeds United,0,0,False,947,1627.0378647430214,1464.8052799388483,162.23258480417303,5.104166666666667,2.0,1.2,2.2,1.4,4.145833333333333,2.4,1.4,1.8,2.2,57.7,3.631578947368421,70.3,1.763157894736842,0.0789473684210526,0.0,47.275,4.796052631578947,63.875,2.302631578947368,0.0789473684210526,1.0
2026-01-01 20:00:00,Sunderland,Manchester City,0,0,False,948,1499.2132123099323,1690.679568521635,-191.46635621170276,4.25,0.6,1.0,1.2,1.6,5.3125,3.2,1.0,3.0,1.6,47.275,4.796052631578947,63.875,2.302631578947368,0.0789473684210526,1.0,61.3,3.3684210526315788,65.6,1.5526315789473684,0.0526315789473684,0.0
2026-01-01 20:00:00,Brentford,Tottenham Hotspur,0,0,False,949,1529.287603064562,1495.7087928257174,33.57881023884465,5.208333333333333,1.4,1.2,1.4,2.8,4.145833333333333,1.2,1.4,1.4,1.8,47.9,5.447368421052632,72.5,1.631578947368421,0.0263157894736842,0.0,54.7,4.7368421052631575,63.9,1.894736842105263,0.0263157894736842,0.0
2026-01-03 12:30:00,Aston Villa,Nottingham Forest,3,1,False,950,1618.6668064605963,1459.238471204869,159.42833525572723,3.6770833333333335,2.0,1.8,2.4,2.0,3.7083333333333335,0.8,1.6,0.6,1.2,50.5,4.105263157894737,67.3,2.0,0.1052631578947368,0.0,41.2,4.342105263157895,72.1,2.3684210526315788,0.0526315789473684,0.0
2026-01-03 15:00:00,Brighton & Hove Albion,Burnley,2,0,False,951,1534.8483764714665,1366.9795289924486,167.86884747901786,3.8125,0.8,1.4,0.6,1.8,3.8125,1.0,1.8,0.4,2.2,52.3,3.8684210526315783,59.9,2.0526315789473686,0.0789473684210526,0.0,47.275,4.796052631578947,63.875,2.302631578947368,0.0789473684210526,1.0
2026-01-03 15:00:00,Wolverhampton Wanderers,West Ham United,3,0,False,952,1332.2127797365536,1417.3852791885538,-85.17249945200024,3.78125,0.8,2.2,0.2,0.6,3.8125,1.0,2.0,0.4,1.8,48.1,4.421052631578948,58.9,2.0789473684210527,0.0526315789473684,0.0,48.4,4.973684210526316,67.2,2.1578947368421053,0.0789473684210526,0.0
2026-01-03 17:30:00,Bournemouth,Arsenal,2,3,False,953,1500.712786508612,1706.9816881832435,-206.26890167463148,3.9166666666666665,1.6,2.2,0.8,1.0,3.8854166666666665,2.0,1.0,2.4,1.0,48.5,4.526315789473684,73.3,2.5526315789473686,0.0789473684210526,0.0,56.9,3.1578947368421053,71.7,1.8421052631578947,0.1578947368421052,0.0
2026-01-04 12:30:00,Leeds United,Manchester United,1,1,False,954,1470.5490330743094,1512.2772239832136,-41.72819090890425,2.7916666666666665,1.8,1.2,1.4,2.6,4.677083333333333,2.2,1.6,1.6,1.6,47.275,4.796052631578947,63.875,2.302631578947368,0.0789473684210526,1.0,53.5,3.9210526315789473,63.8,2.263157894736842,0.0789473684210526,0.0
2026-01-04 15:00:00,Everton,Brentford,2,4,False,955,1526.732989264455,1526.5240412900741,0.20894797438086243,4.8125,1.0,0.6,1.4,1.2,2.7916666666666665,1.4,0.8,1.6,1.6,40.9,4.289473684210527,73.0,2.1578947368421053,0.0526315789473684,0.0,47.9,5.447368421052632,72.5,1.631578947368421,0.0263157894736842,0.0
2026-01-04 15:00:00,Newcastle United,Crystal Palace,2,0,False,956,1548.9609011924272,1532.4130848030766,16.5478163893506,4.8125,1.4,1.2,1.4,2.0,2.8958333333333335,0.8,2.0,0.8,1.2,51.3,4.2368421052631575,70.8,1.7894736842105263,0.0263157894736842,0.0,42.8,4.0,66.4,2.1052631578947367,0.1052631578947368,0.0
2026-01-04 15:00:00,Tottenham Hotspur,Sunderland,1,1,False,957,1498.4723546002053,1502.7005319914915,-4.228177391286181,2.7916666666666665,0.8,1.0,1.4,1.2,2.7916666666666665,0.4,0.8,1.2,1.2,54.7,4.7368421052631575,63.9,1.894736842105263,0.0263157894736842,0.0,47.275,4.796052631578947,63.875,2.302631578947368,0.0789473684210526,1.0
2026-01-04 15:15:00,Fulham,Liverpool,2,2,False,958,1505.5085041836626,1621.2941116075604,-115.78560742389777,2.90625,1.4,1.0,2.0,2.0,2.90625,1.8,1.0,2.2,2.0,52.3,4.184210526315789,66.0,2.1052631578947367,0.0526315789473684,0.0,57.7,3.631578947368421,70.3,1.763157894736842,0.0789473684210526,0.0
2026-01-04 17:30:00,Manchester City,Chelsea,1,1,False,959,1687.1922488400758,1577.6619877543303,109.53026108574545,2.8958333333333335,2.2,0.2,2.6,3.0,4.916666666666667,1.4,1.2,1.2,1.0,61.3,3.3684210526315788,65.6,1.5526315789473684,0.0526315789473684,0.0,57.1,4.078947368421052,72.3,2.6578947368421053,0.0526315789473684,0.0
2026-01-06 20:00:00,West Ham United,Nottingham Forest,1,2,False,960,1398.870349794846,1452.2337743858131,-53.36342459096704,3.2083333333333335,0.8,2.4,0.2,1.4,3.3125,1.0,1.6,0.6,1.4,48.4,4.973684210526316,67.2,2.1578947368421053,0.0789473684210526,0.0,41.2,4.342105263157895,72.1,2.3684210526315788,0.0526315789473684,0.0
2026-01-07 19:30:00,Manchester City,Brighton & Hove Albion,1,1,False,961,1682.5527062949373,1541.5897769596902,140.96292933524705,3.0833333333333335,1.8,0.4,2.2,2.6,4.1875,1.0,1.2,1.0,1.2,61.3,3.3684210526315788,65.6,1.5526315789473684,0.0526315789473684,0.0,52.3,3.8684210526315783,59.9,2.0526315789473686,0.0789473684210526,0.0
2026-01-07 19:30:00,Everton,Wolverhampton Wanderers,1,1,False,962,1507.46839928979,1350.7277091302612,156.74069015952887,3.1875,0.8,1.4,0.8,1.6,4.1875,1.2,1.4,0.8,1.8,40.9,4.289473684210527,73.0,2.1578947368421053,0.0526315789473684,0.0,48.1,4.421052631578948,58.9,2.0789473684210527,0.0526315789473684,0.0
2026-01-07 19:30:00,Fulham,Chelsea,2,1,False,963,1506.959909029708,1582.3015302994688,-75.34162126976094,3.1770833333333335,1.6,1.0,2.2,1.8,3.0833333333333335,1.6,1.4,1.2,1.2,52.3,4.184210526315789,66.0,2.1052631578947367,0.0526315789473684,0.0,57.1,4.078947368421052,72.3,2.6578947368421053,0.0526315789473684,0.0
2026-01-07 19:30:00,Crystal Palace,Aston Villa,0,0,False,964,1519.9086486366032,1625.6715032796521,-105.76285464304897,3.1875,0.4,2.2,0.2,0.4,4.291666666666667,2.2,1.8,2.4,2.2,42.8,4.0,66.4,2.1052631578947367,0.1052631578947368,0.0,50.5,4.105263157894737,67.3,2.0,0.1052631578947368,0.0
2026-01-07 19:30:00,Brentford,Sunderland,3,0,False,965,1545.788631264739,1504.4320626169788,41.35656864776024,3.1875,2.2,0.8,2.2,2.2,3.1875,0.6,0.4,1.4,1.2,47.9,5.447368421052632,72.5,1.631578947368421,0.0263157894736842,0.0,47.275,4.796052631578947,63.875,2.302631578947368,0.0789473684210526,1.0
2026-01-07 19:30:00,Bournemouth,Tottenham Hotspur,3,2,False,966,1494.5686452399284,1496.740823974718,-2.172178734789668,4.083333333333333,2.0,2.8,0.6,1.0,3.1875,0.6,1.2,1.0,1.8,48.5,4.526315789473684,73.3,2.5526315789473686,0.0789473684210526,0.0,54.7,4.7368421052631575,63.9,1.894736842105263,0.0263157894736842,0.0
2026-01-07 20:15:00,Burnley,Manchester United,2,2,False,967,1360.238128504225,1512.9460405665434,-152.70791206231843,4.21875,0.8,1.8,0.4,0.6,3.3229166666666665,1.6,1.6,1.2,1.4,47.275,4.796052631578947,63.875,2.302631578947368,0.0789473684210526,1.0,53.5,3.9210526315789473,63.8,2.263157894736842,0.0789473684210526,0.0
2026-01-07 20:15:00,Newcastle United,Leeds United,4,3,False,968,1561.4653373589006,1469.8802164909796,91.58512086792098,3.21875,1.4,1.0,1.4,2.0,3.3229166666666665,1.4,0.8,1.4,1.6,51.3,4.2368421052631575,70.8,1.7894736842105263,0.0263157894736842,0.0,47.275,4.796052631578947,63.875,2.302631578947368,0.0789473684210526,1.0
2026-01-08 20:00:00,Arsenal,Liverpool,0,0,False,969,1713.125829451927,1619.842706761515,93.28312269041203,5.104166666666667,2.4,1.0,3.0,2.8,4.197916666666667,1.6,0.8,2.2,1.8,56.9,3.1578947368421053,71.7,1.8421052631578947,0.1578947368421052,0.0,57.7,3.631578947368421,70.3,1.763157894736842,0.0789473684210526,0.0
2026-01-17 12:30:00,Manchester United,Manchester City,2,0,False,970,1510.4738969275786,1677.2335779338252,-166.75968100624664,9.677083333333334,1.2,1.2,1.2,1.4,9.708333333333334,1.4,0.6,1.8,1.4,53.5,3.9210526315789473,63.8,2.263157894736842,0.0789473684210526,0.0,61.3,3.3684210526315788,65.6,1.5526315789473684,0.0526315789473684,0.0
2026-01-17 15:00:00,Tottenham Hotspur,West Ham United,1,2,False,971,1488.5296973466338,1388.5355474119401,99.99414993469372,9.8125,1.0,1.2,1.0,1.4,10.791666666666666,0.6,2.2,0.2,2.0,54.7,4.7368421052631575,63.9,1.894736842105263,0.0263157894736842,0.0,48.4,4.973684210526316,67.2,2.1578947368421053,0.0789473684210526,0.0
2026-01-17 15:00:00,Leeds United,Fulham,1,0,False,972,1464.104861965328,1517.2574769413632,-53.15261497603524,9.78125,1.8,1.4,1.2,2.4,9.8125,1.4,0.8,2.2,1.2,47.275,4.796052631578947,63.875,2.302631578947368,0.0789473684210526,1.0,52.3,4.184210526315789,66.0,2.1052631578947367,0.0526315789473684,0.0
2026-01-17 15:00:00,Chelsea,Brentford,2,0,False,973,1572.0039623878135,1558.0928439832205,13.911118404593026,9.8125,1.4,1.8,0.6,1.8,9.8125,2.6,0.6,2.6,1.6,57.1,4.078947368421052,72.3,2.6578947368421053,0.0526315789473684,0.0,47.9,5.447368421052632,72.5,1.631578947368421,0.0263157894736842,0.0
2026-01-17 15:00:00,Sunderland,Crystal Palace,2,1,False,974,1492.1278498984973,1521.0765440684322,-28.948694169934925,9.8125,0.4,1.0,0.8,1.4,9.8125,0.4,1.6,0.4,1.4,47.275,4.796052631578947,63.875,2.302631578947368,0.0789473684210526,1.0,42.8,4.0,66.4,2.1052631578947367,0.1052631578947368,0.0
2026-01-17 15:00:00,Liverpool,Burnley,1,1,False,975,1624.1074190439385,1362.7102721431897,261.3971469007488,8.791666666666666,1.2,0.8,1.8,1.0,9.78125,0.8,1.6,0.6,2.2,57.7,3.631578947368421,70.3,1.763157894736842,0.0789473684210526,0.0,47.275,4.796052631578947,63.875,2.302631578947368,0.0789473684210526,1.0
2026-01-17 17:30:00,Nottingham Forest,Arsenal,0,0,False,976,1462.5685767687191,1708.8611171695036,-246.29254040078445,10.895833333333334,0.8,1.8,0.6,1.4,8.895833333333334,2.0,0.8,2.6,1.4,41.2,4.342105263157895,72.1,2.3684210526315788,0.0526315789473684,0.0,56.9,3.1578947368421053,71.7,1.8421052631578947,0.1578947368421052,0.0
2026-01-18 14:00:00,Wolverhampton Wanderers,Newcastle United,0,0,False,977,1356.3645795453351,1567.2406918845522,-210.87611233921712,10.770833333333334,1.2,1.2,1.0,0.8,10.739583333333334,2.2,1.4,2.0,1.4,48.1,4.421052631578948,58.9,2.0789473684210527,0.0526315789473684,0.0,51.3,4.2368421052631575,70.8,1.7894736842105263,0.0263157894736842,0.0
2026-01-18 16:30:00,Aston Villa,Everton,0,1,False,978,1624.503607847823,1501.8315288747162,122.67207897310686,10.875,1.6,1.4,2.0,2.4,10.875,1.0,1.2,1.0,0.4,50.5,4.105263157894737,67.3,2.0,0.1052631578947368,0.0,40.9,4.289473684210527,73.0,2.1578947368421053,0.0526315789473684,0.0
2026-01-19 20:00:00,Brighton & Hove Albion,Bournemouth,1,1,False,979,1546.9089053208022,1502.7797718680126,44.129133452789574,12.020833333333334,1.2,1.0,1.2,1.6,12.020833333333334,1.8,2.4,1.0,3.4,52.3,3.8684210526315783,59.9,2.0526315789473686,0.0789473684210526,0.0,48.5,4.526315789473684,73.3,2.5526315789473686,0.0789473684210526,0.0
2026-01-24 12:30:00,West Ham United,Sunderland,3,1,False,980,1402.9569768148453,1501.0939180156413,-98.13694120079595,6.895833333333333,1.0,1.8,0.8,1.0,6.895833333333333,0.8,1.2,1.2,1.6,48.4,4.973684210526316,67.2,2.1578947368421053,0.0789473684210526,0.0,47.275,4.796052631578947,63.875,2.302631578947368,0.0789473684210526,1.0
2026-01-24 15:00:00,Manchester City,Wolverhampton Wanderers,2,0,False,981,1656.3557295528747,1360.33274820497,296.02298134790476,7.104166666666667,0.8,1.0,1.2,2.2,6.041666666666667,1.2,0.8,1.2,1.4,61.3,3.3684210526315788,65.6,1.5526315789473684,0.0526315789473684,0.0,48.1,4.421052631578948,58.9,2.0789473684210527,0.0526315789473684,0.0
2026-01-24 15:00:00,Burnley,Tottenham Hotspur,2,2,False,982,1370.0599506191775,1474.1082679437286,-104.04831732455114,7.0,0.8,1.6,0.6,1.0,7.0,1.0,1.2,1.0,1.6,47.275,4.796052631578947,63.875,2.302631578947368,0.0789473684210526,1.0,54.7,4.7368421052631575,63.9,1.894736842105263,0.0263157894736842,0.0
2026-01-24 15:00:00,Fulham,Brighton & Hove Albion,2,1,False,983,1507.5983399875465,1543.8672912354693,-36.268951247922814,7.0,1.2,1.0,1.6,2.0,4.791666666666667,1.4,1.2,1.2,1.4,52.3,4.184210526315789,66.0,2.1052631578947367,0.0526315789473684,0.0,52.3,3.8684210526315783,59.9,2.0526315789473686,0.0789473684210526,0.0
2026-01-24 17:30:00,Bournemouth,Liverpool,3,2,False,984,1505.8213859533455,1616.7577405679508,-110.9363546146053,4.895833333333333,1.8,2.4,1.0,1.2,7.104166666666667,1.0,0.8,1.4,1.2,48.5,4.526315789473684,73.3,2.5526315789473686,0.0789473684210526,0.0,57.7,3.631578947368421,70.3,1.763157894736842,0.0789473684210526,0.0
2026-01-25 14:00:00,Crystal Palace,Chelsea,1,3,False,985,1512.1104759512882,1584.625370709484,-72.51489475819585,7.958333333333333,0.4,1.2,0.4,0.4,7.958333333333333,1.4,1.4,1.0,1.6,42.8,4.0,66.4,2.1052631578947367,0.1052631578947368,0.0,57.1,4.078947368421052,72.3,2.6578947368421053,0.0526315789473684,0.0
2026-01-25 14:00:00,Brentford,Nottingham Forest,0,2,False,986,1545.47143566155,1467.359471844695,78.111963816855,7.958333333333333,2.2,1.0,2.0,2.2,7.854166666666667,0.8,1.6,0.8,1.6,47.9,5.447368421052632,72.5,1.631578947368421,0.0263157894736842,0.0,41.2,4.342105263157895,72.1,2.3684210526315788,0.0526315789473684,0.0
2026-01-25 14:00:00,Newcastle United,Aston Villa,0,2,False,987,1563.2725232249174,1609.572489403297,-46.299966178379464,7.0,1.8,1.0,2.0,2.4,6.895833333333333,1.2,1.4,1.4,2.0,51.3,4.2368421052631575,70.8,1.7894736842105263,0.0263157894736842,0.0,50.5,4.105263157894737,67.3,2.0,0.1052631578947368,0.0
2026-01-25 16:30:00,Arsenal,Manchester United,2,3,False,988,1704.0702220935277,1531.3517453085292,172.71847678499853,7.958333333333333,1.8,0.8,2.2,2.0,8.166666666666666,1.4,0.8,1.8,1.4,56.9,3.1578947368421053,71.7,1.8421052631578947,0.1578947368421052,0.0,53.5,3.9210526315789473,63.8,2.263157894736842,0.0789473684210526,0.0
2026-01-26 20:00:00,Everton,Leeds United,1,1,False,989,1516.7626473192424,1473.7639989191446,42.99864840009786,8.145833333333334,1.2,1.0,1.6,1.4,9.208333333333334,1.2,1.2,1.2,1.8,40.9,4.289473684210527,73.0,2.1578947368421053,0.0526315789473684,0.0,47.275,4.796052631578947,63.875,2.302631578947368,0.0789473684210526,1.0
2026-01-31 15:00:00,Leeds United,Arsenal,0,4,False,990,1476.7760561050864,1688.12773479272,-211.3516786876337,4.791666666666667,1.2,1.2,1.2,2.4,5.9375,1.8,1.2,1.6,1.0,47.275,4.796052631578947,63.875,2.302631578947368,0.0789473684210526,1.0,56.9,3.1578947368421053,71.7,1.8421052631578947,0.1578947368421052,0.0
2026-01-31 15:00:00,Brighton & Hove Albion,Everton,1,1,False,991,1534.6923574390398,1513.7505901333006,20.941767305739177,7.0,1.4,1.2,1.2,1.4,4.791666666666667,1.4,1.2,1.6,0.4,52.3,3.8684210526315783,59.9,2.0526315789473686,0.0789473684210526,0.0,40.9,4.289473684210527,73.0,2.1578947368421053,0.0526315789473684,0.0
2026-01-31 15:00:00,Wolverhampton Wanderers,Bournemouth,0,2,False,992,1356.7176992531724,1517.1358898497617,-160.41819059658928,7.0,1.0,0.8,1.2,0.8,6.895833333333333,2.2,2.0,1.6,2.8,48.1,4.421052631578948,58.9,2.0789473684210527,0.0526315789473684,0.0,48.5,4.526315789473684,73.3,2.5526315789473686,0.0789473684210526,0.0
2026-01-31 17:30:00,Chelsea,West Ham United,3,2,False,993,1600.5239444171511,1420.7521508903287,179.77179352682242,6.145833333333333,1.8,1.2,1.6,1.6,7.208333333333333,1.6,1.8,1.4,1.8,57.1,4.078947368421052,72.3,2.6578947368421053,0.0526315789473684,0.0,48.4,4.973684210526316,67.2,2.1578947368421053,0.0789473684210526,0.0
2026-01-31 20:00:00,Liverpool,Newcastle United,4,1,False,994,1605.4432366715346,1546.1487426805463,59.29449399098826,7.104166666666667,1.0,1.2,0.8,1.2,6.25,1.8,1.2,2.0,0.8,57.7,3.631578947368421,70.3,1.763157894736842,0.0789473684210526,0.0,51.3,4.2368421052631575,70.8,1.7894736842105263,0.0263157894736842,0.0
2026-02-01 14:00:00,Aston Villa,Brentford,0,1,False,995,1626.696269947668,1522.8824296300015,103.81384031766652,7.0,1.2,1.2,1.4,1.6,7.0,1.4,1.2,1.4,1.6,50.5,4.105263157894737,67.3,2.0,0.1052631578947368,0.0,47.9,5.447368421052632,72.5,1.631578947368421,0.0263157894736842,0.0
2026-02-01 14:00:00,Manchester United,Fulham,3,2,False,996,1547.2942326093369,1516.773273783976,30.52095882536082,6.895833333333333,1.8,1.2,1.8,1.8,7.958333333333333,1.4,1.2,1.6,1.0,53.5,3.9210526315789473,63.8,2.263157894736842,0.0789473684210526,0.0,52.3,4.184210526315789,66.0,2.1052631578947367,0.0526315789473684,0.0
2026-02-01 14:00:00,Nottingham Forest,Crystal Palace,1,1,False,997,1489.9484778762435,1496.2119022436211,-6.263424367377638,7.0,1.0,1.2,1.4,0.8,7.0,0.6,1.6,0.4,1.8,41.2,4.342105263157895,72.1,2.3684210526315788,0.0526315789473684,0.0,42.8,4.0,66.4,2.1052631578947367,0.1052631578947368,0.0
2026-02-01 16:30:00,Tottenham Hotspur,Manchester City,2,2,False,998,1472.989075435235,1659.9707785046721,-186.98170306943712,8.0625,1.2,1.6,0.6,1.2,8.0625,0.8,0.8,1.2,1.4,54.7,4.7368421052631575,63.9,1.894736842105263,0.0263157894736842,0.0,61.3,3.3684210526315788,65.6,1.5526315789473684,0.0526315789473684,0.0
2026-02-02 20:00:00,Sunderland,Burnley,3,0,False,999,1483.298743940158,1371.179143127671,112.11960081248685,9.3125,0.8,1.6,1.0,1.4,9.208333333333334,1.2,2.0,0.6,1.8,47.275,4.796052631578947,63.875,2.302631578947368,0.0789473684210526,1.0,47.275,4.796052631578947,63.875,2.302631578947368,0.0789473684210526,1.0
2026-02-06 20:00:00,Leeds United,Nottingham Forest,3,1,False,1000,1465.4879841275513,1488.2738270929983,-22.785842965447046,6.208333333333333,1.2,2.0,1.0,1.8,5.25,1.2,1.0,1.6,1.6,47.275,4.796052631578947,63.875,2.302631578947368,0.0789473684210526,1.0,41.2,4.342105263157895,72.1,2.3684210526315788,0.0526315789473684,0.0
2026-02-07 12:30:00,Manchester United,Tottenham Hotspur,2,0,False,1001,1554.612157245823,1476.3625078721886,78.24964937363438,5.9375,2.2,1.4,2.2,2.2,5.833333333333333,1.6,2.0,0.6,1.6,53.5,3.9210526315789473,63.8,2.263157894736842,0.0789473684210526,0.0,54.7,4.7368421052631575,63.9,1.894736842105263,0.0263157894736842,0.0
2026-02-07 15:00:00,Bournemouth,Aston Villa,1,1,False,1002,1529.031978573265,1612.1868245208914,-83.15484594762643,7.0,2.2,1.6,2.0,1.8,6.041666666666667,1.0,0.6,1.4,1.4,48.5,4.526315789473684,73.3,2.5526315789473686,0.0789473684210526,0.0,50.5,4.105263157894737,67.3,2.0,0.1052631578947368,0.0
2026-02-07 15:00:00,Arsenal,Sunderland,3,0,False,1003,1699.4158067702551,1492.5775503855161,206.838256384739,7.0,1.8,1.0,1.6,2.0,4.791666666666667,1.4,1.6,1.4,2.0,56.9,3.1578947368421053,71.7,1.8421052631578947,0.1578947368421052,0.0,47.275,4.796052631578947,63.875,2.302631578947368,0.0789473684210526,1.0
2026-02-07 15:00:00,Burnley,West Ham United,0,2,False,1004,1361.9003366823129,1416.824376484605,-54.9240398022921,4.791666666666667,1.0,2.0,0.6,1.4,6.895833333333333,1.6,2.0,1.2,2.2,47.275,4.796052631578947,63.875,2.302631578947368,0.0789473684210526,1.0,48.4,4.973684210526316,67.2,2.1578947368421053,0.0789473684210526,0.0
2026-02-07 15:00:00,Fulham,Everton,1,2,False,1005,1509.4553491474899,1516.1749470994175,-6.719597951927653,6.041666666666667,1.6,1.6,1.4,1.6,7.0,1.2,1.4,1.2,0.6,52.3,4.184210526315789,66.0,2.1052631578947367,0.0526315789473684,0.0,40.9,4.289473684210527,73.0,2.1578947368421053,0.0526315789473684,0.0
2026-02-07 15:00:00,Wolverhampton Wanderers,Chelsea,1,3,False,1006,1344.8216105296692,1604.451718822875,-259.6301082932057,7.0,0.8,1.0,1.0,0.8,6.895833333333333,2.0,1.2,2.0,1.2,48.1,4.421052631578948,58.9,2.0789473684210527,0.0526315789473684,0.0,57.1,4.078947368421052,72.3,2.6578947368421053,0.0526315789473684,0.0
2026-02-07 17:30:00,Newcastle United,Brentford,2,3,False,1007,1534.6552527312906,1537.3918750567782,-2.7366223254875877,6.895833333333333,1.4,1.8,1.4,2.0,6.145833333333333,1.6,1.2,1.8,1.2,51.3,4.2368421052631575,70.8,1.7894736842105263,0.0263157894736842,0.0,47.9,5.447368421052632,72.5,1.631578947368421,0.0263157894736842,0.0
2026-02-08 14:00:00,Brighton & Hove Albion,Crystal Palace,0,1,False,1008,1532.268000472923,1497.8865530268663,34.381447446056654,7.958333333333333,1.2,1.0,1.2,1.0,7.0,0.6,1.6,0.4,2.0,52.3,3.8684210526315783,59.9,2.0526315789473686,0.0789473684210526,0.0,42.8,4.0,66.4,2.1052631578947367,0.1052631578947368,0.0
2026-02-08 16:30:00,Liverpool,Manchester City,1,2,False,1009,1616.9367266207903,1656.5973460677185,-39.660619446928195,7.854166666666667,1.8,1.4,1.2,1.8,7.0,1.2,1.2,1.2,1.0,57.7,3.631578947368421,70.3,1.763157894736842,0.0789473684210526,0.0,61.3,3.3684210526315788,65.6,1.5526315789473684,0.0526315789473684,0.0
2026-02-10 19:30:00,Chelsea,Leeds United,2,2,False,1010,1612.4447891448453,1479.7732337052794,132.67155543956596,3.1875,2.4,1.2,2.4,2.0,3.9791666666666665,1.6,2.0,1.4,1.4,57.1,4.078947368421052,72.3,2.6578947368421053,0.0526315789473684,0.0,47.275,4.796052631578947,63.875,2.302631578947368,0.0789473684210526,1.0
2026-02-10 19:30:00,Everton,Bournemouth,1,2,False,1011,1527.8368335696568,1529.5540419717627,-1.7172084021058254,3.1875,1.2,0.8,1.8,1.4,3.1875,2.0,1.2,2.2,2.2,40.9,4.289473684210527,73.0,2.1578947368421053,0.0526315789473684,0.0,48.5,4.526315789473684,73.3,2.5526315789473686,0.0789473684210526,0.0
2026-02-10 19:30:00,Tottenham Hotspur,Newcastle United,1,2,False,1012,1466.4569728384404,1522.8821100268613,-56.42513718842088,3.2916666666666665,1.4,2.2,0.4,1.4,3.0833333333333335,1.4,2.4,0.8,1.4,54.7,4.7368421052631575,63.9,1.894736842105263,0.0263157894736842,0.0,51.3,4.2368421052631575,70.8,1.7894736842105263,0.0263157894736842,0.0
2026-02-10 20:15:00,West Ham United,Manchester United,1,1,False,1013,1433.545509760192,1564.5176922795713,-130.9721825193792,3.21875,2.0,1.4,1.8,1.6,3.3229166666666665,2.4,1.2,2.6,1.6,48.4,4.973684210526316,67.2,2.1578947368421053,0.0789473684210526,0.0,53.5,3.9210526315789473,63.8,2.263157894736842,0.0789473684210526,0.0
2026-02-11 19:30:00,Aston Villa,Brighton & Hove Albion,1,0,False,1014,1611.6647611223937,1519.4831149385898,92.18164618380388,4.1875,0.6,0.6,1.0,1.4,3.2291666666666665,0.8,1.2,0.6,1.8,50.5,4.105263157894737,67.3,2.0,0.1052631578947368,0.0,52.3,3.8684210526315783,59.9,2.0526315789473686,0.0789473684210526,0.0
2026-02-11 19:30:00,Manchester City,Fulham,3,0,False,1015,1667.3253816773586,1497.7934626772505,169.53191900010802,3.125,1.4,1.2,1.6,2.0,4.1875,1.4,1.6,1.2,1.4,61.3,3.3684210526315788,65.6,1.5526315789473684,0.0526315789473684,0.0,52.3,4.184210526315789,66.0,2.1052631578947367,0.0526315789473684,0.0
2026-02-11 19:30:00,Nottingham Forest,Wolverhampton Wanderers,0,0,False,1016,1473.9885775152702,1336.8285402076988,137.16003730757143,4.979166666666667,1.2,1.0,1.6,1.0,4.1875,0.4,1.6,0.4,1.6,41.2,4.342105263157895,72.1,2.3684210526315788,0.0526315789473684,0.0,48.1,4.421052631578948,58.9,2.0789473684210527,0.0526315789473684,0.0
2026-02-11 19:40:00,Crystal Palace,Burnley,2,3,False,1017,1510.6714385611995,1345.1792034067257,165.49223515447375,3.236111111111111,0.8,1.2,1.0,0.4,4.194444444444445,1.0,2.0,0.6,1.8,42.8,4.0,66.4,2.1052631578947367,0.1052631578947368,0.0,47.275,4.796052631578947,63.875,2.302631578947368,0.0789473684210526,1.0
2026-02-11 20:15:00,Sunderland,Liverpool,0,1,False,1018,1486.5241210304555,1606.2086910111502,-119.68456998069473,4.21875,1.2,2.0,1.2,1.4,3.15625,1.6,1.4,1.0,1.8,47.275,4.796052631578947,63.875,2.302631578947368,0.0789473684210526,1.0,57.7,3.631578947368421,70.3,1.763157894736842,0.0789473684210526,0.0
2026-02-12 20:00:00,Brentford,Arsenal,1,1,False,1019,1549.1650177612075,1705.4692361253158,-156.30421836410824,5.104166666666667,1.4,1.2,1.8,1.6,5.208333333333333,1.8,0.6,1.6,0.8,47.9,5.447368421052632,72.5,1.631578947368421,0.0263157894736842,0.0,56.9,3.1578947368421053,71.7,1.8421052631578947,0.1578947368421052,0.0
2026-02-18 20:00:00,Wolverhampton Wanderers,Arsenal,2,2,False,1020,1342.0687246034665,1702.900159982965,-360.83143537949854,7.020833333333333,0.2,1.4,0.4,0.8,6.0,2.0,0.8,1.6,0.6,48.1,4.421052631578948,58.9,2.0789473684210527,0.0526315789473684,0.0,56.9,3.1578947368421053,71.7,1.8421052631578947,0.1578947368421052,0.0
2026-02-21 15:00:00,Aston Villa,Leeds United,1,1,False,1021,1617.426020833841,1484.9190704139055,132.5069504199355,9.8125,0.8,0.6,1.4,1.2,10.8125,1.4,1.6,1.6,1.6,50.5,4.105263157894737,67.3,2.0,0.1052631578947368,0.0,47.275,4.796052631578947,63.875,2.302631578947368,0.0789473684210526,1.0
2026-02-21 15:00:00,Brentford,Brighton & Hove Albion,0,2,False,1022,1551.7340939035582,1513.7218552271424,38.01223867641579,8.791666666666666,1.0,1.4,1.4,1.6,9.8125,0.6,1.2,0.4,1.6,47.9,5.447368421052632,72.5,1.631578947368421,0.0263157894736842,0.0,52.3,3.8684210526315783,59.9,2.0526315789473686,0.0789473684210526,0.0
2026-02-21 15:00:00,Chelsea,Burnley,1,1,False,1023,1607.2989524362192,1360.9854860601527,246.31346637606657,10.8125,2.6,1.2,2.6,2.0,9.805555555555555,1.2,2.0,1.0,1.8,57.1,4.078947368421052,72.3,2.6578947368421053,0.0526315789473684,0.0,47.275,4.796052631578947,63.875,2.302631578947368,0.0789473684210526,1.0
2026-02-21 17:30:00,West Ham United,Bournemouth,0,0,False,1024,1435.4218450130763,1541.3555884144707,-105.9337434013944,10.885416666666666,2.0,1.2,2.0,1.4,10.916666666666666,1.8,1.0,2.2,1.6,48.4,4.973684210526316,67.2,2.1578947368421053,0.0789473684210526,0.0,48.5,4.526315789473684,73.3,2.5526315789473686,0.0789473684210526,0.0
2026-02-21 20:00:00,Manchester City,Newcastle United,2,1,False,1025,1674.5304198283975,1533.1288643186242,141.4015555097733,10.020833333333334,1.8,1.0,2.0,2.0,11.020833333333334,1.0,2.0,0.8,1.4,61.3,3.3684210526315788,65.6,1.5526315789473684,0.0526315789473684,0.0,51.3,4.2368421052631575,70.8,1.7894736842105263,0.0263157894736842,0.0
2026-02-22 14:00:00,Crystal Palace,Wolverhampton Wanderers,1,0,False,1026,1494.8651559077725,1348.9870979839638,145.87805792380868,10.76388888888889,1.2,1.8,0.8,0.8,3.75,0.6,1.8,0.4,1.2,42.8,4.0,66.4,2.1052631578947367,0.1052631578947368,0.0,48.1,4.421052631578948,58.9,2.0789473684210527,0.0526315789473684,0.0
2026-02-22 14:00:00,Nottingham Forest,Liverpool,0,1,False,1027,1468.7483931195025,1614.6476122649099,-145.89921914540741,10.770833333333334,0.8,0.8,1.2,0.4,10.739583333333334,1.8,1.4,1.4,1.2,41.2,4.342105263157895,72.1,2.3684210526315788,0.0526315789473684,0.0,57.7,3.631578947368421,70.3,1.763157894736842,0.0789473684210526,0.0
2026-02-22 14:00:00,Sunderland,Fulham,1,3,False,1028,1478.0851997766958,1490.5884245262116,-12.503224749515766,10.739583333333334,1.2,1.6,1.2,1.2,10.770833333333334,1.0,2.0,0.6,1.6,47.275,4.796052631578947,63.875,2.302631578947368,0.0789473684210526,1.0,52.3,4.184210526315789,66.0,2.1052631578947367,0.0526315789473684,0.0
2026-02-22 16:30:00,Tottenham Hotspur,Arsenal,1,4,False,1029,1456.2102185466774,1695.9817866024678,-239.77156805579034,11.875,1.2,2.0,0.4,1.2,3.8541666666666665,2.4,1.2,1.6,1.0,54.7,4.7368421052631575,63.9,1.894736842105263,0.0263157894736842,0.0,56.9,3.1578947368421053,71.7,1.8421052631578947,0.1578947368421052,0.0
2026-02-23 20:00:00,Everton,Manchester United,0,1,False,1030,1516.0352871269488,1562.641357026687,-46.60606989973826,13.020833333333334,1.2,1.0,1.6,1.0,12.989583333333334,2.2,1.0,2.6,1.6,40.9,4.289473684210527,73.0,2.1578947368421053,0.0526315789473684,0.0,53.5,3.9210526315789473,63.8,2.263157894736842,0.0789473684210526,0.0
2026-02-27 20:00:00,Wolverhampton Wanderers,Aston Villa,2,0,False,1031,1344.4069048662639,1612.2836681584383,-267.8767632921745,5.25,0.6,1.6,0.4,1.2,6.208333333333333,1.0,0.6,1.6,1.2,48.1,4.421052631578948,58.9,2.0789473684210527,0.0526315789473684,0.0,50.5,4.105263157894737,67.3,2.0,0.1052631578947368,0.0
2026-02-28 12:30:00,Bournemouth,Sunderland,1,1,False,1032,1540.1828417762113,1459.3983759913096,80.78446578490161,6.791666666666667,1.6,0.8,2.2,2.0,5.9375,1.0,2.0,0.6,2.0,48.5,4.526315789473684,73.3,2.5526315789473686,0.0789473684210526,0.0,47.275,4.796052631578947,63.875,2.302631578947368,0.0789473684210526,1.0
2026-02-28 15:00:00,Burnley,Brentford,3,4,False,1033,1368.1290898108957,1530.8024687423388,-162.67337893144304,7.0,1.2,2.0,1.0,1.0,7.0,1.0,1.4,1.4,1.2,47.275,4.796052631578947,63.875,2.302631578947368,0.0789473684210526,1.0,47.9,5.447368421052632,72.5,1.631578947368421,0.0263157894736842,0.0
2026-02-28 15:00:00,Liverpool,West Ham United,5,2,False,1034,1622.3603338138737,1436.5945916513358,185.7657421625379,6.041666666666667,1.8,1.2,1.8,1.6,6.895833333333333,1.6,1.0,1.6,2.0,57.7,3.631578947368421,70.3,1.763157894736842,0.0789473684210526,0.0,48.4,4.973684210526316,67.2,2.1578947368421053,0.0789473684210526,0.0
2026-02-28 15:00:00,Newcastle United,Everton,2,3,False,1035,1528.457039360422,1505.5063613362502,22.950678024171793,6.791666666666667,1.2,2.4,0.6,2.0,4.791666666666667,1.0,1.2,1.0,0.4,51.3,4.2368421052631575,70.8,1.7894736842105263,0.0263157894736842,0.0,40.9,4.289473684210527,73.0,2.1578947368421053,0.0526315789473684,0.0
2026-02-28 17:30:00,Leeds United,Manchester City,0,1,False,1036,1490.0614230893082,1679.2022447865997,-189.14082169729159,7.104166666666667,1.4,1.8,1.2,1.8,6.895833333333333,2.2,0.8,2.6,1.2,47.275,4.796052631578947,63.875,2.302631578947368,0.0789473684210526,1.0,61.3,3.3684210526315788,65.6,1.5526315789473684,0.0526315789473684,0.0
2026-03-01 14:00:00,Fulham,Tottenham Hotspur,2,1,False,1037,1509.2752483115978,1446.838953050894,62.4362952607039,7.0,1.6,2.0,1.2,1.6,6.895833333333333,1.2,2.4,0.4,1.4,52.3,4.184210526315789,66.0,2.1052631578947367,0.0526315789473684,0.0,54.7,4.7368421052631575,63.9,1.894736842105263,0.0263157894736842,0.0
2026-03-01 14:00:00,Manchester United,Crystal Palace,2,1,False,1038,1573.1702828173857,1499.4453490254725,73.72493379191314,5.75,2.0,1.0,2.6,1.8,7.0,1.2,1.4,1.4,1.8,53.5,3.9210526315789473,63.8,2.263157894736842,0.0789473684210526,0.0,42.8,4.0,66.4,2.1052631578947367,0.1052631578947368,0.0
2026-03-01 14:00:00,Brighton & Hove Albion,Nottingham Forest,2,1,False,1039,1534.653480388362,1461.0356715705386,73.61780881782329,7.958333333333333,0.8,1.0,0.8,0.8,7.0,0.8,1.0,1.0,1.6,52.3,3.8684210526315783,59.9,2.0526315789473686,0.0789473684210526,0.0,41.2,4.342105263157895,72.1,2.3684210526315788,0.0526315789473684,0.0
2026-03-01 16:30:00,Arsenal,Chelsea,2,1,False,1040,1705.3530520982513,1600.1553486854762,105.19770341277513,7.0,2.8,0.8,2.2,2.2,8.0625,2.4,1.4,2.2,1.4,56.9,3.1578947368421053,71.7,1.8421052631578947,0.1578947368421052,0.0,57.1,4.078947368421052,72.3,2.6578947368421053,0.0526315789473684,0.0
2026-03-03 19:30:00,Bournemouth,Brentford,0,0,False,1041,1536.2168957915196,1538.0629943641716,-1.8460985726519539,3.2916666666666665,1.2,0.6,1.8,2.0,3.1875,1.8,1.6,2.0,1.8,48.5,4.526315789473684,73.3,2.5526315789473686,0.0789473684210526,0.0,47.9,5.447368421052632,72.5,1.631578947368421,0.0263157894736842,0.0
2026-03-03 19:30:00,Everton,Burnley,2,0,False,1042,1517.9850641747173,1360.868564189063,157.1164999856544,3.1875,1.4,1.4,1.4,1.0,3.1875,1.4,2.4,0.8,1.8,40.9,4.289473684210527,73.0,2.1578947368421053,0.0526315789473684,0.0,47.275,4.796052631578947,63.875,2.302631578947368,0.0789473684210526,1.0
2026-03-03 19:30:00,Leeds United,Sunderland,0,1,False,1043,1483.489811972746,1463.3643219760013,20.125489996744818,3.0833333333333335,1.2,1.8,1.0,1.0,3.2916666666666665,1.0,1.6,0.8,2.2,47.275,4.796052631578947,63.875,2.302631578947368,0.0789473684210526,1.0,47.275,4.796052631578947,63.875,2.302631578947368,0.0789473684210526,1.0
2026-03-03 20:15:00,Wolverhampton Wanderers,Liverpool,2,1,False,1044,1369.1964953605636,1629.0453437631143,-259.84884840255063,4.010416666666667,1.0,1.2,1.0,1.0,3.21875,2.4,1.0,2.4,1.0,48.1,4.421052631578948,58.9,2.0789473684210527,0.0526315789473684,0.0,57.7,3.631578947368421,70.3,1.763157894736842,0.0789473684210526,0.0
2026-03-04 19:30:00,Manchester City,Nottingham Forest,2,2,False,1045,1685.7738559031618,1454.8263799912559,230.94747591190594,4.083333333333333,2.0,0.8,2.6,1.8,3.2291666666666665,0.6,1.4,0.4,1.8,61.3,3.3684210526315788,65.6,1.5526315789473684,0.0526315789473684,0.0,41.2,4.342105263157895,72.1,2.3684210526315788,0.0526315789473684,0.0
2026-03-04 19:30:00,Fulham,West Ham United,0,1,False,1046,1515.7634305626082,1429.9095817020952,85.85384886051293,3.2291666666666665,1.6,2.0,1.2,1.8,4.1875,1.4,1.8,1.0,2.4,52.3,4.184210526315789,66.0,2.1052631578947367,0.0526315789473684,0.0,48.4,4.973684210526316,67.2,2.1578947368421053,0.0789473684210526,0.0
2026-03-04 19:30:00,Aston Villa,Chelsea,1,4,False,1047,1587.4940776641386,1594.6964682065698,-7.202390542431203,4.979166666666667,0.6,1.0,1.0,1.0,3.125,2.0,1.6,1.6,1.4,50.5,4.105263157894737,67.3,2.0,0.1052631578947368,0.0,57.1,4.078947368421052,72.3,2.6578947368421053,0.0526315789473684,0.0
2026-03-04 19:30:00,Brighton & Hove Albion,Arsenal,0,1,False,1048,1540.8627719676447,1710.8119325771577,-169.949160609513,3.2291666666666665,1.0,0.8,1.4,1.2,3.125,2.4,1.0,2.2,0.8,52.3,3.8684210526315783,59.9,2.0526315789473686,0.0789473684210526,0.0,56.9,3.1578947368421053,71.7,1.8421052631578947,0.1578947368421052,0.0
2026-03-04 20:15:00,Newcastle United,Manchester United,2,1,False,1049,1515.9783365219548,1579.376934455241,-63.39859793328628,4.21875,1.6,2.6,0.6,2.0,3.2604166666666665,1.8,0.8,2.6,1.2,51.3,4.2368421052631575,70.8,1.7894736842105263,0.0263157894736842,0.0,53.5,3.9210526315789473,63.8,2.263157894736842,0.0789473684210526,0.0
2026-03-05 20:00:00,Tottenham Hotspur,Crystal Palace,1,3,False,1050,1440.3507707998835,1493.238697387617,-52.887926587733546,4.25,1.0,2.4,0.2,1.2,4.25,1.2,1.2,1.4,1.4,54.7,4.7368421052631575,63.9,1.894736842105263,0.0263157894736842,0.0,42.8,4.0,66.4,2.1052631578947367,0.1052631578947368,0.0
2026-03-14 15:00:00,Sunderland,Brighton & Hove Albion,0,1,False,1051,1475.7665529125577,1533.7948113919208,-58.0282584793631,10.8125,0.6,1.6,0.8,1.2,9.8125,0.8,0.8,1.2,1.2,47.275,4.796052631578947,63.875,2.302631578947368,0.0789473684210526,1.0,52.3,3.8684210526315783,59.9,2.0526315789473686,0.0789473684210526,0.0
2026-03-14 15:00:00,Burnley,Bournemouth,0,0,False,1052,1353.7904633988926,1534.4189389431117,-180.6284755442191,10.8125,1.4,2.2,0.8,1.6,10.8125,0.8,0.6,1.4,0.8,47.275,4.796052631578947,63.875,2.302631578947368,0.0789473684210526,1.0,48.5,4.526315789473684,73.3,2.5526315789473686,0.0789473684210526,0.0
2026-03-14 17:30:00,Arsenal,Everton,2,0,False,1053,1717.8798931528816,1525.0631649648876,192.81672818799393,9.916666666666666,2.0,1.0,2.2,2.2,10.916666666666666,1.6,1.2,1.8,0.8,56.9,3.1578947368421053,71.7,1.8421052631578947,0.1578947368421052,0.0,40.9,4.289473684210527,73.0,2.1578947368421053,0.0526315789473684,0.0
2026-03-14 17:30:00,Chelsea,Newcastle United,0,1,False,1054,1615.0811179044517,1525.9322447917734,89.1488731126783,9.916666666666666,2.2,1.4,1.6,2.0,9.885416666666666,1.8,2.0,1.2,1.6,57.1,4.078947368421052,72.3,2.6578947368421053,0.0526315789473684,0.0,51.3,4.2368421052631575,70.8,1.7894736842105263,0.0263157894736842,0.0
2026-03-14 20:00:00,West Ham United,Manchester City,1,1,False,1055,1443.9977706458712,1678.8537416232436,-234.8559709773724,10.020833333333334,1.2,1.2,1.6,1.4,10.020833333333334,2.0,0.8,2.6,1.0,48.4,4.973684210526316,67.2,2.1578947368421053,0.0789473684210526,0.0,61.3,3.3684210526315788,65.6,1.5526315789473684,0.0526315789473684,0.0
2026-03-15 14:00:00,Nottingham Forest,Fulham,0,0,False,1056,1461.746494271174,1501.6752416188322,-39.928747347658145,10.770833333333334,0.8,1.6,0.4,0.2,10.770833333333334,1.2,1.6,1.2,1.8,41.2,4.342105263157895,72.1,2.3684210526315788,0.0526315789473684,0.0,52.3,4.184210526315789,66.0,2.1052631578947367,0.0526315789473684,0.0
2026-03-15 14:00:00,Crystal Palace,Leeds United,0,0,False,1057,1510.0549649397183,1471.0875810361897,38.96738390352857,9.75,1.6,1.2,1.8,1.0,11.770833333333334,1.2,1.2,1.0,1.6,42.8,4.0,66.4,2.1052631578947367,0.1052631578947368,0.0,47.275,4.796052631578947,63.875,2.302631578947368,0.0789473684210526,1.0
2026-03-15 14:00:00,Manchester United,Aston Villa,3,1,False,1058,1569.4230261854225,1567.1094279662566,2.313598219165897,10.739583333333334,1.4,0.8,2.0,2.0,10.770833333333334,0.8,1.6,1.0,1.4,53.5,3.9210526315789473,63.8,2.263157894736842,0.0789473684210526,0.0,50.5,4.105263157894737,67.3,2.0,0.1052631578947368,0.0
2026-03-15 16:30:00,Liverpool,Tottenham Hotspur,1,1,False,1059,1613.9594874077018,1423.5345032477824,190.4249841599194,11.84375,1.8,1.2,1.8,2.2,9.854166666666666,0.8,2.6,0.0,1.8,57.7,3.631578947368421,70.3,1.763157894736842,0.0789473684210526,0.0,54.7,4.7368421052631575,63.9,1.894736842105263,0.0263157894736842,0.0
2026-03-16 20:00:00,Brentford,Wolverhampton Wanderers,2,2,False,1060,1539.8609512125795,1384.2823517159761,155.57859949660337,13.020833333333334,1.6,1.6,1.6,0.8,12.989583333333334,1.2,0.8,1.6,1.0,47.9,5.447368421052632,72.5,1.631578947368421,0.0263157894736842,0.0,48.1,4.421052631578948,58.9,2.0789473684210527,0.0526315789473684,0.0
2026-03-20 20:00:00,Bournemouth,Manchester United,2,2,False,1061,1531.2085450342274,1582.5634946519708,-51.35494961774339,6.208333333333333,0.6,0.4,1.4,1.6,5.25,1.6,1.0,2.0,1.4,48.5,4.526315789473684,73.3,2.5526315789473686,0.0789473684210526,0.0,53.5,3.9210526315789473,63.8,2.263157894736842,0.0789473684210526,0.0
2026-03-21 12:45:00,Brighton & Hove Albion,Liverpool,2,1,False,1062,1543.9954473147914,1607.6972928510006,-63.70184553620925,6.90625,1.0,0.6,1.8,0.8,5.84375,1.8,1.0,2.0,1.0,52.3,3.8684210526315783,59.9,2.0526315789473686,0.0789473684210526,0.0,57.7,3.631578947368421,70.3,1.763157894736842,0.0789473684210526,0.0
2026-03-21 15:00:00,Fulham,Burnley,3,1,False,1063,1502.395600362007,1357.0008573077769,145.39474305423005,6.041666666666667,1.0,1.2,1.4,1.4,7.0,1.4,1.8,1.0,1.8,52.3,4.184210526315789,66.0,2.1052631578947367,0.0526315789473684,0.0,47.275,4.796052631578947,63.875,2.302631578947368,0.0789473684210526,1.0
2026-03-21 17:30:00,Everton,Chelsea,3,0,False,1064,1519.056935163078,1600.9142485748946,-81.85731341181668,7.0,1.2,1.4,1.2,1.0,7.0,1.6,1.4,1.0,1.4,40.9,4.289473684210527,73.0,2.1578947368421053,0.0526315789473684,0.0,57.1,4.078947368421052,72.3,2.6578947368421053,0.0526315789473684,0.0
2026-03-21 20:00:00,Leeds United,Brentford,0,0,False,1065,1473.9937705893612,1534.246943714094,-60.25317312473271,6.25,0.6,1.0,0.6,0.8,5.0,1.4,1.6,1.2,1.4,47.275,4.796052631578947,63.875,2.302631578947368,0.0789473684210526,1.0,47.9,5.447368421052632,72.5,1.631578947368421,0.0263157894736842,0.0
2026-03-22 12:00:00,Newcastle United,Sunderland,1,2,False,1066,1540.0991141213306,1465.5659169896871,74.53319713164342,7.770833333333333,1.6,1.4,1.8,2.0,7.875,0.6,1.2,0.8,2.0,51.3,4.2368421052631575,70.8,1.7894736842105263,0.0263157894736842,0.0,47.275,4.796052631578947,63.875,2.302631578947368,0.0789473684210526,1.0
2026-03-22 14:15:00,Aston Villa,West Ham United,2,0,False,1067,1553.9689594997083,1448.5310791565419,105.4378803431664,7.010416666666667,0.8,2.0,0.8,0.6,7.760416666666667,1.0,1.4,1.2,1.8,50.5,4.105263157894737,67.3,2.0,0.1052631578947368,0.0,48.4,4.973684210526316,67.2,2.1578947368421053,0.0789473684210526,0.0
2026-03-22 14:15:00,Tottenham Hotspur,Nottingham Forest,0,3,False,1068,1429.7966978044835,1461.0261355279993,-31.22943772351573,6.90625,1.0,2.4,0.2,1.2,7.010416666666667,0.6,1.0,0.6,1.6,54.7,4.7368421052631575,63.9,1.894736842105263,0.0263157894736842,0.0,41.2,4.342105263157895,72.1,2.3684210526315788,0.0526315789473684,0.0
2026-04-10 19:00:00,West Ham United,Wolverhampton Wanderers,4,0,False,1069,1439.6693124352814,1389.8963592144617,49.77295322081977,14.0,0.8,1.6,1.0,1.2,14.0,1.6,1.2,1.6,1.2,48.4,4.973684210526316,67.2,2.1578947368421053,0.0789473684210526,0.0,48.1,4.421052631578948,58.9,2.0789473684210527,0.0526315789473684,0.0
2026-04-11 11:30:00,Arsenal,Bournemouth,1,2,False,1070,1723.8861229546912,1530.8160107105887,193.07011224410257,14.0,2.2,0.8,2.6,1.8,14.0,0.6,0.6,1.0,0.4,56.9,3.1578947368421053,71.7,1.8421052631578947,0.1578947368421052,0.0,48.5,4.526315789473684,73.3,2.5526315789473686,0.0789473684210526,0.0
2026-04-11 14:00:00,Brentford,Everton,2,2,False,1071,1534.383559873832,1537.4053563502184,-3.0217964763864984,14.0,1.2,1.4,1.2,1.2,14.0,1.6,1.0,1.8,1.2,47.9,5.447368421052632,72.5,1.631578947368421,0.0263157894736842,0.0,40.9,4.289473684210527,73.0,2.1578947368421053,0.0526315789473684,0.0
2026-04-11 14:00:00,Burnley,Brighton & Hove Albion,0,2,False,1072,1349.542066344714,1553.9580835997053,-204.4160172549914,14.0,1.0,2.0,0.4,1.4,14.0,1.4,0.6,2.4,0.8,47.275,4.796052631578947,63.875,2.302631578947368,0.0789473684210526,1.0,52.3,3.8684210526315783,59.9,2.0526315789473686,0.0789473684210526,0.0
2026-04-11 16:30:00,Liverpool,Fulham,2,0,False,1073,1597.7346565660866,1509.8543913250699,87.88026524101679,14.0,1.8,1.4,1.4,2.4,14.0,1.6,0.8,2.0,1.6,57.7,3.631578947368421,70.3,1.763157894736842,0.0789473684210526,0.0,52.3,4.184210526315789,66.0,2.1052631578947367,0.0526315789473684,0.0
2026-04-12 13:00:00,Nottingham Forest,Aston Villa,1,1,False,1074,1480.2217899566733,1562.8307262209687,-82.60893626429538,14.0,1.2,1.0,1.0,0.2,14.0,1.0,2.0,0.8,1.2,41.2,4.342105263157895,72.1,2.3684210526315788,0.0526315789473684,0.0,50.5,4.105263157894737,67.3,2.0,0.1052631578947368,0.0
2026-04-12 13:00:00,Sunderland,Tottenham Hotspur,1,0,False,1075,1479.3791639183423,1410.6010433758095,68.77812054253286,14.0,1.0,1.2,1.4,1.2,14.0,0.8,2.6,0.2,2.0,47.275,4.796052631578947,63.875,2.302631578947368,0.0789473684210526,1.0,54.7,4.7368421052631575,63.9,1.894736842105263,0.0263157894736842,0.0
2026-04-12 13:00:00,Crystal Palace,Newcastle United,2,1,False,1076,1507.1487753865467,1526.2858671926754,-19.137091806128637,14.0,1.4,1.2,1.4,0.8,14.0,1.4,1.6,1.2,1.4,42.8,4.0,66.4,2.1052631578947367,0.1052631578947368,0.0,51.3,4.2368421052631575,70.8,1.7894736842105263,0.0263157894736842,0.0
2026-04-12 15:30:00,Chelsea,Manchester City,0,3,False,1077,1582.565827387754,1674.320433112573,-91.75460572481893,14.0,1.2,1.6,0.8,1.6,14.0,1.8,0.8,2.2,1.2,57.1,4.078947368421052,72.3,2.6578947368421053,0.0526315789473684,0.0,61.3,3.3684210526315788,65.6,1.5526315789473684,0.0526315789473684,0.0
2026-04-13 19:00:00,Manchester United,Leeds United,1,2,False,1078,1582.9560289756096,1473.8571544296233,109.09887454598629,14.0,1.8,1.2,2.0,2.4,14.0,0.2,0.6,0.6,1.6,53.5,3.9210526315789473,63.8,2.263157894736842,0.0789473684210526,0.0,47.275,4.796052631578947,63.875,2.302631578947368,0.0789473684210526,1.0
2026-04-18 11:30:00,Brentford,Fulham,0,0,False,1079,1532.618368235155,1500.3264472123637,32.29192102279126,6.895833333333333,1.6,1.4,1.4,1.0,6.791666666666667,1.0,1.0,1.4,1.8,47.9,5.447368421052632,72.5,1.631578947368421,0.0263157894736842,0.0,52.3,4.184210526315789,66.0,2.1052631578947367,0.0526315789473684,0.0
2026-04-18 14:00:00,Newcastle United,Bournemouth,1,2,False,1080,1517.5982936009864,1547.1242621228228,-29.525968521836376,6.041666666666667,1.4,1.6,1.2,1.4,7.104166666666667,1.0,0.8,1.4,0.4,51.3,4.2368421052631575,70.8,1.7894736842105263,0.0263157894736842,0.0,48.5,4.526315789473684,73.3,2.5526315789473686,0.0789473684210526,0.0
2026-04-18 14:00:00,Leeds United,Wolverhampton Wanderers,3,0,False,1081,1488.4869477141558,1377.1244038337813,111.36254388037446,4.791666666666667,0.4,0.6,1.0,0.6,7.791666666666667,1.2,1.6,1.4,1.8,47.275,4.796052631578947,63.875,2.302631578947368,0.0789473684210526,1.0,48.1,4.421052631578948,58.9,2.0789473684210527,0.0526315789473684,0.0
2026-04-18 16:30:00,Tottenham Hotspur,Brighton & Hove Albion,2,2,False,1082,1404.2718452787265,1564.0162416600774,-159.74439638135095,6.145833333333333,0.6,2.0,0.2,1.0,7.104166666666667,1.4,0.6,2.4,0.6,54.7,4.7368421052631575,63.9,1.894736842105263,0.0263157894736842,0.0,52.3,3.8684210526315783,59.9,2.0526315789473686,0.0789473684210526,0.0
2026-04-18 19:00:00,Chelsea,Manchester United,0,1,False,1083,1566.4107740091017,1568.326235691077,-1.91546168197533,6.145833333333333,1.0,2.0,0.6,1.2,5.0,1.8,1.6,1.4,1.4,57.1,4.078947368421052,72.3,2.6578947368421053,0.0526315789473684,0.0,53.5,3.9210526315789473,63.8,2.263157894736842,0.0789473684210526,0.0
2026-04-19 13:00:00,Everton,Liverpool,1,2,False,1084,1539.1705479888954,1607.2626006787928,-68.0920526898974,7.958333333333333,2.0,1.2,2.0,1.4,7.854166666666667,2.0,1.4,1.4,1.4,40.9,4.289473684210527,73.0,2.1578947368421053,0.0526315789473684,0.0,57.7,3.631578947368421,70.3,1.763157894736842,0.0789473684210526,0.0
2026-04-19 13:00:00,Nottingham Forest,Burnley,4,1,False,1085,1480.7281823634157,1339.4839082843419,141.24427407907388,7.0,1.4,1.0,1.2,0.4,7.958333333333333,0.8,2.2,0.2,2.2,41.2,4.342105263157895,72.1,2.3684210526315788,0.0526315789473684,0.0,47.275,4.796052631578947,63.875,2.302631578947368,0.0789473684210526,1.0
2026-04-19 13:00:00,Aston Villa,Sunderland,4,3,False,1086,1562.3243338142263,1485.7083620154253,76.61597179880096,7.0,1.0,2.0,0.8,1.0,7.0,1.0,0.6,2.0,1.6,50.5,4.105263157894737,67.3,2.0,0.1052631578947368,0.0,47.275,4.796052631578947,63.875,2.302631578947368,0.0789473684210526,1.0
2026-04-19 15:30:00,Manchester City,Arsenal,2,1,False,1087,1690.4754864912254,1707.5778715424572,-17.10238505123175,7.0,1.8,0.8,2.2,2.0,8.166666666666666,2.0,0.8,2.4,0.8,61.3,3.3684210526315788,65.6,1.5526315789473684,0.0526315789473684,0.0,56.9,3.1578947368421053,71.7,1.8421052631578947,0.1578947368421052,0.0
2026-04-20 19:00:00,Crystal Palace,West Ham United,0,0,False,1088,1515.8363489782357,1452.4412678159617,63.39508116227398,8.25,1.4,0.8,2.0,1.2,10.0,1.6,1.6,1.4,2.0,42.8,4.0,66.4,2.1052631578947367,0.1052631578947368,0.0,48.4,4.973684210526316,67.2,2.1578947368421053,0.0789473684210526,0.0
2026-04-21 19:00:00,Brighton & Hove Albion,Chelsea,3,0,False,1089,1561.3549221240182,1554.614749123189,6.740173000829145,3.1041666666666665,1.4,0.8,2.0,1.0,3.0,0.8,1.8,0.6,1.6,52.3,3.8684210526315783,59.9,2.0526315789473686,0.0789473684210526,0.0,57.1,4.078947368421052,72.3,2.6578947368421053,0.0526315789473684,0.0
2026-04-22 19:00:00,Burnley,Manchester City,0,1,False,1090,1331.3025401682366,1699.1055501105693,-367.80300994233266,3.25,0.4,2.2,0.2,1.0,3.1458333333333335,1.8,0.8,2.2,0.8,47.275,4.796052631578947,63.875,2.302631578947368,0.0789473684210526,1.0,61.3,3.3684210526315788,65.6,1.5526315789473684,0.0526315789473684,0.0
2026-04-22 19:00:00,Bournemouth,Leeds United,2,2,False,1091,1558.141753525,1497.7955011840243,60.34625234097575,4.208333333333333,1.2,0.8,1.8,1.4,4.208333333333333,1.0,0.4,1.6,1.0,48.5,4.526315789473684,73.3,2.5526315789473686,0.0789473684210526,0.0,47.275,4.796052631578947,63.875,2.302631578947368,0.0789473684210526,1.0
2026-04-24 19:00:00,Sunderland,Nottingham Forest,0,5,False,1092,1479.5727217499177,1488.909550479521,-9.336828729603212,5.25,1.4,1.2,1.8,1.0,5.25,2.0,0.8,1.8,1.4,47.275,4.796052631578947,63.875,2.302631578947368,0.0789473684210526,1.0,41.2,4.342105263157895,72.1,2.3684210526315788,0.0526315789473684,0.0
2026-04-25 11:30:00,Fulham,Aston Villa,1,0,False,1093,1503.055763259374,1568.459974079734,-65.40421082035982,7.0,0.6,0.8,1.0,1.6,5.9375,1.8,2.2,1.4,1.4,52.3,4.184210526315789,66.0,2.1052631578947367,0.0526315789473684,0.0,50.5,4.105263157894737,67.3,2.0,0.1052631578947368,0.0
2026-04-25 14:00:00,Liverpool,Crystal Palace,3,1,False,1094,1617.1736065979508,1512.3003620235638,104.87324457438694,6.041666666666667,1.4,1.2,1.4,2.6,4.791666666666667,1.2,0.8,1.6,1.2,57.7,3.631578947368421,70.3,1.763157894736842,0.0789473684210526,0.0,42.8,4.0,66.4,2.1052631578947367,0.1052631578947368,0.0
2026-04-25 14:00:00,West Ham United,Everton,2,1,False,1095,1455.9772547706336,1529.2595420697373,-73.2822872991037,4.791666666666667,1.2,0.6,1.6,1.8,6.041666666666667,1.6,1.2,1.4,1.6,48.4,4.973684210526316,67.2,2.1578947368421053,0.0789473684210526,0.0,40.9,4.289473684210527,73.0,2.1578947368421053,0.0526315789473684,0.0
2026-04-25 14:00:00,Wolverhampton Wanderers,Tottenham Hotspur,0,1,False,1096,1367.815850363913,1406.9331648147856,-39.117314450872755,7.0,1.2,2.0,1.4,1.4,6.895833333333333,0.8,2.0,0.4,1.6,48.1,4.421052631578948,58.9,2.0789473684210527,0.0526315789473684,0.0,54.7,4.7368421052631575,63.9,1.894736842105263,0.0263157894736842,0.0
2026-04-25 16:30:00,Arsenal,Newcastle United,1,0,False,1097,1698.9478079231133,1506.5808021988091,192.36700572430414,6.041666666666667,1.4,1.0,1.8,2.0,7.104166666666667,1.2,1.4,1.2,1.8,56.9,3.1578947368421053,71.7,1.8421052631578947,0.1578947368421052,0.0,51.3,4.2368421052631575,70.8,1.7894736842105263,0.0263157894736842,0.0
2026-04-27 19:00:00,Manchester United,Brentford,2,1,False,1098,1580.1222605769897,1529.8890521881447,50.233208388845014,9.0,1.6,1.4,1.4,2.2,9.3125,0.8,0.8,1.0,1.0,53.5,3.9210526315789473,63.8,2.263157894736842,0.0789473684210526,0.0,47.9,5.447368421052632,72.5,1.631578947368421,0.0263157894736842,0.0
2026-05-01 19:00:00,Leeds United,Burnley,3,1,False,1099,1501.2544706444694,1328.32408277816,172.9303878663095,9.0,1.4,0.6,1.8,1.2,9.0,0.4,2.0,0.2,2.4,47.275,4.796052631578947,63.875,2.302631578947368,0.0789473684210526,1.0,47.275,4.796052631578947,63.875,2.302631578947368,0.0789473684210526,1.0
2026-05-02 14:00:00,Brentford,West Ham United,3,0,False,1100,1523.0892382244958,1466.2155930166891,56.8736452078067,4.791666666666667,1.0,1.2,0.8,1.0,7.0,1.4,0.8,1.6,1.4,47.9,5.447368421052632,72.5,1.631578947368421,0.0263157894736842,0.0,48.4,4.973684210526316,67.2,2.1578947368421053,0.0789473684210526,0.0
2026-05-02 14:00:00,Newcastle United,Brighton & Hove Albion,3,1,False,1101,1502.876854153374,1575.2919316877449,-72.41507753437077,6.895833333333333,0.8,1.4,0.6,1.6,10.791666666666666,2.0,0.6,2.6,0.6,51.3,4.2368421052631575,70.8,1.7894736842105263,0.0263157894736842,0.0,52.3,3.8684210526315783,59.9,2.0526315789473686,0.0789473684210526,0.0
2026-05-02 14:00:00,Wolverhampton Wanderers,Sunderland,1,1,False,1102,1357.0722618475452,1456.3956285515076,-99.32336670396239,7.0,0.8,2.2,0.8,1.4,7.791666666666667,1.2,2.2,1.2,1.8,48.1,4.421052631578948,58.9,2.0789473684210527,0.0526315789473684,0.0,47.275,4.796052631578947,63.875,2.302631578947368,0.0789473684210526,1.0
2026-05-02 16:30:00,Arsenal,Fulham,3,0,False,1103,1702.6517559685483,1513.0673973767423,189.584358591806,7.0,1.2,0.8,1.8,1.8,7.208333333333333,0.8,0.6,1.6,1.2,56.9,3.1578947368421053,71.7,1.8421052631578947,0.1578947368421052,0.0,52.3,4.184210526315789,66.0,2.1052631578947367,0.0526315789473684,0.0
2026-05-03 13:00:00,Bournemouth,Crystal Palace,3,0,False,1104,1554.6827840645549,1503.4176302145981,51.26515384995673,10.75,1.6,1.2,1.8,1.2,7.958333333333333,1.2,1.0,1.6,1.4,48.5,4.526315789473684,73.3,2.5526315789473686,0.0789473684210526,0.0,42.8,4.0,66.4,2.1052631578947367,0.1052631578947368,0.0
2026-05-03 14:30:00,Manchester United,Liverpool,3,2,False,1105,1586.9220745406385,1626.0563384069164,-39.134263866277934,5.8125,1.8,1.2,2.0,2.0,8.020833333333334,1.8,1.0,2.0,1.0,53.5,3.9210526315789473,63.8,2.263157894736842,0.0789473684210526,0.0,57.7,3.631578947368421,70.3,1.763157894736842,0.0789473684210526,0.0
2026-05-03 18:00:00,Aston Villa,Tottenham Hotspur,1,2,False,1106,1558.4483399623657,1417.6767533311533,140.77158663121236,8.270833333333334,1.6,1.6,1.4,1.8,8.166666666666666,0.8,1.4,1.0,1.2,50.5,4.105263157894737,67.3,2.0,0.1052631578947368,0.0,54.7,4.7368421052631575,63.9,1.894736842105263,0.0263157894736842,0.0
2026-05-04 14:00:00,Chelsea,Nottingham Forest,1,3,False,1107,1540.6777395594625,1512.086643677931,28.591095881531373,12.791666666666666,0.0,2.2,0.0,0.6,9.791666666666666,2.6,0.4,2.2,1.4,57.1,4.078947368421052,72.3,2.6578947368421053,0.0526315789473684,0.0,41.2,4.342105263157895,72.1,2.3684210526315788,0.0526315789473684,0.0
2026-05-04 19:00:00,Everton,Manchester City,3,3,False,1108,1519.0212038236818,1702.084007500646,-183.06280367696422,9.208333333333334,1.4,1.6,0.8,1.4,12.0,1.8,0.8,2.2,0.4,40.9,4.289473684210527,73.0,2.1578947368421053,0.0526315789473684,0.0,61.3,3.3684210526315788,65.6,1.5526315789473684,0.0526315789473684,0.0
2026-05-09 11:30:00,Liverpool,Chelsea,1,1,False,1109,1616.7994417755367,1520.1532603034307,96.64618147210604,5.875,2.0,1.4,1.8,2.4,4.895833333333333,0.2,2.6,0.0,2.0,57.7,3.631578947368421,70.3,1.763157894736842,0.0789473684210526,0.0,57.1,4.078947368421052,72.3,2.6578947368421053,0.0526315789473684,0.0
2026-05-09 14:00:00,Fulham,Bournemouth,0,1,False,1110,1506.5004615935275,1566.5358480079371,-60.035386414409686,6.895833333333333,0.8,1.2,1.4,1.4,6.041666666666667,2.2,1.2,2.2,0.6,52.3,4.184210526315789,66.0,2.1052631578947367,0.0526315789473684,0.0,48.5,4.526315789473684,73.3,2.5526315789473686,0.0789473684210526,0.0
2026-05-09 14:00:00,Brighton & Hove Albion,Wolverhampton Wanderers,3,0,False,1111,1558.6951718181097,1358.0569664017587,200.63820541635096,7.0,2.0,1.2,2.0,1.4,7.0,0.6,2.2,0.4,2.0,52.3,3.8684210526315783,59.9,2.0526315789473686,0.0789473684210526,0.0,48.1,4.421052631578948,58.9,2.0789473684210527,0.0526315789473684,0.0
2026-05-09 14:00:00,Sunderland,Manchester United,0,0,False,1112,1455.410923997294,1596.1789711720182,-140.7680471747242,7.0,1.4,2.2,1.4,0.4,5.979166666666667,1.8,1.4,2.0,1.0,47.275,4.796052631578947,63.875,2.302631578947368,0.0789473684210526,1.0,53.5,3.9210526315789473,63.8,2.263157894736842,0.0789473684210526,0.0
2026-05-09 16:30:00,Manchester City,Brentford,3,0,False,1113,1698.8109114640117,1534.690555347559,164.12035611645274,4.895833333333333,2.0,1.0,2.2,2.2,7.104166666666667,1.2,0.8,1.2,1.4,61.3,3.3684210526315788,65.6,1.5526315789473684,0.0526315789473684,0.0,47.9,5.447368421052632,72.5,1.631578947368421,0.0263157894736842,0.0
2026-05-10 13:00:00,Crystal Palace,Everton,2,2,False,1114,1491.5645662712159,1522.2942998603162,-30.729733589100306,7.0,0.6,1.4,1.0,1.0,5.75,2.0,1.8,1.0,1.8,42.8,4.0,66.4,2.1052631578947367,0.1052631578947368,0.0,40.9,4.289473684210527,73.0,2.1578947368421053,0.0526315789473684,0.0
2026-05-10 13:00:00,Burnley,Aston Villa,2,2,False,1115,1321.7370336566598,1543.1331618604481,-221.3961282037883,8.75,0.6,2.6,0.0,0.6,6.791666666666667,1.6,1.4,1.4,1.6,47.275,4.796052631578947,63.875,2.302631578947368,0.0789473684210526,1.0,50.5,4.105263157894737,67.3,2.0,0.1052631578947368,0.0
2026-05-10 13:00:00,Nottingham Forest,Newcastle United,1,1,False,1116,1532.6111229339629,1519.4736140230093,13.137508910953557,5.958333333333333,3.2,0.6,2.6,1.0,7.958333333333333,1.2,1.6,0.6,1.2,41.2,4.342105263157895,72.1,2.3684210526315788,0.0526315789473684,0.0,51.3,4.2368421052631575,70.8,1.7894736842105263,0.0263157894736842,0.0
2026-05-10 15:30:00,West Ham United,Arsenal,0,1,False,1117,1454.614275893626,1709.2186917517631,-254.60441585813714,8.0625,1.2,1.2,1.4,1.6,7.958333333333333,1.6,0.8,1.8,1.2,48.4,4.973684210526316,67.2,2.1578947368421053,0.0789473684210526,0.0,56.9,3.1578947368421053,71.7,1.8421052631578947,0.1578947368421052,0.0
2026-05-11 19:00:00,Tottenham Hotspur,Leeds United,1,1,False,1118,1432.991931433071,1507.8415197659695,-74.84958833289852,8.041666666666666,1.0,1.4,1.4,1.0,10.0,2.0,0.8,2.2,1.2,54.7,4.7368421052631575,63.9,1.894736842105263,0.0263157894736842,0.0,47.275,4.796052631578947,63.875,2.302631578947368,0.0789473684210526,1.0
2026-05-13 19:00:00,Manchester City,Crystal Palace,3,0,False,1119,1706.1958263710624,1490.5813752695267,215.61445110153568,4.104166666666667,2.4,0.8,2.6,2.4,3.25,1.0,1.8,1.0,1.8,61.3,3.3684210526315788,65.6,1.5526315789473684,0.0526315789473684,0.0,42.8,4.0,66.4,2.1052631578947367,0.1052631578947368,0.0
2026-05-15 19:00:00,Aston Villa,Liverpool,4,2,False,1120,1538.9129862111067,1612.4558660455148,-73.54287983440804,5.25,1.6,1.8,1.0,1.8,6.3125,2.0,1.2,2.0,1.6,50.5,4.105263157894737,67.3,2.0,0.1052631578947368,0.0,57.7,3.631578947368421,70.3,1.763157894736842,0.0789473684210526,0.0
2026-05-17 11:30:00,Manchester United,Nottingham Forest,3,2,False,1121,1594.0321174128892,1530.399309959509,63.63280745338011,7.895833333333333,1.4,1.0,2.0,2.2,6.9375,2.8,0.8,2.2,1.0,53.5,3.9210526315789473,63.8,2.263157894736842,0.0789473684210526,0.0,41.2,4.342105263157895,72.1,2.3684210526315788,0.0526315789473684,0.0
2026-05-17 14:00:00,Brentford,Crystal Palace,2,2,False,1122,1527.3056404405083,1484.7767083246913,42.52893211581704,7.895833333333333,1.2,1.4,1.0,1.4,3.7916666666666665,0.6,2.2,0.4,2.4,47.9,5.447368421052632,72.5,1.631578947368421,0.0263157894736842,0.0,42.8,4.0,66.4,2.1052631578947367,0.1052631578947368,0.0
2026-05-17 14:00:00,Everton,Sunderland,1,3,False,1123,1523.2774908620054,1457.557777756423,65.71971310558229,7.041666666666667,1.8,2.2,0.6,1.8,8.0,1.0,2.0,1.0,1.4,40.9,4.289473684210527,73.0,2.1578947368421053,0.0526315789473684,0.0,47.275,4.796052631578947,63.875,2.302631578947368,0.0789473684210526,1.0
2026-05-17 14:00:00,Leeds United,Brighton & Hove Albion,1,0,False,1124,1507.5581017476256,1564.929374322303,-57.37127257467728,5.791666666666667,2.2,1.0,2.2,1.2,8.0,2.2,1.0,2.0,1.0,47.275,4.796052631578947,63.875,2.302631578947368,0.0789473684210526,1.0,52.3,3.8684210526315783,59.9,2.0526315789473686,0.0789473684210526,0.0
2026-05-17 14:00:00,Wolverhampton Wanderers,Fulham,1,1,False,1125,1351.8227638975654,1496.357578252806,-144.53481435524054,8.0,0.2,2.4,0.2,1.4,8.0,0.2,1.2,0.8,1.2,48.1,4.421052631578948,58.9,2.0789473684210527,0.0526315789473684,0.0,52.3,4.184210526315789,66.0,2.1052631578947367,0.0526315789473684,0.0
2026-05-17 16:30:00,Newcastle United,West Ham United,3,1,False,1126,1521.685426997463,1449.5873720847223,72.09805491274074,7.145833333333333,1.2,1.4,0.8,1.8,7.041666666666667,1.2,1.0,1.4,2.0,51.3,4.2368421052631575,70.8,1.7894736842105263,0.0263157894736842,0.0,48.4,4.973684210526316,67.2,2.1578947368421053,0.0789473684210526,0.0
2026-05-18 19:00:00,Arsenal,Burnley,1,0,False,1127,1714.2455955606667,1325.9572093060012,388.2883862546655,8.145833333333334,1.4,0.8,1.8,1.8,8.25,0.8,2.4,0.2,2.6,56.9,3.1578947368421053,71.7,1.8421052631578947,0.1578947368421052,0.0,47.275,4.796052631578947,63.875,2.302631578947368,0.0789473684210526,1.0
2026-05-19 18:30:00,Bournemouth,Manchester City,1,1,False,1128,1576.6787313486586,1712.0004933158978,-135.32176196723913,10.1875,2.0,0.8,2.6,1.6,5.979166666666667,2.4,0.8,2.6,0.8,48.5,4.526315789473684,73.3,2.5526315789473686,0.0789473684210526,0.0,61.3,3.3684210526315788,65.6,1.5526315789473684,0.0526315789473684,0.0
2026-05-19 19:15:00,Chelsea,Tottenham Hotspur,2,1,False,1129,1524.4968360334526,1433.2753494514147,91.22148658203787,10.322916666666666,0.4,2.2,0.2,0.4,8.010416666666666,1.2,1.0,1.6,1.0,57.1,4.078947368421052,72.3,2.6578947368421053,0.0526315789473684,0.0,54.7,4.7368421052631575,63.9,1.894736842105263,0.0263157894736842,0.0
2026-05-24 15:00:00,Sunderland,Chelsea,2,1,False,1130,1479.6486623424523,1530.280792620512,-50.632130278059776,7.041666666666667,1.4,2.2,1.0,0.4,4.822916666666667,0.8,1.8,0.8,2.0,47.275,4.796052631578947,63.875,2.302631578947368,0.0789473684210526,1.0,57.1,4.078947368421052,72.3,2.6578947368421053,0.0526315789473684,0.0
2026-05-24 15:00:00,West Ham United,Leeds United,3,0,False,1131,1439.4363056954376,1517.3385646020104,-77.9022589065728,6.9375,0.6,1.6,0.8,1.4,7.041666666666667,2.0,0.8,2.2,1.0,48.4,4.973684210526316,67.2,2.1578947368421053,0.0789473684210526,0.0,47.275,4.796052631578947,63.875,2.302631578947368,0.0789473684210526,1.0
2026-05-24 15:00:00,Nottingham Forest,Bournemouth,1,1,False,1132,1523.9412822695122,1578.6755607102582,-54.73427844074604,7.145833333333333,3.0,1.2,2.0,1.2,4.854166666666667,1.8,0.8,2.2,0.4,41.2,4.342105263157895,72.1,2.3684210526315788,0.0526315789473684,0.0,48.5,4.526315789473684,73.3,2.5526315789473686,0.0789473684210526,0.0
2026-05-24 15:00:00,Manchester City,Aston Villa,1,2,False,1133,1710.0036639542982,1555.562466958508,154.44119699579028,4.854166666666667,2.2,0.8,2.2,2.4,8.833333333333334,2.2,2.0,1.4,1.8,61.3,3.3684210526315788,65.6,1.5526315789473684,0.0526315789473684,0.0,50.5,4.105263157894737,67.3,2.0,0.1052631578947368,0.0
2026-05-24 15:00:00,Liverpool,Brentford,1,1,False,1134,1595.8063852981136,1524.3058812193997,71.5005040787139,8.833333333333334,2.0,2.0,1.4,2.4,7.041666666666667,1.2,1.4,1.0,1.6,57.7,3.631578947368421,70.3,1.763157894736842,0.0789473684210526,0.0,47.9,5.447368421052632,72.5,1.631578947368421,0.0263157894736842,0.0
2026-05-24 15:00:00,Tottenham Hotspur,Everton,1,0,False,1135,1427.4913928643552,1501.1866062759761,-73.6952134116209,4.822916666666667,1.4,1.2,1.6,1.0,7.041666666666667,1.6,2.4,0.4,2.0,54.7,4.7368421052631575,63.9,1.894736842105263,0.0263157894736842,0.0,40.9,4.289473684210527,73.0,2.1578947368421053,0.0526315789473684,0.0
2026-05-24 15:00:00,Burnley,Wolverhampton Wanderers,1,1,False,1136,1324.586411823124,1354.072792858921,-29.486381035796967,5.833333333333333,0.8,2.2,0.2,1.0,7.041666666666667,0.4,1.8,0.4,2.6,47.275,4.796052631578947,63.875,2.302631578947368,0.0789473684210526,1.0,48.1,4.421052631578948,58.9,2.0789473684210527,0.0526315789473684,0.0
2026-05-24 15:00:00,Crystal Palace,Arsenal,1,2,False,1137,1487.7764675458,1715.616393043544,-227.83992549774393,7.041666666666667,1.0,2.6,0.4,1.0,5.833333333333333,1.4,0.4,2.4,1.0,42.8,4.0,66.4,2.1052631578947367,0.1052631578947368,0.0,56.9,3.1578947368421053,71.7,1.8421052631578947,0.1578947368421052,0.0
2026-05-24 15:00:00,Brighton & Hove Albion,Manchester United,0,3,False,1138,1555.1489114679182,1600.4901451028861,-45.34123363496792,7.041666666666667,1.8,1.2,1.4,2.0,7.145833333333333,1.8,1.0,2.6,0.8,52.3,3.8684210526315783,59.9,2.0526315789473686,0.0789473684210526,0.0,53.5,3.9210526315789473,63.8,2.263157894736842,0.0789473684210526,0.0
2026-05-24 15:00:00,Fulham,Newcastle United,2,0,False,1139,1494.1075492914504,1531.8364933867479,-37.72894409529749,7.041666666666667,0.4,1.0,1.0,1.2,6.9375,1.6,1.2,1.4,1.2,52.3,4.184210526315789,66.0,2.1052631578947367,0.0526315789473684,0.0,51.3,4.2368421052631575,70.8,1.7894736842105263,0.0263157894736842,0.0
