Date,HomeTeam,AwayTeam,FTHG,FTAG,is_fixture,match_id,HomeElo,AwayElo,EloDiff,HomeRestDays,Home_GF5,Home_GA5,Home_PPM5,HomeGF_Home,AwayRestDays,Away_GF5,Away_GA5,Away_PPM5,AwayGA_Away,Home_PrevPoss,Home_PrevSoTA90,Home_PrevSavePct,Home_PrevCrdY90,Home_PrevCrdR90,HomeNoPrev,Away_PrevPoss,Away_PrevSoTA90,Away_PrevSavePct,Away_PrevCrdY90,Away_PrevCrdR90,AwayNoPrev
2024-08-16 19:00:00,Manchester United,Fulham,1,0,False,380,1516.987123248865,1485.5517685094742,31.435354739390732,14.0,1.2,1.6,1.4,2.0,14.0,1.2,2.0,1.0,1.6,50.6,5.342105263157895,71.4,2.1842105263157894,0.0263157894736842,0.0,50.6,5.0,67.9,2.210526315789474,0.1052631578947368,0.0
2024-08-17 11:30:00,Ipswich Town,Liverpool,0,2,False,381,1450.0,1612.1310206627359,-162.13102066273586,14.0,1.636482939632546,1.636482939632546,1.3923884514435696,1.636482939632546,14.0,2.2,1.8,1.6,2.0,42.375,5.342105263157895,63.275,2.3815789473684212,0.1052631578947368,1.0,61.3,3.8684210526315783,72.1,1.8157894736842104,0.131578947368421,0.0
2024-08-17 14:00:00,Nottingham Forest,Bournemouth,1,1,False,382,1448.9151381429933,1483.830342307566,-34.91520416457274,14.0,1.4,1.8,1.2,1.6,14.0,1.2,1.4,1.2,2.0,40.6,4.289473684210527,58.9,2.1578947368421053,0.0789473684210526,0.0,44.4,5.105263157894737,65.5,2.0789473684210527,0.0789473684210526,0.0
2024-08-17 14:00:00,Newcastle United,Southampton,1,0,False,383,1535.3366005567589,1450.0,85.33660055675887,14.0,3.2,1.6,2.0,3.0,14.0,1.633159268929504,1.633159268929504,1.391644908616188,1.633159268929504,52.2,5.131578947368421,68.2,2.0789473684210527,0.0263157894736842,0.0,42.375,5.342105263157895,63.275,2.3815789473684212,0.1052631578947368,1.0
2024-08-17 14:00:00,Arsenal,Wolverhampton Wanderers,2,0,False,384,1646.5646328286518,1450.6975037499278,195.86712907872402,14.0,2.8,0.6,3.0,2.4,14.0,0.8,2.4,0.6,2.4,58.2,2.1842105263157894,65.1,1.6842105263157894,0.0526315789473684,0.0,48.9,5.342105263157895,68.0,2.6842105263157894,0.1052631578947368,0.0
2024-08-17 14:00:00,Everton,Brighton & Hove Albion,0,3,False,385,1487.6179306731774,1466.6189125130286,20.999018160148808,14.0,1.2,0.6,2.0,1.4,14.0,0.6,1.6,0.8,1.4,40.8,4.342105263157895,69.1,2.1578947368421053,0.0263157894736842,0.0,59.8,4.342105263157895,62.4,2.3684210526315788,0.0789473684210526,0.0
2024-08-17 16:30:00,West Ham United,Aston Villa,1,2,False,386,1476.1112866438023,1540.086109159155,-63.9748225153528,14.0,1.6,3.2,0.8,1.4,14.0,1.6,2.4,1.0,2.2,41.1,6.342105263157895,69.3,2.1578947368421053,0.0789473684210526,0.0,53.1,4.552631578947368,64.7,2.473684210526316,0.0526315789473684,0.0
2024-08-18 13:00:00,Brentford,Crystal Palace,2,1,False,387,1457.683083903485,1519.9555082947675,-62.27242439128236,14.0,1.8,1.4,1.4,1.0,14.0,3.0,0.4,2.6,0.8,45.2,4.842105263157895,64.7,2.3421052631578947,0.0526315789473684,0.0,42.3,4.052631578947368,62.3,1.9210526315789476,0.0526315789473684,0.0
2024-08-18 15:30:00,Chelsea,Manchester City,0,2,False,388,1557.557680674774,1671.262680564214,-113.70499988943993,14.0,2.8,0.8,3.0,3.8,14.0,3.2,0.4,3.0,0.4,58.6,4.894736842105263,66.1,2.8684210526315788,0.1052631578947368,0.0,65.2,2.8684210526315788,68.8,1.394736842105263,0.0526315789473684,0.0
2024-08-19 19:00:00,Leicester City,Tottenham Hotspur,1,1,False,389,1450.0,1527.7839519545605,-77.78395195456051,14.0,1.6259640102827764,1.6259640102827764,1.3933161953727506,1.6259640102827764,14.0,1.4,1.8,1.2,2.2,42.375,5.342105263157895,63.275,2.3815789473684212,0.1052631578947368,1.0,61.6,4.394736842105263,63.5,2.421052631578948,0.1052631578947368,0.0
2024-08-24 11:30:00,Brighton & Hove Albion,Manchester United,2,1,False,390,1488.364251278409,1524.280639964462,-35.91638868605287,6.895833333333333,1.2,1.0,1.4,0.4,7.6875,1.2,1.4,1.8,2.2,59.8,4.342105263157895,62.4,2.3684210526315788,0.0789473684210526,0.0,50.6,5.342105263157895,71.4,2.1842105263157894,0.0263157894736842,0.0
2024-08-24 14:00:00,Tottenham Hotspur,Everton,4,0,False,391,1527.4161662044064,1465.872591907797,61.54357429660945,4.791666666666667,1.6,1.6,1.4,1.8,7.0,0.8,1.2,1.4,2.4,61.6,4.394736842105263,63.5,2.421052631578948,0.1052631578947368,0.0,40.8,4.342105263157895,69.1,2.1578947368421053,0.0263157894736842,0.0
2024-08-24 14:00:00,Southampton,Nottingham Forest,0,1,False,392,1444.0757820068243,1448.0513858398851,-3.975603833060859,7.0,1.625,1.625,1.3928571428571428,1.625,7.0,1.6,1.6,1.4,1.6,42.375,5.342105263157895,63.275,2.3815789473684212,0.1052631578947368,1.0,40.6,4.289473684210527,58.9,2.1578947368421053,0.0789473684210526,0.0
2024-08-24 14:00:00,Fulham,Leicester City,2,1,False,393,1478.2582517938772,1450.367785750154,27.89046604372311,7.791666666666667,1.0,1.6,1.0,1.0,4.791666666666667,1.6221374045801527,1.6221374045801527,1.3931297709923665,1.6221374045801527,50.6,5.0,67.9,2.210526315789474,0.1052631578947368,0.0,42.375,5.342105263157895,63.275,2.3815789473684212,0.1052631578947368,1.0
2024-08-24 14:00:00,Crystal Palace,West Ham United,0,2,False,394,1510.034012618694,1466.0817797495145,43.952232869179625,6.041666666666667,2.8,0.8,2.0,3.6,6.895833333333333,1.4,2.6,0.8,3.6,42.3,4.052631578947368,62.3,1.9210526315789476,0.0526315789473684,0.0,41.1,6.342105263157895,69.3,2.1578947368421053,0.0789473684210526,0.0
2024-08-24 14:00:00,Manchester City,Ipswich Town,4,1,False,395,1685.249492090775,1438.178172771834,247.07131931894105,5.9375,3.2,0.4,3.0,3.4,7.104166666666667,1.620253164556962,1.620253164556962,1.3936708860759495,1.620253164556962,65.2,2.8684210526315788,68.8,1.394736842105263,0.0526315789473684,0.0,42.375,5.342105263157895,63.275,2.3815789473684212,0.1052631578947368,1.0
2024-08-24 16:30:00,Aston Villa,Arsenal,0,2,False,396,1550.1156160534429,1652.4853624890864,-102.36974643564349,7.0,1.4,2.4,1.0,2.6,7.104166666666667,2.2,0.6,3.0,0.4,53.1,4.552631578947368,64.7,2.473684210526316,0.0526315789473684,0.0,58.2,2.1842105263157894,65.1,1.6842105263157894,0.0526315789473684,0.0
2024-08-25 13:00:00,Bournemouth,Newcastle United,1,1,False,397,1484.6940946106743,1541.2608185499346,-56.56672393926033,7.958333333333333,1.2,1.6,0.8,1.8,7.958333333333333,2.4,1.4,2.0,1.6,44.4,5.105263157894737,65.5,2.0789473684210527,0.0789473684210526,0.0,52.2,5.131578947368421,68.2,2.0789473684210527,0.0263157894736842,0.0
2024-08-25 13:00:00,Wolverhampton Wanderers,Chelsea,2,6,False,398,1444.7767740894933,1543.570869148213,-98.79409505871968,7.958333333333333,0.8,2.6,0.6,0.8,6.895833333333333,2.4,1.2,2.4,2.4,48.9,5.342105263157895,68.0,2.6842105263157894,0.1052631578947368,0.0,58.6,4.894736842105263,66.1,2.8684210526315788,0.1052631578947368,0.0
2024-08-25 15:30:00,Liverpool,Brentford,2,0,False,399,1623.952847890902,1467.6045795795585,156.34826831134342,8.166666666666666,2.6,1.4,2.2,2.2,7.104166666666667,1.2,1.4,1.4,1.6,61.3,3.8684210526315783,72.1,1.8157894736842104,0.131578947368421,0.0,45.2,4.842105263157895,64.7,2.3421052631578947,0.0526315789473684,0.0
2024-08-31 11:30:00,Arsenal,Brighton & Hove Albion,1,1,False,400,1666.9942414801724,1497.529107433756,169.46513404641632,6.791666666666667,2.0,0.2,3.0,2.4,7.0,1.4,1.2,1.4,1.0,58.2,2.1842105263157894,65.1,1.6842105263157894,0.0526315789473684,0.0,59.8,4.342105263157895,62.4,2.3684210526315788,0.0789473684210526,0.0
2024-08-31 14:00:00,Brentford,Southampton,3,1,False,401,1460.5019638444796,1432.3372005772965,28.16476326718316,5.9375,1.2,1.6,1.4,1.2,7.0,1.6221945137157108,1.6221945137157108,1.3927680798004987,1.6221945137157108,45.2,4.842105263157895,64.7,2.3421052631578947,0.0526315789473684,0.0,42.375,5.342105263157895,63.275,2.3815789473684212,0.1052631578947368,1.0
2024-08-31 14:00:00,Everton,Bournemouth,2,3,False,402,1453.6649764511315,1484.451413072622,-30.786436621490566,7.0,0.6,2.0,0.8,1.2,6.041666666666667,0.8,1.8,0.4,1.8,40.8,4.342105263157895,69.1,2.1578947368421053,0.0263157894736842,0.0,44.4,5.105263157894737,65.5,2.0789473684210527,0.0789473684210526,0.0
2024-08-31 14:00:00,Ipswich Town,Fulham,1,1,False,403,1433.1981428050688,1485.6465833845994,-52.4484405795306,7.0,1.6253101736972704,1.6253101736972704,1.3933002481389578,1.6253101736972704,7.0,1.2,1.6,1.4,1.2,42.375,5.342105263157895,63.275,2.3815789473684212,0.1052631578947368,1.0,50.6,5.0,67.9,2.210526315789474,0.1052631578947368,0.0
2024-08-31 14:00:00,Leicester City,Aston Villa,1,2,False,404,1442.979454159432,1535.6067370623568,-92.62728290292489,7.0,1.6237623762376239,1.6237623762376239,1.3923267326732673,1.6237623762376239,6.895833333333333,1.0,2.4,0.8,2.2,42.375,5.342105263157895,63.275,2.3815789473684212,0.1052631578947368,1.0,53.1,4.552631578947368,64.7,2.473684210526316,0.0526315789473684,0.0
2024-08-31 14:00:00,Nottingham Forest,Wolverhampton Wanderers,1,1,False,405,1459.789967269413,1427.8448047498696,31.945162519543373,7.0,1.8,1.2,2.0,1.6,6.041666666666667,0.8,3.6,0.0,2.4,40.6,4.289473684210527,58.9,2.1578947368421053,0.0789473684210526,0.0,48.9,5.342105263157895,68.0,2.6842105263157894,0.1052631578947368,0.0
2024-08-31 16:30:00,West Ham United,Manchester City,1,3,False,406,1487.2668930622242,1690.2295220575402,-202.96262899531598,7.104166666666667,1.4,2.2,1.2,1.4,7.104166666666667,3.0,0.4,3.0,0.0,41.1,6.342105263157895,69.3,2.1578947368421053,0.0789473684210526,0.0,65.2,2.8684210526315788,68.8,1.394736842105263,0.0526315789473684,0.0
2024-09-01 12:30:00,Newcastle United,Tottenham Hotspur,2,1,False,407,1541.5035000879868,1539.623781661072,1.8797184269149056,6.979166666666667,1.8,1.4,1.6,2.4,7.9375,2.0,0.8,2.0,2.2,52.2,5.131578947368421,68.2,2.0789473684210527,0.0263157894736842,0.0,61.6,4.394736842105263,63.5,2.421052631578948,0.1052631578947368,0.0
2024-09-01 12:30:00,Chelsea,Crystal Palace,1,1,False,408,1560.5028384878367,1488.8488993059843,71.65393918185237,6.979166666666667,2.6,1.6,2.4,3.0,7.9375,2.6,1.0,1.8,1.0,58.6,4.894736842105263,66.1,2.8684210526315788,0.1052631578947368,0.0,42.3,4.052631578947368,62.3,1.9210526315789476,0.0526315789473684,0.0
2024-09-01 15:00:00,Manchester United,Liverpool,0,3,False,409,1515.1157838091149,1631.0554636259808,-115.93967981686592,8.145833333333334,1.4,1.0,1.8,1.8,6.979166666666667,2.6,1.0,2.6,1.6,50.6,5.342105263157895,71.4,2.1842105263157894,0.0263157894736842,0.0,61.3,3.8684210526315783,72.1,1.8157894736842104,0.131578947368421,0.0
2024-09-14 11:30:00,Southampton,Manchester United,0,3,False,410,1420.343113444839,1500.1633387997465,-79.8202253549075,13.895833333333334,0.3333333333333333,1.6666666666666667,0.0,1.6207317073170733,12.854166666666666,1.4,1.4,1.8,2.4,42.375,5.342105263157895,63.275,2.3815789473684212,0.1052631578947368,1.0,50.6,5.342105263157895,71.4,2.1842105263157894,0.0263157894736842,0.0
2024-09-14 14:00:00,Brighton & Hove Albion,Ipswich Town,0,0,False,411,1503.4106856474143,1432.8370369653671,70.57364868204718,14.0,1.4,1.2,1.4,0.8,14.0,0.6666666666666666,2.3333333333333335,0.3333333333333333,1.6204379562043796,59.8,4.342105263157895,62.4,2.3684210526315788,0.0789473684210526,0.0,42.375,5.342105263157895,63.275,2.3815789473684212,0.1052631578947368,1.0
2024-09-14 14:00:00,Crystal Palace,Leicester City,2,2,False,412,1492.5911019003354,1433.7729595237558,58.818142376579544,13.0625,2.0,1.2,1.4,3.2,14.0,1.0,1.6666666666666667,0.3333333333333333,1.616504854368932,42.3,4.052631578947368,62.3,1.9210526315789476,0.0526315789473684,0.0,42.375,5.342105263157895,63.275,2.3815789473684212,0.1052631578947368,1.0
2024-09-14 14:00:00,Fulham,West Ham United,1,1,False,413,1486.007689224301,1477.1505352414424,8.857153982858563,14.0,1.4,1.8,1.4,0.8,13.895833333333334,1.6,1.8,1.2,2.8,50.6,5.0,67.9,2.210526315789474,0.1052631578947368,0.0,41.1,6.342105263157895,69.3,2.1578947368421053,0.0789473684210526,0.0
2024-09-14 14:00:00,Liverpool,Nottingham Forest,0,1,False,414,1646.0079086353492,1457.0698907832789,188.9380178520703,12.958333333333334,2.4,0.6,2.6,2.2,14.0,1.4,1.2,1.6,1.4,61.3,3.8684210526315783,72.1,1.8157894736842104,0.131578947368421,0.0,40.6,4.289473684210527,58.9,2.1578947368421053,0.0789473684210526,0.0
2024-09-14 14:00:00,Manchester City,Brentford,2,1,False,415,1700.345879878322,1472.496050976937,227.84982890138485,13.895833333333334,2.8,0.6,3.0,4.2,14.0,1.8,1.8,1.8,1.6,65.2,2.8684210526315788,68.8,1.394736842105263,0.0526315789473684,0.0,45.2,4.842105263157895,64.7,2.3421052631578947,0.0526315789473684,0.0
2024-09-14 16:30:00,Aston Villa,Everton,3,2,False,416,1544.813231698033,1442.683401743432,102.12982995460106,14.0,1.4,2.4,1.4,2.2,14.0,0.8,2.4,0.6,2.8,53.1,4.552631578947368,64.7,2.473684210526316,0.0526315789473684,0.0,40.8,4.342105263157895,69.1,2.1578947368421053,0.0263157894736842,0.0
2024-09-14 19:00:00,Bournemouth,Chelsea,0,1,False,417,1495.4329877803216,1556.7606358934856,-61.32764811316406,14.0,1.4,1.6,1.0,1.6,13.270833333333334,2.2,1.4,2.0,2.4,44.4,5.105263157894737,65.5,2.0789473684210527,0.0789473684210526,0.0,58.6,4.894736842105263,66.1,2.8684210526315788,0.1052631578947368,0.0
2024-09-15 13:00:00,Tottenham Hotspur,Arsenal,0,1,False,418,1531.5253058700682,1661.1126632665141,-129.5873573964459,14.0,1.8,1.0,1.4,2.2,14.0,1.6,0.4,2.6,0.4,61.6,4.394736842105263,63.5,2.421052631578948,0.1052631578947368,0.0,58.2,2.1842105263157894,65.1,1.6842105263157894,0.0526315789473684,0.0
2024-09-15 15:30:00,Wolverhampton Wanderers,Newcastle United,1,2,False,419,1430.5648812360037,1549.6019758789905,-119.03709464298686,14.0,0.8,2.8,0.2,1.0,14.0,2.0,1.4,2.0,1.8,48.9,5.342105263157895,68.0,2.6842105263157894,0.1052631578947368,0.0,52.2,5.131578947368421,68.2,2.0789473684210527,0.0263157894736842,0.0
2024-09-21 11:30:00,West Ham United,Chelsea,0,3,False,420,1479.2448625176273,1566.8663307412426,-87.62146822361524,6.895833333333333,1.2,1.8,0.8,1.4,6.6875,2.0,1.2,2.0,1.4,41.1,6.342105263157895,69.3,2.1578947368421053,0.0789473684210526,0.0,58.6,4.894736842105263,66.1,2.8684210526315788,0.1052631578947368,0.0
2024-09-21 14:00:00,Aston Villa,Wolverhampton Wanderers,3,1,False,421,1550.3424839007284,1422.1077730232882,128.2347108774402,6.895833333333333,1.4,2.2,1.8,2.2,5.9375,0.8,2.6,0.2,2.4,53.1,4.552631578947368,64.7,2.473684210526316,0.0526315789473684,0.0,48.9,5.342105263157895,68.0,2.6842105263157894,0.1052631578947368,0.0
2024-09-21 14:00:00,Fulham,Newcastle United,3,1,False,422,1483.913361948116,1558.059084091706,-74.14572214358986,7.0,1.6,1.2,1.6,1.0,5.9375,2.0,1.0,2.6,1.6,50.6,5.0,67.9,2.210526315789474,0.1052631578947368,0.0,52.2,5.131578947368421,68.2,2.0789473684210527,0.0263157894736842,0.0
2024-09-21 14:00:00,Leicester City,Everton,1,1,False,423,1437.1931499755115,1437.1541495407364,0.039000434775061876,7.0,1.25,1.75,0.5,1.6111111111111112,6.895833333333333,1.0,3.0,0.0,3.2,42.375,5.342105263157895,63.275,2.3815789473684212,0.1052631578947368,1.0,40.8,4.342105263157895,69.1,2.1578947368421053,0.0263157894736842,0.0
2024-09-21 14:00:00,Liverpool,Bournemouth,3,0,False,424,1629.771798760102,1485.3272929325647,144.44450582753734,7.0,1.8,0.2,2.4,1.6,6.791666666666667,1.2,1.4,1.0,1.6,61.3,3.8684210526315783,72.1,1.8157894736842104,0.131578947368421,0.0,44.4,5.105263157894737,65.5,2.0789473684210527,0.0789473684210526,0.0
2024-09-21 14:00:00,Southampton,Ipswich Town,1,1,False,425,1403.589141680005,1436.5524695622223,-32.9633278822173,7.104166666666667,0.25,2.0,0.0,1.6094117647058823,7.0,0.5,1.75,0.5,1.6094117647058823,42.375,5.342105263157895,63.275,2.3815789473684212,0.1052631578947368,1.0,42.375,5.342105263157895,63.275,2.3815789473684212,0.1052631578947368,1.0
2024-09-21 14:00:00,Tottenham Hotspur,Brentford,3,1,False,426,1523.363157345378,1469.3694163184764,53.993741026901716,6.041666666666667,1.8,0.8,1.4,1.6,7.0,1.6,2.0,1.2,1.4,61.6,4.394736842105263,63.5,2.421052631578948,0.1052631578947368,0.0,45.2,4.842105263157895,64.7,2.3421052631578947,0.0526315789473684,0.0
2024-09-21 16:30:00,Crystal Palace,Manchester United,0,0,False,427,1489.1709114485798,1516.9173105645805,-27.746399116000703,7.104166666666667,1.8,1.4,1.0,2.6,7.208333333333333,1.4,1.0,1.8,1.6,42.3,4.052631578947368,62.3,1.9210526315789476,0.0526315789473684,0.0,50.6,5.342105263157895,71.4,2.1842105263157894,0.0263157894736842,0.0
2024-09-22 13:00:00,Brighton & Hove Albion,Nottingham Forest,2,2,False,428,1499.6952530505591,1473.306000658526,26.389252392033086,7.958333333333333,1.2,0.8,1.6,0.8,7.958333333333333,1.2,0.6,2.2,0.8,59.8,4.342105263157895,62.4,2.3684210526315788,0.0789473684210526,0.0,40.6,4.289473684210527,58.9,2.1578947368421053,0.0789473684210526,0.0
2024-09-22 15:30:00,Manchester City,Arsenal,2,2,False,429,1703.4725145367827,1669.2748117912042,34.197702745578454,8.0625,2.8,0.8,3.0,3.8,7.104166666666667,1.6,0.4,2.6,0.4,65.2,2.8684210526315788,68.8,1.394736842105263,0.0526315789473684,0.0,58.2,2.1842105263157894,65.1,1.6842105263157894,0.0526315789473684,0.0
2024-09-28 11:30:00,Newcastle United,Manchester City,1,1,False,430,1541.3814259202222,1700.6925081563948,-159.31108223617252,6.895833333333333,1.4,1.2,2.0,2.6,5.833333333333333,2.6,1.0,2.6,0.2,52.2,5.131578947368421,68.2,2.0789473684210527,0.0263157894736842,0.0,65.2,2.8684210526315788,68.8,1.394736842105263,0.0526315789473684,0.0
2024-09-28 14:00:00,Arsenal,Leicester City,4,2,False,431,1672.0548181715922,1435.3427412538829,236.71207691770928,5.9375,1.6,0.6,2.2,2.6,7.0,1.2,1.6,0.6,1.605568445475638,58.2,2.1842105263157894,65.1,1.6842105263157894,0.0526315789473684,0.0,42.375,5.342105263157895,63.275,2.3815789473684212,0.1052631578947368,1.0
2024-09-28 14:00:00,Brentford,West Ham United,1,1,False,432,1458.4770397044365,1462.8826769699333,-4.405637265496807,7.0,1.4,1.8,1.2,1.8,7.104166666666667,1.0,1.8,0.8,2.8,45.2,4.842105263157895,64.7,2.3421052631578947,0.0526315789473684,0.0,41.1,6.342105263157895,69.3,2.1578947368421053,0.0789473684210526,0.0
2024-09-28 14:00:00,Chelsea,Brighton & Hove Albion,4,2,False,433,1583.2285162889366,1497.1238911130615,86.10462517587507,7.104166666666667,2.2,1.0,2.0,2.0,6.041666666666667,1.6,0.8,1.8,1.2,58.6,4.894736842105263,66.1,2.8684210526315788,0.1052631578947368,0.0,59.8,4.342105263157895,62.4,2.3684210526315788,0.0789473684210526,0.0
2024-09-28 14:00:00,Everton,Crystal Palace,2,1,False,434,1439.004558262365,1488.1027570443678,-49.09819878200278,7.0,1.0,2.8,0.2,1.2,6.895833333333333,0.8,1.4,0.6,1.0,40.8,4.342105263157895,69.1,2.1578947368421053,0.0263157894736842,0.0,42.3,4.052631578947368,62.3,1.9210526315789476,0.0526315789473684,0.0
2024-09-28 14:00:00,Nottingham Forest,Fulham,0,1,False,435,1475.8773625960237,1500.5910201195998,-24.713657523576103,6.041666666666667,1.2,0.8,1.8,1.2,7.0,1.4,1.0,1.6,0.8,40.6,4.289473684210527,58.9,2.1578947368421053,0.0789473684210526,0.0,50.6,5.0,67.9,2.210526315789474,0.1052631578947368,0.0
2024-09-28 16:30:00,Wolverhampton Wanderers,Liverpool,1,2,False,436,1414.0661897563318,1637.8382471736918,-223.77205741735997,7.104166666666667,1.0,2.8,0.2,1.2,7.104166666666667,2.0,0.2,2.4,1.4,48.9,5.342105263157895,68.0,2.6842105263157894,0.1052631578947368,0.0,61.3,3.8684210526315783,72.1,1.8157894736842104,0.131578947368421,0.0
2024-09-29 13:00:00,Ipswich Town,Aston Villa,2,2,False,437,1437.4719546125573,1558.3840671676849,-120.91211255512758,7.958333333333333,0.6,1.6,0.6,1.6075514874141876,7.958333333333333,2.0,1.4,2.4,1.6,42.375,5.342105263157895,63.275,2.3815789473684212,0.1052631578947368,1.0,53.1,4.552631578947368,64.7,2.473684210526316,0.0526315789473684,0.0
2024-09-29 15:30:00,Manchester United,Tottenham Hotspur,0,3,False,438,1517.9854649687925,1534.255533959418,-16.270068990625532,7.958333333333333,1.0,1.0,1.4,1.0,8.0625,1.8,1.0,1.4,1.8,50.6,5.342105263157895,71.4,2.1842105263157894,0.0263157894736842,0.0,61.6,4.394736842105263,63.5,2.421052631578948,0.1052631578947368,0.0
2024-09-30 19:00:00,Bournemouth,Southampton,3,1,False,439,1477.2608445189749,1402.66965662967,74.59118788930482,9.208333333333334,1.0,1.6,1.0,1.4,9.208333333333334,0.4,1.8,0.2,1.6082004555808656,44.4,5.105263157894737,65.5,2.0789473684210527,0.0789473684210526,0.0,42.375,5.342105263157895,63.275,2.3815789473684212,0.1052631578947368,1.0
2024-10-05 11:30:00,Crystal Palace,Liverpool,0,1,False,440,1478.5601283511887,1643.5620286372327,-165.00190028604402,6.895833333333333,0.8,1.4,0.6,2.2,6.791666666666667,2.0,0.4,2.4,1.2,42.3,4.052631578947368,62.3,1.9210526315789476,0.0526315789473684,0.0,61.3,3.8684210526315783,72.1,1.8157894736842104,0.131578947368421,0.0
2024-10-05 14:00:00,Arsenal,Southampton,3,1,False,441,1676.9207367784472,1392.618500650334,284.30223612811324,7.0,2.0,1.0,2.2,2.4,4.791666666666667,0.6,2.2,0.2,2.3333333333333335,58.2,2.1842105263157894,65.1,1.6842105263157894,0.0526315789473684,0.0,42.375,5.342105263157895,63.275,2.3815789473684212,0.1052631578947368,1.0
2024-10-05 14:00:00,Brentford,Wolverhampton Wanderers,5,3,False,442,1456.7504640833606,1408.3424082927909,48.40805579056973,7.0,1.2,1.8,0.8,1.6,6.895833333333333,1.2,2.8,0.2,2.6,45.2,4.842105263157895,64.7,2.3421052631578947,0.0526315789473684,0.0,48.9,5.342105263157895,68.0,2.6842105263157894,0.1052631578947368,0.0
2024-10-05 14:00:00,Leicester City,Bournemouth,1,0,False,443,1430.4768226470278,1487.312000498311,-56.835177851283106,7.0,1.4,2.2,0.4,1.0,4.791666666666667,1.4,1.6,1.4,2.2,42.375,5.342105263157895,63.275,2.3815789473684212,0.1052631578947368,1.0,44.4,5.105263157894737,65.5,2.0789473684210527,0.0789473684210526,0.0
2024-10-05 14:00:00,Manchester City,Fulham,3,2,False,444,1698.0427809163605,1511.7453853415168,186.29739557484368,7.104166666666667,2.4,1.2,2.2,3.2,7.0,1.6,0.8,2.2,0.8,65.2,2.8684210526315788,68.8,1.394736842105263,0.0526315789473684,0.0,50.6,5.0,67.9,2.210526315789474,0.1052631578947368,0.0
2024-10-05 14:00:00,West Ham United,Ipswich Town,4,1,False,445,1464.6092525910092,1439.0674847117969,25.54176787921233,7.0,1.0,1.6,1.0,1.4,6.041666666666667,1.0,1.6,0.8,1.6666666666666667,41.1,6.342105263157895,69.3,2.1578947368421053,0.0789473684210526,0.0,42.375,5.342105263157895,63.275,2.3815789473684212,0.1052631578947368,1.0
2024-10-05 16:30:00,Everton,Newcastle United,0,0,False,446,1448.547186955544,1544.0311531602565,-95.48396620471249,7.104166666666667,1.4,2.4,0.8,1.2,7.208333333333333,1.4,1.4,1.6,2.0,40.8,4.342105263157895,69.1,2.1578947368421053,0.0263157894736842,0.0,52.2,5.131578947368421,68.2,2.0789473684210527,0.0263157894736842,0.0
2024-10-06 13:00:00,Aston Villa,Manchester United,0,0,False,447,1556.7885370684453,1498.046953687752,58.74158338069333,7.0,2.0,1.6,2.0,2.2,6.895833333333333,0.8,1.6,0.8,1.2,53.1,4.552631578947368,64.7,2.473684210526316,0.0526315789473684,0.0,50.6,5.342105263157895,71.4,2.1842105263157894,0.0263157894736842,0.0
2024-10-06 13:00:00,Chelsea,Nottingham Forest,1,1,False,448,1592.825443336975,1464.7229973741066,128.1024459628684,7.958333333333333,3.0,1.0,2.6,2.4,7.958333333333333,1.0,0.8,1.6,0.8,58.6,4.894736842105263,66.1,2.8684210526315788,0.1052631578947368,0.0,40.6,4.289473684210527,58.9,2.1578947368421053,0.0789473684210526,0.0
2024-10-06 15:30:00,Brighton & Hove Albion,Tottenham Hotspur,3,2,False,449,1487.526964065023,1554.1940452404585,-66.66708117543544,8.0625,1.4,1.6,1.2,1.0,7.0,2.2,0.8,1.8,1.4,59.8,4.342105263157895,62.4,2.3684210526315788,0.0789473684210526,0.0,61.6,4.394736842105263,63.5,2.421052631578948,0.1052631578947368,0.0
2024-10-19 11:30:00,Tottenham Hotspur,West Ham United,4,1,False,450,1544.146063155399,1477.64925870773,66.49680444766886,12.833333333333334,1.8,1.4,1.2,1.8,13.895833333333334,1.4,1.8,1.0,2.0,61.6,4.394736842105263,63.5,2.421052631578948,0.1052631578947368,0.0,41.1,6.342105263157895,69.3,2.1578947368421053,0.0789473684210526,0.0
2024-10-19 14:00:00,Fulham,Aston Villa,1,3,False,451,1507.9348286559286,1553.3702925441999,-45.435463888271215,14.0,1.6,1.2,1.6,1.4,13.041666666666666,2.0,1.2,2.2,2.0,50.6,5.0,67.9,2.210526315789474,0.1052631578947368,0.0,53.1,4.552631578947368,64.7,2.473684210526316,0.0526315789473684,0.0
2024-10-19 14:00:00,Ipswich Town,Everton,0,2,False,452,1426.027478595076,1449.4223414527842,-23.394862857708176,14.0,1.0,1.6,0.8,1.0,13.895833333333334,1.4,1.6,1.0,2.2,42.375,5.342105263157895,63.275,2.3815789473684212,0.1052631578947368,1.0,40.8,4.342105263157895,69.1,2.1578947368421053,0.0263157894736842,0.0
2024-10-19 14:00:00,Manchester United,Brentford,2,1,False,453,1501.4651982119974,1467.8769124216399,33.58828579035753,13.041666666666666,0.6,1.2,1.0,0.8,14.0,2.2,2.0,1.4,1.8,50.6,5.342105263157895,71.4,2.1842105263157894,0.0263157894736842,0.0,45.2,4.842105263157895,64.7,2.3421052631578947,0.0526315789473684,0.0
2024-10-19 14:00:00,Newcastle United,Brighton & Hove Albion,0,1,False,454,1543.1559986630164,1497.5749461500827,45.58105251293364,13.895833333333334,1.2,1.2,1.6,2.0,12.9375,1.6,1.8,1.2,1.8,52.2,5.131578947368421,68.2,2.0789473684210527,0.0263157894736842,0.0,59.8,4.342105263157895,62.4,2.3684210526315788,0.0789473684210526,0.0
2024-10-19 14:00:00,Southampton,Leicester City,2,3,False,455,1388.7809220283766,1440.2418634263397,-51.4609413979631,14.0,0.8,2.6,0.2,0.3333333333333333,14.0,1.4,1.8,1.0,2.6666666666666665,42.375,5.342105263157895,63.275,2.3815789473684212,0.1052631578947368,1.0,42.375,5.342105263157895,63.275,2.3815789473684212,0.1052631578947368,1.0
2024-10-19 16:30:00,Bournemouth,Arsenal,2,0,False,456,1477.546959718999,1680.7583154004046,-203.21135568140562,14.0,1.2,1.6,1.2,1.6,14.0,2.2,1.2,2.2,0.8,44.4,5.105263157894737,65.5,2.0789473684210527,0.0789473684210526,0.0,58.2,2.1842105263157894,65.1,1.6842105263157894,0.0526315789473684,0.0
2024-10-20 13:00:00,Wolverhampton Wanderers,Manchester City,1,2,False,457,1397.2159599545116,1701.8533376019486,-304.637377647437,14.0,1.4,2.6,0.2,1.4,14.0,2.2,1.4,2.2,0.4,48.9,5.342105263157895,68.0,2.6842105263157894,0.1052631578947368,0.0,65.2,2.8684210526315788,68.8,1.394736842105263,0.0526315789473684,0.0
2024-10-20 15:30:00,Liverpool,Chelsea,2,1,False,458,1650.760678238665,1587.7769460333552,62.98373220530971,14.0,1.8,0.4,2.4,2.2,14.0,2.0,0.8,2.2,1.0,61.3,3.8684210526315783,72.1,1.8157894736842104,0.131578947368421,0.0,58.6,4.894736842105263,66.1,2.8684210526315788,0.1052631578947368,0.0
2024-10-21 19:00:00,Nottingham Forest,Crystal Palace,1,0,False,459,1469.7714946777264,1471.3614787497565,-1.58998407203012,14.0,1.0,1.0,1.2,0.8,14.0,0.8,1.2,0.6,1.4,40.6,4.289473684210527,58.9,2.1578947368421053,0.0789473684210526,0.0,42.3,4.052631578947368,62.3,1.9210526315789476,0.0526315789473684,0.0
2024-10-25 19:00:00,Leicester City,Nottingham Forest,1,3,False,460,1450.6313517255314,1477.9664055049243,-27.335053779392865,6.208333333333333,1.8,1.8,1.6,1.0,4.0,1.0,0.8,1.6,0.8,42.375,5.342105263157895,63.275,2.3815789473684212,0.1052631578947368,1.0,40.6,4.289473684210527,58.9,2.1578947368421053,0.0789473684210526,0.0
2024-10-26 14:00:00,Manchester City,Southampton,1,0,False,461,1705.8752407286927,1378.3914337291849,327.4838069995078,6.041666666666667,2.0,1.4,2.2,2.8,7.0,1.0,2.6,0.2,2.5,65.2,2.8684210526315788,68.8,1.394736842105263,0.0526315789473684,0.0,42.375,5.342105263157895,63.275,2.3815789473684212,0.1052631578947368,1.0
2024-10-26 14:00:00,Brighton & Hove Albion,Wolverhampton Wanderers,2,2,False,462,1510.6544353336324,1393.1940568277676,117.46037850586481,7.0,1.6,1.6,1.6,1.4,6.041666666666667,1.4,2.8,0.0,2.6,59.8,4.342105263157895,62.4,2.3684210526315788,0.0789473684210526,0.0,48.9,5.342105263157895,68.0,2.6842105263157894,0.1052631578947368,0.0
2024-10-26 14:00:00,Aston Villa,Bournemouth,1,1,False,463,1570.5343845652849,1499.9405750457724,70.59380951951243,7.0,2.2,1.2,2.2,1.8,6.895833333333333,1.0,1.2,1.2,1.8,53.1,4.552631578947368,64.7,2.473684210526316,0.0526315789473684,0.0,44.4,5.105263157894737,65.5,2.0789473684210527,0.0789473684210526,0.0
2024-10-26 14:00:00,Brentford,Ipswich Town,4,3,False,464,1460.6407260935187,1407.8408023140535,52.79992377946519,7.0,1.8,2.2,0.8,2.6,7.0,0.8,1.8,0.6,2.25,45.2,4.842105263157895,64.7,2.3421052631578947,0.0526315789473684,0.0,42.375,5.342105263157895,63.275,2.3815789473684212,0.1052631578947368,1.0
2024-10-26 16:30:00,Everton,Fulham,1,1,False,465,1467.6090177338067,1490.7707366348436,-23.16171890103692,7.104166666666667,1.4,1.0,1.6,1.0,7.104166666666667,1.6,1.6,1.4,1.4,40.8,4.342105263157895,69.1,2.1578947368421053,0.0263157894736842,0.0,50.6,5.0,67.9,2.210526315789474,0.1052631578947368,0.0
2024-10-27 14:00:00,Chelsea,Newcastle United,2,1,False,466,1581.3025694056425,1530.0765094794667,51.22605992617582,6.9375,2.0,1.0,2.0,1.6,8.0,0.8,1.2,1.0,1.4,58.6,4.894736842105263,66.1,2.8684210526315788,0.1052631578947368,0.0,52.2,5.131578947368421,68.2,2.0789473684210527,0.0263157894736842,0.0
2024-10-27 14:00:00,Crystal Palace,Tottenham Hotspur,1,0,False,467,1463.1665679225587,1555.3218227627613,-92.15525484020259,5.791666666666667,0.6,1.2,0.4,1.4,8.104166666666666,2.4,1.2,1.8,1.2,42.3,4.052631578947368,62.3,1.9210526315789476,0.0526315789473684,0.0,61.6,4.394736842105263,63.5,2.421052631578948,0.1052631578947368,0.0
2024-10-27 14:00:00,West Ham United,Manchester United,2,1,False,468,1466.4734991003677,1508.7013845401186,-42.227885439750935,8.104166666666666,1.4,2.0,1.0,1.8,8.0,1.0,0.8,1.6,0.4,41.1,6.342105263157895,69.3,2.1578947368421053,0.0789473684210526,0.0,50.6,5.342105263157895,71.4,2.1842105263157894,0.0263157894736842,0.0
2024-10-27 16:30:00,Arsenal,Liverpool,2,2,False,469,1658.3647000736312,1657.2350548663776,1.1296452072535885,8.0,2.0,1.4,2.0,2.4,7.041666666666667,1.6,0.6,2.4,0.8,58.2,2.1842105263157894,65.1,1.6842105263157894,0.0526315789473684,0.0,61.3,3.8684210526315783,72.1,1.8157894736842104,0.131578947368421,0.0
2024-11-02 12:30:00,Newcastle United,Arsenal,1,0,False,470,1523.3023219944882,1656.4839926124557,-133.18167061796748,5.9375,0.6,1.4,0.4,1.0,5.833333333333333,2.2,1.8,1.6,0.8,52.2,5.131578947368421,68.2,2.0789473684210527,0.0263157894736842,0.0,58.2,2.1842105263157894,65.1,1.6842105263157894,0.0526315789473684,0.0
2024-11-02 15:00:00,Bournemouth,Manchester City,2,1,False,471,1503.656507803605,1707.7662147966132,-204.1097069930081,7.041666666666667,1.2,1.2,1.4,1.4,7.041666666666667,1.8,1.2,2.2,0.6,44.4,5.105263157894737,65.5,2.0789473684210527,0.0789473684210526,0.0,65.2,2.8684210526315788,68.8,1.394736842105263,0.0526315789473684,0.0
2024-11-02 15:00:00,Ipswich Town,Leicester City,1,1,False,472,1401.10714097559,1432.6265836026969,-31.519442627106855,7.041666666666667,1.4,2.6,0.4,0.75,7.833333333333333,1.6,2.0,1.4,2.5,42.375,5.342105263157895,63.275,2.3815789473684212,0.1052631578947368,1.0,42.375,5.342105263157895,63.275,2.3815789473684212,0.1052631578947368,1.0
2024-11-02 15:00:00,Liverpool,Brighton & Hove Albion,2,1,False,473,1659.115762327553,1505.8376840122737,153.27807831527934,5.9375,2.0,0.8,2.6,1.8,7.041666666666667,2.0,2.0,1.6,1.2,61.3,3.8684210526315783,72.1,1.8157894736842104,0.131578947368421,0.0,59.8,4.342105263157895,62.4,2.3684210526315788,0.0789473684210526,0.0
2024-11-02 15:00:00,Nottingham Forest,West Ham United,3,0,False,474,1495.9711736277588,1475.819001914729,20.15217171302993,7.833333333333333,1.4,1.0,1.6,1.0,6.041666666666667,1.6,2.0,1.4,1.8,40.6,4.289473684210527,58.9,2.1578947368421053,0.0789473684210526,0.0,41.1,6.342105263157895,69.3,2.1578947368421053,0.0789473684210526,0.0
2024-11-02 15:00:00,Southampton,Everton,1,0,False,475,1376.5004596612644,1466.4106023670995,-89.91014270583514,7.041666666666667,1.0,2.2,0.2,0.75,6.9375,1.2,0.6,1.8,2.0,42.375,5.342105263157895,63.275,2.3815789473684212,0.1052631578947368,1.0,40.8,4.342105263157895,69.1,2.1578947368421053,0.0263157894736842,0.0
2024-11-02 17:30:00,Wolverhampton Wanderers,Crystal Palace,2,2,False,476,1398.0108081491262,1473.946571324566,-75.93576317543989,7.145833333333333,1.6,2.8,0.2,1.2,6.145833333333333,0.4,0.8,0.8,1.4,48.9,5.342105263157895,68.0,2.6842105263157894,0.1052631578947368,0.0,42.3,4.052631578947368,62.3,1.9210526315789476,0.0526315789473684,0.0
2024-11-03 14:00:00,Tottenham Hotspur,Aston Villa,4,1,False,477,1544.5418193607538,1566.8184518074522,-22.276632446698386,7.0,2.4,1.2,1.8,2.2,8.0,1.8,1.0,1.8,2.0,61.6,4.394736842105263,63.5,2.421052631578948,0.1052631578947368,0.0,53.1,4.552631578947368,64.7,2.473684210526316,0.0526315789473684,0.0
2024-11-03 16:30:00,Manchester United,Chelsea,1,1,False,478,1499.3558817257574,1588.076756890621,-88.72087516486363,7.104166666666667,0.6,1.2,1.0,1.2,7.104166666666667,2.2,1.2,2.0,1.0,50.6,5.342105263157895,71.4,2.1842105263157894,0.0263157894736842,0.0,58.6,4.894736842105263,66.1,2.8684210526315788,0.1052631578947368,0.0
2024-11-04 20:00:00,Fulham,Brentford,2,1,False,479,1491.9691520015508,1467.374387431982,24.594764569568724,9.145833333333334,1.6,1.6,1.4,1.4,9.25,2.4,2.4,1.4,2.0,50.6,5.0,67.9,2.210526315789474,0.1052631578947368,0.0,45.2,4.842105263157895,64.7,2.3421052631578947,0.0526315789473684,0.0
2024-11-09 15:00:00,West Ham United,Everton,0,0,False,480,1462.524172408507,1455.6948568319322,6.8293155765748,7.0,1.6,2.0,1.4,1.6,7.0,1.0,0.6,1.6,1.8,41.1,6.342105263157895,69.3,2.1578947368421053,0.0789473684210526,0.0,40.8,4.342105263157895,69.1,2.1578947368421053,0.0263157894736842,0.0
2024-11-09 15:00:00,Wolverhampton Wanderers,Southampton,2,0,False,481,1398.325460811266,1387.2162051964317,11.10925561483441,6.895833333333333,1.8,2.6,0.4,1.4,7.0,1.0,2.0,0.6,2.2,48.9,5.342105263157895,68.0,2.6842105263157894,0.1052631578947368,0.0,42.375,5.342105263157895,63.275,2.3815789473684212,0.1052631578947368,1.0
2024-11-09 15:00:00,Brentford,Bournemouth,3,2,False,482,1459.8974511581189,1517.4593332557888,-57.56188209766992,4.791666666666667,2.4,2.2,1.4,3.0,7.0,1.6,0.8,2.0,1.6,45.2,4.842105263157895,64.7,2.3421052631578947,0.0526315789473684,0.0,44.4,5.105263157894737,65.5,2.0789473684210527,0.0789473684210526,0.0
2024-11-09 15:00:00,Crystal Palace,Fulham,0,2,False,483,1473.6319186624262,1499.446088275414,-25.814169612987826,6.895833333333333,0.8,1.2,0.8,0.6,4.791666666666667,1.4,1.6,1.4,1.2,42.3,4.052631578947368,62.3,1.9210526315789476,0.0526315789473684,0.0,50.6,5.0,67.9,2.210526315789474,0.1052631578947368,0.0
2024-11-09 17:30:00,Brighton & Hove Albion,Manchester City,2,1,False,484,1501.4061774864917,1693.9633893444295,-192.55721185793777,7.104166666666667,1.8,2.0,1.4,1.8,7.104166666666667,1.6,1.2,2.0,1.0,59.8,4.342105263157895,62.4,2.3684210526315788,0.0789473684210526,0.0,65.2,2.8684210526315788,68.8,1.394736842105263,0.0526315789473684,0.0
2024-11-09 20:00:00,Liverpool,Aston Villa,2,0,False,485,1663.547268853335,1551.4596058848335,112.08766296850149,7.208333333333333,1.8,1.0,2.6,1.8,6.25,1.4,1.6,1.2,1.8,61.3,3.8684210526315783,72.1,1.8157894736842104,0.131578947368421,0.0,53.1,4.552631578947368,64.7,2.473684210526316,0.0526315789473684,0.0
2024-11-10 14:00:00,Manchester United,Leicester City,3,0,False,486,1500.0375645340214,1433.587259677881,66.45030485614029,6.895833333333333,0.8,1.4,1.0,0.8,7.958333333333333,1.6,2.0,1.4,2.2,50.6,5.342105263157895,71.4,2.1842105263157894,0.0263157894736842,0.0,42.375,5.342105263157895,63.275,2.3815789473684212,0.1052631578947368,1.0
2024-11-10 14:00:00,Nottingham Forest,Newcastle United,1,3,False,487,1509.2660031339808,1535.2399385591386,-25.973935425157833,7.958333333333333,1.6,0.6,2.0,1.2,8.0625,0.6,0.8,1.0,1.4,40.6,4.289473684210527,58.9,2.1578947368421053,0.0789473684210526,0.0,52.2,5.131578947368421,68.2,2.0789473684210527,0.0263157894736842,0.0
2024-11-10 14:00:00,Tottenham Hotspur,Ipswich Town,1,2,False,488,1559.9006652833725,1400.1464649004058,159.7542003829667,7.0,2.6,1.2,1.8,3.0,7.958333333333333,1.4,2.6,0.4,2.6,61.6,4.394736842105263,63.5,2.421052631578948,0.1052631578947368,0.0,42.375,5.342105263157895,63.275,2.3815789473684212,0.1052631578947368,1.0
2024-11-10 16:30:00,Chelsea,Arsenal,1,1,False,489,1587.395074082357,1644.5463760478053,-57.15130196544828,7.0,1.8,1.4,1.6,1.6,8.166666666666666,1.8,1.6,1.4,1.0,58.6,4.894736842105263,66.1,2.8684210526315788,0.1052631578947368,0.0,58.2,2.1842105263157894,65.1,1.6842105263157894,0.0526315789473684,0.0
2024-11-23 12:30:00,Leicester City,Chelsea,1,2,False,490,1422.409463713564,1587.1692088139246,-164.75974510036053,12.9375,1.2,1.8,1.4,1.0,12.833333333333334,1.2,1.2,1.2,1.0,42.375,5.342105263157895,63.275,2.3815789473684212,0.1052631578947368,1.0,58.6,4.894736842105263,66.1,2.8684210526315788,0.1052631578947368,0.0
2024-11-23 15:00:00,Fulham,Wolverhampton Wanderers,1,4,False,491,1517.5211269167792,1411.071603453656,106.44952346312311,14.0,1.6,1.6,1.4,1.8,14.0,2.0,2.2,1.0,2.6,50.6,5.0,67.9,2.210526315789474,0.1052631578947368,0.0,48.9,5.342105263157895,68.0,2.6842105263157894,0.1052631578947368,0.0
2024-11-23 15:00:00,Everton,Brentford,0,0,False,492,1457.7333106114866,1469.6833976169257,-11.950087005439173,14.0,0.6,0.4,1.2,1.0,14.0,2.8,2.4,1.8,2.2,40.8,4.342105263157895,69.1,2.1578947368421053,0.0263157894736842,0.0,45.2,4.842105263157895,64.7,2.3421052631578947,0.0526315789473684,0.0
2024-11-23 15:00:00,Arsenal,Nottingham Forest,3,0,False,493,1644.7722413162378,1491.1983430673401,153.57389824889765,12.9375,1.2,1.4,1.0,2.4,13.041666666666666,1.8,1.0,2.0,0.8,58.2,2.1842105263157894,65.1,1.6842105263157894,0.0526315789473684,0.0,40.6,4.289473684210527,58.9,2.1578947368421053,0.0789473684210526,0.0
2024-11-23 15:00:00,Bournemouth,Brighton & Hove Albion,1,2,False,494,1507.673386796982,1514.921045906274,-7.247659109292044,14.0,1.4,1.2,1.4,1.6,13.895833333333334,1.8,1.4,2.0,1.4,44.4,5.105263157894737,65.5,2.0789473684210527,0.0789473684210526,0.0,59.8,4.342105263157895,62.4,2.3684210526315788,0.0789473684210526,0.0
2024-11-23 15:00:00,Aston Villa,Crystal Palace,2,2,False,495,1542.842407174116,1455.556880021061,87.285527153055,13.791666666666666,1.0,1.6,1.0,1.4,14.0,0.6,1.2,0.8,1.6,53.1,4.552631578947368,64.7,2.473684210526316,0.0526315789473684,0.0,42.3,4.052631578947368,62.3,1.9210526315789476,0.0526315789473684,0.0
2024-11-23 17:30:00,Manchester City,Tottenham Hotspur,0,4,False,496,1680.4485209246473,1544.2049081557016,136.2436127689457,14.0,1.6,1.4,1.8,2.4,13.145833333333334,2.2,1.6,1.2,1.4,65.2,2.8684210526315788,68.8,1.394736842105263,0.0526315789473684,0.0,61.6,4.394736842105263,63.5,2.421052631578948,0.1052631578947368,0.0
2024-11-24 14:00:00,Southampton,Liverpool,2,3,False,497,1374.4700625540418,1672.1644675640525,-297.69440501001077,14.0,0.8,1.8,0.6,0.8,14.0,1.8,0.8,2.6,0.6,42.375,5.342105263157895,63.275,2.3815789473684212,0.1052631578947368,1.0,61.3,3.8684210526315783,72.1,1.8157894736842104,0.131578947368421,0.0
2024-11-24 16:30:00,Ipswich Town,Manchester United,1,1,False,498,1415.8422220280768,1511.2153604983384,-95.37313847026167,14.0,1.4,2.4,0.8,0.8,14.0,1.4,0.8,1.6,0.8,42.375,5.342105263157895,63.275,2.3815789473684212,0.1052631578947368,1.0,50.6,5.342105263157895,71.4,2.1842105263157894,0.0263157894736842,0.0
2024-11-25 20:00:00,Newcastle United,West Ham United,0,2,False,499,1553.3075986257793,1460.4857186289526,92.82187999682674,14.0,1.0,0.8,1.4,1.0,14.0,1.4,1.8,1.4,1.8,52.2,5.131578947368421,68.2,2.0789473684210527,0.0263157894736842,0.0,41.1,6.342105263157895,69.3,2.1578947368421053,0.0789473684210526,0.0
2024-11-29 20:00:00,Brighton & Hove Albion,Southampton,1,1,False,500,1526.5681496032842,1370.3182056920857,156.24994391119844,6.208333333333333,1.6,1.2,2.0,1.8,5.25,1.0,1.8,0.6,2.4,59.8,4.342105263157895,62.4,2.3684210526315788,0.0789473684210526,0.0,42.375,5.342105263157895,63.275,2.3815789473684212,0.1052631578947368,1.0
2024-11-30 15:00:00,Wolverhampton Wanderers,Bournemouth,2,4,False,501,1436.5685309881237,1496.0262830999718,-59.457752111848095,7.0,2.2,1.4,1.6,1.4,7.0,1.6,1.4,1.4,2.0,48.9,5.342105263157895,68.0,2.6842105263157894,0.1052631578947368,0.0,44.4,5.105263157894737,65.5,2.0789473684210527,0.0789473684210526,0.0
2024-11-30 15:00:00,Nottingham Forest,Ipswich Town,1,0,False,502,1483.4534816796877,1416.714210989572,66.73927069011575,7.0,1.6,1.4,1.8,1.2,5.9375,1.4,1.8,1.0,2.0,40.6,4.289473684210527,58.9,2.1578947368421053,0.0789473684210526,0.0,42.375,5.342105263157895,63.275,2.3815789473684212,0.1052631578947368,1.0
2024-11-30 15:00:00,Brentford,Leicester City,4,1,False,503,1471.1985403267852,1415.2043900308338,55.994150295951385,7.0,1.8,1.8,1.4,3.2,7.104166666666667,1.2,2.2,0.8,2.4,45.2,4.842105263157895,64.7,2.3421052631578947,0.0526315789473684,0.0,42.375,5.342105263157895,63.275,2.3815789473684212,0.1052631578947368,1.0
2024-11-30 15:00:00,Crystal Palace,Newcastle United,1,1,False,504,1459.6793310188118,1530.145100426426,-70.46576940761429,7.0,1.0,1.4,1.0,0.6,4.791666666666667,1.0,1.2,1.2,1.4,42.3,4.052631578947368,62.3,1.9210526315789476,0.0526315789473684,0.0,52.2,5.131578947368421,68.2,2.0789473684210527,0.0263157894736842,0.0
2024-11-30 17:30:00,West Ham United,Arsenal,2,5,False,505,1483.6482168283057,1652.5171027038903,-168.8688858755845,4.895833333333333,1.0,1.6,1.4,1.4,7.104166666666667,1.2,1.2,1.0,1.2,41.1,6.342105263157895,69.3,2.1578947368421053,0.0789473684210526,0.0,58.2,2.1842105263157894,65.1,1.6842105263157894,0.0526315789473684,0.0
2024-12-01 13:30:00,Chelsea,Aston Villa,3,0,False,506,1594.3742824966548,1538.7199561763653,55.654326320289556,8.041666666666666,1.4,1.2,1.6,1.8,7.9375,1.4,2.0,1.0,2.0,58.6,4.894736842105263,66.1,2.8684210526315788,0.1052631578947368,0.0,53.1,4.552631578947368,64.7,2.473684210526316,0.0526315789473684,0.0
2024-12-01 13:30:00,Manchester United,Everton,4,0,False,507,1510.3433715368433,1456.218167901627,54.12520363521617,6.875,1.6,1.0,1.6,1.2,7.9375,0.6,0.4,1.2,1.0,50.6,5.342105263157895,71.4,2.1842105263157894,0.0263157894736842,0.0,40.8,4.342105263157895,69.1,2.1578947368421053,0.0263157894736842,0.0
2024-12-01 13:30:00,Tottenham Hotspur,Fulham,1,1,False,508,1572.744328323475,1492.0241993823115,80.72012894116347,7.833333333333333,2.6,1.0,1.8,2.4,7.9375,1.4,1.8,1.4,1.0,61.6,4.394736842105263,63.5,2.421052631578948,0.1052631578947368,0.0,50.6,5.0,67.9,2.210526315789474,0.1052631578947368,0.0
2024-12-01 16:00:00,Liverpool,Manchester City,2,0,False,509,1676.3163244260086,1651.9091007568738,24.407223669134737,7.083333333333333,2.2,1.2,2.6,1.8,7.9375,1.0,1.8,1.2,1.4,61.3,3.8684210526315783,72.1,1.8157894736842104,0.131578947368421,0.0,65.2,2.8684210526315788,68.8,1.394736842105263,0.0526315789473684,0.0
2024-12-03 19:30:00,Ipswich Town,Crystal Palace,0,1,False,510,1410.334128433114,1459.8366355315331,-49.50250709841907,3.1875,1.4,1.6,1.0,1.0,3.1875,1.2,1.4,1.2,1.6,42.375,5.342105263157895,63.275,2.3815789473684212,0.1052631578947368,1.0,42.3,4.052631578947368,62.3,1.9210526315789476,0.0526315789473684,0.0
2024-12-03 20:15:00,Leicester City,West Ham United,3,1,False,511,1403.5637731851175,1471.2295059444762,-67.66573275935866,3.21875,0.8,2.6,0.2,1.0,3.1145833333333335,1.2,1.8,1.4,1.8,42.375,5.342105263157895,63.275,2.3815789473684212,0.1052631578947368,1.0,41.1,6.342105263157895,69.3,2.1578947368421053,0.0789473684210526,0.0
2024-12-04 19:30:00,Everton,Wolverhampton Wanderers,4,0,False,512,1443.6563636718147,1420.0593350576341,23.597028614180545,3.25,0.2,1.2,0.6,1.0,4.1875,2.4,1.8,1.6,2.4,40.8,4.342105263157895,69.1,2.1578947368421053,0.0263157894736842,0.0,48.9,5.342105263157895,68.0,2.6842105263157894,0.1052631578947368,0.0
2024-12-04 19:30:00,Manchester City,Nottingham Forest,3,0,False,513,1639.7508650518935,1489.8335642361455,149.91730081574792,3.1458333333333335,0.6,2.0,0.6,1.6,4.1875,1.6,1.4,1.8,1.4,65.2,2.8684210526315788,68.8,1.394736842105263,0.0526315789473684,0.0,40.6,4.289473684210527,58.9,2.1578947368421053,0.0789473684210526,0.0
2024-12-04 19:30:00,Newcastle United,Liverpool,3,3,False,514,1529.9877959137048,1688.474560130989,-158.4867642172842,4.1875,1.2,1.2,1.4,0.8,3.1458333333333335,2.2,1.0,2.6,1.0,52.2,5.131578947368421,68.2,2.0789473684210527,0.0263157894736842,0.0,61.3,3.8684210526315783,72.1,1.8157894736842104,0.131578947368421,0.0
2024-12-04 19:30:00,Southampton,Chelsea,1,5,False,515,1375.9454316836832,1606.0301020570453,-230.0846703733621,4.979166666666667,0.8,1.4,0.8,1.2,3.25,1.8,0.8,2.2,0.8,42.375,5.342105263157895,63.275,2.3815789473684212,0.1052631578947368,1.0,58.6,4.894736842105263,66.1,2.8684210526315788,0.1052631578947368,0.0
2024-12-04 20:15:00,Arsenal,Manchester United,2,0,False,516,1664.9358135877198,1522.9051757666557,142.03063782106415,4.114583333333333,2.2,1.2,1.6,2.6,3.28125,2.0,0.8,1.6,0.6,58.2,2.1842105263157894,65.1,1.6842105263157894,0.0526315789473684,0.0,50.6,5.342105263157895,71.4,2.1842105263157894,0.0263157894736842,0.0
2024-12-04 20:15:00,Aston Villa,Brentford,3,1,False,517,1527.0641366159748,1482.8391571725015,44.22497944347333,3.28125,0.8,2.4,0.4,1.8,4.21875,2.4,1.6,2.0,1.8,53.1,4.552631578947368,64.7,2.473684210526316,0.0526315789473684,0.0,45.2,4.842105263157895,64.7,2.3421052631578947,0.0526315789473684,0.0
2024-12-05 19:30:00,Fulham,Brighton & Hove Albion,3,1,False,518,1495.9885847479839,1520.9409236116867,-24.952338863702835,4.25,1.4,1.4,1.6,1.6,5.979166666666667,1.6,1.4,1.6,1.6,50.6,5.0,67.9,2.210526315789474,0.1052631578947368,0.0,59.8,4.342105263157895,62.4,2.3684210526315788,0.0789473684210526,0.0
2024-12-05 20:15:00,Bournemouth,Tottenham Hotspur,1,0,False,519,1512.5354790304614,1568.7799429578026,-56.24446392734126,5.21875,2.0,1.8,1.4,1.6,4.28125,2.0,1.0,1.4,1.2,44.4,5.105263157894737,65.5,2.0789473684210527,0.0789473684210526,0.0,61.6,4.394736842105263,63.5,2.421052631578948,0.1052631578947368,0.0
2024-12-07 15:00:00,Crystal Palace,Manchester City,2,2,False,520,1470.2823936398343,1647.6234191550636,-177.34102551522938,3.8125,1.2,1.4,1.2,0.4,2.8125,1.0,2.0,0.6,1.6,42.3,4.052631578947368,62.3,1.9210526315789476,0.0526315789473684,0.0,65.2,2.8684210526315788,68.8,1.394736842105263,0.0526315789473684,0.0
2024-12-07 15:00:00,Aston Villa,Southampton,1,0,False,521,1538.3674459569866,1365.489541472806,172.8779044841806,2.78125,1.2,2.4,0.8,1.8,2.8125,1.0,2.2,0.8,2.0,53.1,4.552631578947368,64.7,2.473684210526316,0.0526315789473684,0.0,42.375,5.342105263157895,63.275,2.3815789473684212,0.1052631578947368,1.0
2024-12-07 15:00:00,Brentford,Newcastle United,4,2,False,522,1471.5358478314897,1532.6154493381853,-61.07960150669555,2.78125,1.8,1.6,1.4,3.4,2.8125,1.6,1.4,1.6,1.4,45.2,4.842105263157895,64.7,2.3421052631578947,0.0526315789473684,0.0,52.2,5.131578947368421,68.2,2.0789473684210527,0.0263157894736842,0.0
2024-12-07 17:30:00,Manchester United,Nottingham Forest,2,3,False,523,1515.334509831497,1481.9610101329754,33.37349969852153,2.8854166666666665,1.8,0.8,1.6,2.0,2.9166666666666665,1.0,1.8,1.2,2.0,50.6,5.342105263157895,71.4,2.1842105263157894,0.0263157894736842,0.0,40.6,4.289473684210527,58.9,2.1578947368421053,0.0789473684210526,0.0
2024-12-08 14:00:00,Fulham,Arsenal,1,1,False,524,1510.3737568018837,1672.5064795228786,-162.13272272099493,2.7708333333333335,1.8,1.4,2.0,2.0,3.7395833333333335,2.2,0.8,2.0,1.6,50.6,5.0,67.9,2.210526315789474,0.1052631578947368,0.0,58.2,2.1842105263157894,65.1,1.6842105263157894,0.0526315789473684,0.0
2024-12-08 14:00:00,Ipswich Town,Bournemouth,1,2,False,525,1399.888370324813,1522.2835277776596,-122.39515745284666,4.770833333333333,0.8,1.0,1.0,0.8,2.7395833333333335,2.0,1.6,1.8,2.0,42.375,5.342105263157895,63.275,2.3815789473684212,0.1052631578947368,1.0,44.4,5.105263157894737,65.5,2.0789473684210527,0.0789473684210526,0.0
2024-12-08 14:00:00,Leicester City,Brighton & Hove Albion,2,2,False,526,1419.93845041778,1506.5557515577868,-86.61730114000693,4.739583333333333,1.2,2.2,0.8,1.4,2.7708333333333335,1.4,1.6,1.4,2.0,42.375,5.342105263157895,63.275,2.3815789473684212,0.1052631578947368,1.0,59.8,4.342105263157895,62.4,2.3684210526315788,0.0789473684210526,0.0
2024-12-08 16:30:00,Tottenham Hotspur,Chelsea,3,4,False,527,1559.0318942106044,1616.4859922679225,-57.454098057318106,2.84375,2.0,1.0,1.4,2.6,3.875,2.4,0.8,2.2,1.0,61.6,4.394736842105263,63.5,2.421052631578948,0.1052631578947368,0.0,58.6,4.894736842105263,66.1,2.8684210526315788,0.1052631578947368,0.0
2024-12-09 20:00:00,West Ham United,Wolverhampton Wanderers,2,1,False,528,1454.8548287118138,1405.9896261421945,48.865202569619214,5.989583333333333,1.0,2.2,0.8,1.6,5.020833333333333,2.0,2.2,1.4,3.0,41.1,6.342105263157895,69.3,2.1578947368421053,0.0789473684210526,0.0,48.9,5.342105263157895,68.0,2.6842105263157894,0.1052631578947368,0.0
2024-12-14 15:00:00,Wolverhampton Wanderers,Ipswich Town,1,2,False,529,1399.1544258046918,1391.5254706723895,7.628955132302281,4.791666666666667,1.8,2.2,1.2,1.6,6.041666666666667,0.8,1.2,0.8,2.2,48.9,5.342105263157895,68.0,2.6842105263157894,0.1052631578947368,0.0,42.375,5.342105263157895,63.275,2.3815789473684212,0.1052631578947368,1.0
2024-12-14 15:00:00,Newcastle United,Leicester City,4,0,False,530,1516.5488035324904,1420.5598447032776,95.98895882921283,7.0,1.8,2.2,1.0,1.0,6.041666666666667,1.4,2.4,0.8,2.8,52.2,5.131578947368421,68.2,2.0789473684210527,0.0263157894736842,0.0,42.375,5.342105263157895,63.275,2.3815789473684212,0.1052631578947368,1.0
2024-12-14 15:00:00,Liverpool,Fulham,2,2,False,531,1685.8469067065084,1513.0988315512186,172.74807515528983,9.8125,2.4,1.2,2.6,2.2,6.041666666666667,1.6,1.4,1.6,1.0,61.3,3.8684210526315783,72.1,1.8157894736842104,0.131578947368421,0.0,50.6,5.0,67.9,2.210526315789474,0.1052631578947368,0.0
2024-12-14 15:00:00,Arsenal,Everton,0,0,False,532,1669.7814047735437,1457.7260725872543,212.05533218628943,6.041666666666667,2.4,0.8,2.2,2.8,9.8125,0.8,1.0,1.0,1.2,58.2,2.1842105263157894,65.1,1.6842105263157894,0.0526315789473684,0.0,40.8,4.342105263157895,69.1,2.1578947368421053,0.0263157894736842,0.0
2024-12-14 17:30:00,Nottingham Forest,Aston Villa,2,1,False,533,1494.719113014609,1542.4219911815896,-47.702878166980554,7.0,1.0,2.2,1.2,1.2,7.104166666666667,1.2,1.6,1.4,2.4,40.6,4.289473684210527,58.9,2.1578947368421053,0.0789473684210526,0.0,53.1,4.552631578947368,64.7,2.473684210526316,0.0526315789473684,0.0
2024-12-15 14:00:00,Brighton & Hove Albion,Crystal Palace,1,3,False,534,1505.9343572722892,1473.4076632656713,32.526694006617845,7.0,1.6,1.6,1.6,2.0,7.958333333333333,1.2,1.4,1.2,1.4,59.8,4.342105263157895,62.4,2.3684210526315788,0.0789473684210526,0.0,42.3,4.052631578947368,62.3,1.9210526315789476,0.0526315789473684,0.0
2024-12-15 16:30:00,Manchester City,Manchester United,1,2,False,535,1644.4981495292266,1502.5764069498632,141.92174257936335,8.0625,1.2,2.0,0.8,1.8,7.958333333333333,2.0,1.2,1.4,1.0,65.2,2.8684210526315788,68.8,1.394736842105263,0.0526315789473684,0.0,50.6,5.342105263157895,71.4,2.1842105263157894,0.0263157894736842,0.0
2024-12-15 19:00:00,Chelsea,Brentford,2,1,False,536,1626.703146641054,1487.6024936371846,139.1006530038694,7.104166666666667,3.0,1.2,2.6,2.2,8.166666666666666,2.4,1.6,2.0,2.0,58.6,4.894736842105263,66.1,2.8684210526315788,0.1052631578947368,0.0,45.2,4.842105263157895,64.7,2.3421052631578947,0.0526315789473684,0.0
2024-12-15 19:00:00,Southampton,Tottenham Hotspur,0,5,False,537,1361.4349962482029,1548.8147398374729,-187.37974358927,8.166666666666666,0.8,2.4,0.2,1.4,7.104166666666667,1.8,1.6,0.8,1.0,42.375,5.342105263157895,63.275,2.3815789473684212,0.1052631578947368,1.0,61.6,4.394736842105263,63.5,2.421052631578948,0.1052631578947368,0.0
2024-12-16 20:00:00,Bournemouth,West Ham United,1,1,False,538,1530.6464274300831,1461.6900290493165,68.95639838076659,8.25,2.0,1.6,1.8,1.8,7.0,1.4,1.8,1.4,2.2,44.4,5.105263157894737,65.5,2.0789473684210527,0.0789473684210526,0.0,41.1,6.342105263157895,69.3,2.1578947368421053,0.0789473684210526,0.0
2024-12-21 12:30:00,Aston Villa,Manchester City,2,1,False,539,1532.9194314573404,1629.1592613759055,-96.23982991856519,6.791666666666667,1.4,1.6,1.4,1.4,5.833333333333333,1.2,2.0,0.8,1.8,53.1,4.552631578947368,64.7,2.473684210526316,0.0526315789473684,0.0,65.2,2.8684210526315788,68.8,1.394736842105263,0.0526315789473684,0.0
2024-12-21 15:00:00,Brentford,Nottingham Forest,0,2,False,540,1482.8830771428989,1504.2216727388584,-21.338595595959532,5.833333333333333,2.0,1.6,1.4,4.0,6.895833333333333,1.2,1.8,1.8,2.0,45.2,4.842105263157895,64.7,2.3421052631578947,0.0526315789473684,0.0,40.6,4.289473684210527,58.9,2.1578947368421053,0.0789473684210526,0.0
2024-12-21 15:00:00,Ipswich Town,Newcastle United,0,4,False,541,1403.585973184471,1527.1833992294555,-123.59742604498456,7.0,0.8,1.2,0.8,0.6,7.0,2.0,2.0,1.0,1.6,42.375,5.342105263157895,63.275,2.3815789473684212,0.1052631578947368,1.0,52.2,5.131578947368421,68.2,2.0789473684210527,0.0263157894736842,0.0
2024-12-21 15:00:00,West Ham United,Brighton & Hove Albion,1,1,False,542,1465.365269939577,1485.2390579084154,-19.873787968838315,4.791666666666667,1.6,2.0,1.4,2.0,6.041666666666667,1.4,2.0,1.0,1.6,41.1,6.342105263157895,69.3,2.1578947368421053,0.0789473684210526,0.0,59.8,4.342105263157895,62.4,2.3684210526315788,0.0789473684210526,0.0
2024-12-21 17:30:00,Crystal Palace,Arsenal,1,5,False,543,1494.1029626295453,1663.1554329799426,-169.05247035039724,6.145833333333333,1.8,1.2,1.8,0.8,7.104166666666667,2.2,0.6,2.2,1.4,42.3,4.052631578947368,62.3,1.9210526315789476,0.0526315789473684,0.0,58.2,2.1842105263157894,65.1,1.6842105263157894,0.0526315789473684,0.0
2024-12-22 14:00:00,Everton,Chelsea,0,0,False,544,1464.3520443808554,1631.4225631353397,-167.07051875448428,7.958333333333333,0.8,0.8,1.2,1.4,6.791666666666667,3.2,1.2,3.0,1.6,40.8,4.342105263157895,69.1,2.1578947368421053,0.0263157894736842,0.0,58.6,4.894736842105263,66.1,2.8684210526315788,0.1052631578947368,0.0
2024-12-22 14:00:00,Fulham,Southampton,0,0,False,545,1519.0418698975536,1348.2021588066023,170.83971109095137,7.958333333333333,1.6,1.8,1.2,1.6,6.791666666666667,0.8,3.0,0.2,1.6,50.6,5.0,67.9,2.210526315789474,0.1052631578947368,0.0,42.375,5.342105263157895,63.275,2.3815789473684212,0.1052631578947368,1.0
2024-12-22 14:00:00,Leicester City,Wolverhampton Wanderers,0,3,False,546,1409.9252490063125,1387.0939232926103,22.8313257137022,7.958333333333333,1.4,2.6,0.8,1.6,7.958333333333333,1.6,2.6,0.6,2.8,42.375,5.342105263157895,63.275,2.3815789473684212,0.1052631578947368,1.0,48.9,5.342105263157895,68.0,2.6842105263157894,0.1052631578947368,0.0
2024-12-22 14:00:00,Manchester United,Bournemouth,0,3,False,547,1517.9152951031842,1526.9711865398226,-9.055891436638376,6.895833333333333,1.8,1.4,1.4,2.4,5.75,1.8,1.2,2.0,1.6,50.6,5.342105263157895,71.4,2.1842105263157894,0.0263157894736842,0.0,44.4,5.105263157894737,65.5,2.0789473684210527,0.0789473684210526,0.0
2024-12-22 16:30:00,Tottenham Hotspur,Liverpool,3,6,False,548,1562.0475772790735,1679.9038683601734,-117.85629108109993,6.895833333333333,2.6,1.2,1.4,2.6,8.0625,2.4,1.4,2.2,1.6,61.6,4.394736842105263,63.5,2.421052631578948,0.1052631578947368,0.0,61.3,3.8684210526315783,72.1,1.8157894736842104,0.131578947368421,0.0
2024-12-26 12:30:00,Manchester City,Everton,1,1,False,549,1618.2625221402543,1467.2081699872083,151.054352153046,5.0,1.4,1.6,0.8,1.6,3.9375,0.8,0.8,1.2,1.0,65.2,2.8684210526315788,68.8,1.394736842105263,0.0526315789473684,0.0,40.8,4.342105263157895,69.1,2.1578947368421053,0.0263157894736842,0.0
2024-12-26 15:00:00,Bournemouth,Crystal Palace,0,0,False,550,1547.2649347719337,1480.8062717644782,66.45866300745547,4.041666666666667,2.2,0.8,2.6,1.4,4.895833333333333,1.6,1.8,1.6,1.2,44.4,5.105263157894737,65.5,2.0789473684210527,0.0789473684210526,0.0,42.3,4.052631578947368,62.3,1.9210526315789476,0.0526315789473684,0.0
2024-12-26 15:00:00,Chelsea,Fulham,1,2,False,551,1628.5664375289869,1513.1344745755712,115.43196295341568,4.041666666666667,2.8,1.0,2.6,1.8,4.041666666666667,1.4,1.0,1.4,1.4,58.6,4.894736842105263,66.1,2.8684210526315788,0.1052631578947368,0.0,50.6,5.0,67.9,2.210526315789474,0.1052631578947368,0.0
2024-12-26 15:00:00,Newcastle United,Aston Villa,3,0,False,552,1542.8007283637858,1543.8161706929916,-1.0154423292058254,5.0,2.8,1.6,1.6,1.6,5.104166666666667,1.4,1.4,1.8,2.4,52.2,5.131578947368421,68.2,2.0789473684210527,0.0263157894736842,0.0,53.1,4.552631578947368,64.7,2.473684210526316,0.0526315789473684,0.0
2024-12-26 15:00:00,Nottingham Forest,Tottenham Hotspur,1,0,False,553,1522.5030892501309,1547.1895475512197,-24.686458301088805,5.0,1.6,1.2,2.4,1.6,3.9375,2.4,2.4,0.8,1.0,40.6,4.289473684210527,58.9,2.1578947368421053,0.0789473684210526,0.0,61.6,4.394736842105263,63.5,2.421052631578948,0.1052631578947368,0.0
2024-12-26 15:00:00,Southampton,West Ham United,0,1,False,554,1354.1095541285847,1464.0736878927485,-109.96413376416376,4.041666666666667,0.4,2.4,0.4,1.2,5.0,1.4,2.2,1.0,2.2,42.375,5.342105263157895,63.275,2.3815789473684212,0.1052631578947368,1.0,41.1,6.342105263157895,69.3,2.1578947368421053,0.0789473684210526,0.0
2024-12-26 17:30:00,Wolverhampton Wanderers,Manchester United,2,0,False,555,1408.9260104719044,1497.6215468710732,-88.69553639916876,4.145833333333333,1.4,2.4,0.6,1.6,4.145833333333333,1.6,1.8,1.2,1.2,48.9,5.342105263157895,68.0,2.6842105263157894,0.1052631578947368,0.0,50.6,5.342105263157895,71.4,2.1842105263157894,0.0263157894736842,0.0
2024-12-26 20:00:00,Liverpool,Leicester City,3,1,False,556,1694.7618980880272,1388.0931618270183,306.6687362610089,4.145833333333333,3.2,2.0,2.2,2.0,4.25,1.2,2.8,0.8,2.8,61.3,3.8684210526315783,72.1,1.8157894736842104,0.131578947368421,0.0,42.375,5.342105263157895,63.275,2.3815789473684212,0.1052631578947368,1.0
2024-12-27 19:30:00,Brighton & Hove Albion,Brentford,0,0,False,557,1486.530639955244,1464.6016606316264,21.92897932361757,6.1875,1.2,2.0,0.6,1.8,6.1875,2.0,2.0,1.2,1.8,59.8,4.342105263157895,62.4,2.3684210526315788,0.0789473684210526,0.0,45.2,4.842105263157895,64.7,2.3421052631578947,0.0526315789473684,0.0
2024-12-27 20:15:00,Arsenal,Ipswich Town,1,0,False,558,1676.4521238450097,1387.9686440501407,288.483479794869,6.114583333333333,2.6,0.8,2.2,2.0,6.21875,0.6,1.8,0.6,2.2,58.2,2.1842105263157894,65.1,1.6842105263157894,0.0526315789473684,0.0,42.375,5.342105263157895,63.275,2.3815789473684212,0.1052631578947368,1.0
2024-12-29 14:30:00,Leicester City,Manchester City,0,2,False,559,1384.6703673292582,1612.7383435537738,-228.06797622451563,2.7708333333333335,1.2,2.6,0.8,1.4,3.0833333333333335,1.6,1.4,1.0,2.0,42.375,5.342105263157895,63.275,2.3815789473684212,0.1052631578947368,1.0,65.2,2.8684210526315788,68.8,1.394736842105263,0.0526315789473684,0.0
2024-12-29 15:00:00,Crystal Palace,Southampton,2,1,False,560,1484.4191689523548,1345.396548732408,139.0226202199467,3.0,1.4,1.6,1.6,1.0,3.0,0.2,2.4,0.2,1.0,42.3,4.052631578947368,62.3,1.9210526315789476,0.0526315789473684,0.0,42.375,5.342105263157895,63.275,2.3815789473684212,0.1052631578947368,1.0
2024-12-29 15:00:00,Everton,Nottingham Forest,0,2,False,561,1472.7323485736888,1531.3479516106686,-58.61560303697979,3.1041666666666665,1.0,1.0,1.2,1.0,3.0,1.6,1.2,2.4,1.8,40.8,4.342105263157895,69.1,2.1578947368421053,0.0263157894736842,0.0,40.6,4.289473684210527,58.9,2.1578947368421053,0.0789473684210526,0.0
2024-12-29 15:00:00,Fulham,Bournemouth,2,2,False,562,1527.9062628493461,1543.652037584057,-15.745774734710949,3.0,1.6,1.0,1.8,1.4,3.0,1.4,0.4,2.2,1.4,50.6,5.0,67.9,2.210526315789474,0.1052631578947368,0.0,44.4,5.105263157894737,65.5,2.0789473684210527,0.0789473684210526,0.0
2024-12-29 15:00:00,Tottenham Hotspur,Wolverhampton Wanderers,2,2,False,563,1538.344685190682,1426.2825654106593,112.06211978002261,3.0,2.2,2.4,0.6,2.4,2.8958333333333335,1.4,1.6,1.2,1.8,61.6,4.394736842105263,63.5,2.421052631578948,0.1052631578947368,0.0,48.9,5.342105263157895,68.0,2.6842105263157894,0.1052631578947368,0.0
2024-12-29 17:15:00,West Ham United,Liverpool,0,5,False,564,1472.786693288925,1698.1846925857874,-225.39799929686228,3.09375,1.2,1.2,1.6,1.4,2.8854166666666665,3.2,1.8,2.2,2.0,41.1,6.342105263157895,69.3,2.1578947368421053,0.0789473684210526,0.0,61.3,3.8684210526315783,72.1,1.8157894736842104,0.131578947368421,0.0
2024-12-30 19:45:00,Aston Villa,Brighton & Hove Albion,2,2,False,565,1529.5030645496745,1484.0795572746606,45.42350727501389,4.197916666666667,1.4,1.4,1.8,1.8,3.0104166666666665,1.0,1.8,0.6,1.8,53.1,4.552631578947368,64.7,2.473684210526316,0.0526315789473684,0.0,59.8,4.342105263157895,62.4,2.3684210526315788,0.0789473684210526,0.0
2024-12-30 19:45:00,Ipswich Town,Chelsea,2,0,False,566,1385.6567278526918,1613.7946492552119,-228.13792140252008,2.9791666666666665,0.6,1.8,0.6,0.6,4.197916666666667,2.4,1.4,2.0,1.2,42.375,5.342105263157895,63.275,2.3815789473684212,0.1052631578947368,1.0,58.6,4.894736842105263,66.1,2.8684210526315788,0.1052631578947368,0.0
2024-12-30 20:00:00,Manchester United,Newcastle United,0,2,False,567,1480.2649919323183,1557.1138345071029,-76.84884257478461,4.104166666666667,0.8,2.2,0.6,2.0,4.208333333333333,3.2,1.4,2.0,1.6,50.6,5.342105263157895,71.4,2.1842105263157894,0.0263157894736842,0.0,52.2,5.131578947368421,68.2,2.0789473684210527,0.0263157894736842,0.0
2025-01-01 17:30:00,Brentford,Arsenal,1,3,False,568,1467.0527433122097,1678.7640400424586,-211.71129673024893,4.916666666666667,1.2,1.8,0.8,3.0,4.885416666666667,1.8,0.4,2.2,1.2,45.2,4.842105263157895,64.7,2.3421052631578947,0.0526315789473684,0.0,58.2,2.1842105263157894,65.1,1.6842105263157894,0.0526315789473684,0.0
2025-01-04 12:30:00,Tottenham Hotspur,Newcastle United,1,2,False,569,1533.6481497126576,1572.8098639647835,-39.161714252125876,5.895833333333333,2.6,2.6,0.8,2.0,4.6875,3.0,0.8,2.4,1.2,61.6,4.394736842105263,63.5,2.421052631578948,0.1052631578947368,0.0,52.2,5.131578947368421,68.2,2.0789473684210527,0.0263157894736842,0.0
2025-01-04 15:00:00,Southampton,Brentford,0,5,False,570,1340.6755123592145,1457.2838976399905,-116.60838528077602,6.0,0.2,1.8,0.2,0.8,2.8958333333333335,1.2,1.8,0.8,1.4,42.375,5.342105263157895,63.275,2.3815789473684212,0.1052631578947368,1.0,45.2,4.842105263157895,64.7,2.3421052631578947,0.0526315789473684,0.0
2025-01-04 15:00:00,Crystal Palace,Chelsea,1,1,False,571,1489.1402053255483,1590.4298372242401,-101.28963189869182,6.0,1.6,1.8,1.6,1.2,4.802083333333333,1.4,1.6,1.4,1.4,42.3,4.052631578947368,62.3,1.9210526315789476,0.0526315789473684,0.0,58.6,4.894736842105263,66.1,2.8684210526315788,0.1052631578947368,0.0
2025-01-04 15:00:00,Bournemouth,Everton,1,0,False,572,1545.060266876957,1456.1837758907823,88.87649098617476,6.0,1.6,0.8,1.8,1.0,6.0,1.0,0.6,1.2,1.2,44.4,5.105263157894737,65.5,2.0789473684210527,0.0789473684210526,0.0,40.8,4.342105263157895,69.1,2.1578947368421053,0.0263157894736842,0.0
2025-01-04 15:00:00,Aston Villa,Leicester City,2,1,False,573,1526.4276804358328,1375.5325348322158,150.89514560361704,4.802083333333333,1.2,1.6,1.4,2.0,6.020833333333333,0.6,2.8,0.2,3.0,53.1,4.552631578947368,64.7,2.473684210526316,0.0526315789473684,0.0,42.375,5.342105263157895,63.275,2.3815789473684212,0.1052631578947368,1.0
2025-01-04 15:00:00,Manchester City,West Ham United,4,1,False,574,1621.8761760508162,1461.4154586530876,160.46071739772856,6.020833333333333,1.4,1.4,1.0,1.2,5.90625,1.0,1.6,1.6,1.4,65.2,2.8684210526315788,68.8,1.394736842105263,0.0526315789473684,0.0,41.1,6.342105263157895,69.3,2.1578947368421053,0.0789473684210526,0.0
2025-01-04 17:30:00,Brighton & Hove Albion,Arsenal,1,1,False,575,1487.1549413885023,1688.5328857146778,-201.37794432617557,4.90625,1.2,1.6,0.8,1.2,3.0,2.0,0.6,2.2,1.2,59.8,4.342105263157895,62.4,2.3684210526315788,0.0789473684210526,0.0,58.2,2.1842105263157894,65.1,1.6842105263157894,0.0526315789473684,0.0
2025-01-05 14:00:00,Fulham,Ipswich Town,2,2,False,576,1526.4980335564462,1409.0215398836635,117.47649367278268,6.958333333333333,1.4,1.2,1.4,1.4,5.760416666666667,1.0,1.6,1.2,1.6,50.6,5.0,67.9,2.210526315789474,0.1052631578947368,0.0,42.375,5.342105263157895,63.275,2.3815789473684212,0.1052631578947368,1.0
2025-01-05 16:30:00,Liverpool,Manchester United,2,2,False,577,1709.5559272216249,1464.5689624746376,244.98696474698727,6.96875,3.8,1.8,2.2,2.2,5.854166666666667,0.8,2.2,0.6,1.6,61.3,3.8684210526315783,72.1,1.8157894736842104,0.131578947368421,0.0,50.6,5.342105263157895,71.4,2.1842105263157894,0.0263157894736842,0.0
2025-01-06 20:00:00,Wolverhampton Wanderers,Nottingham Forest,0,3,False,578,1430.9791008886837,1547.896524293575,-116.91742340489145,8.208333333333334,1.8,1.2,1.4,1.8,8.208333333333334,2.0,0.6,3.0,1.6,48.9,5.342105263157895,68.0,2.6842105263157894,0.1052631578947368,0.0,40.6,4.289473684210527,58.9,2.1578947368421053,0.0789473684210526,0.0
2025-01-14 19:30:00,West Ham United,Fulham,3,2,False,579,1453.9070474928499,1521.6809260253033,-67.77387853245341,10.1875,0.8,2.2,1.0,1.0,9.229166666666666,1.6,1.4,1.4,1.0,41.1,6.342105263157895,69.3,2.1578947368421053,0.0789473684210526,0.0,50.6,5.0,67.9,2.210526315789474,0.1052631578947368,0.0
2025-01-14 19:30:00,Brentford,Manchester City,2,2,False,580,1474.3347388001914,1629.384587211054,-155.04984841086252,10.1875,1.4,1.4,0.8,2.4,10.1875,1.8,1.2,1.4,1.6,45.2,4.842105263157895,64.7,2.3421052631578947,0.0526315789473684,0.0,65.2,2.8684210526315788,68.8,1.394736842105263,0.0526315789473684,0.0
2025-01-14 19:30:00,Chelsea,Bournemouth,2,2,False,581,1589.3891195779584,1550.8998782442693,38.48924133368905,10.1875,0.8,1.2,1.0,1.8,10.1875,1.4,0.6,1.8,1.6,58.6,4.894736842105263,66.1,2.8684210526315788,0.1052631578947368,0.0,44.4,5.105263157894737,65.5,2.0789473684210527,0.0789473684210526,0.0
2025-01-14 20:00:00,Nottingham Forest,Liverpool,1,1,False,582,1562.8007848171117,1702.4310707422592,-139.63028592514752,8.0,2.0,0.2,3.0,1.6,9.145833333333334,3.6,1.6,2.2,2.0,40.6,4.289473684210527,58.9,2.1578947368421053,0.0789473684210526,0.0,61.3,3.8684210526315783,72.1,1.8157894736842104,0.131578947368421,0.0
2025-01-15 19:30:00,Newcastle United,Wolverhampton Wanderers,3,0,False,583,1583.55218160605,1416.074840365147,167.4773412409029,11.291666666666666,3.0,0.2,3.0,2.2,8.979166666666666,1.6,1.4,1.4,1.8,52.2,5.131578947368421,68.2,2.0789473684210527,0.0263157894736842,0.0,48.9,5.342105263157895,68.0,2.6842105263157894,0.1052631578947368,0.0
2025-01-15 19:30:00,Leicester City,Crystal Palace,0,2,False,584,1371.0535286497459,1490.1809229718301,-119.12739432208423,11.1875,0.4,2.8,0.0,1.2,11.1875,1.4,1.6,1.6,1.0,42.375,5.342105263157895,63.275,2.3815789473684212,0.1052631578947368,1.0,42.3,4.052631578947368,62.3,1.9210526315789476,0.0526315789473684,0.0
2025-01-15 19:30:00,Everton,Aston Villa,0,1,False,585,1450.34416452347,1530.9066866183027,-80.56252209483273,11.1875,0.2,0.8,0.6,1.0,11.1875,1.4,1.8,1.4,2.8,40.8,4.342105263157895,69.1,2.1578947368421053,0.0263157894736842,0.0,53.1,4.552631578947368,64.7,2.473684210526316,0.0526315789473684,0.0
2025-01-15 20:00:00,Arsenal,Tottenham Hotspur,2,1,False,586,1684.797516468761,1522.9058320713912,161.89168439736977,11.104166666666666,2.0,0.6,2.2,1.6,11.3125,2.2,2.2,0.8,0.6,58.2,2.1842105263157894,65.1,1.6842105263157894,0.0526315789473684,0.0,61.6,4.394736842105263,63.5,2.421052631578948,0.1052631578947368,0.0
2025-01-16 19:30:00,Ipswich Town,Brighton & Hove Albion,0,2,False,587,1413.8386474148065,1490.8903106344192,-77.05166321961269,11.229166666666666,1.2,1.6,1.4,0.8,12.083333333333334,1.0,1.4,0.8,1.8,42.375,5.342105263157895,63.275,2.3815789473684212,0.1052631578947368,1.0,59.8,4.342105263157895,62.4,2.3684210526315788,0.0789473684210526,0.0
2025-01-16 20:00:00,Manchester United,Southampton,3,1,False,588,1471.6938189540033,1323.6246711990136,148.06914775498967,11.145833333333334,0.8,2.0,0.8,1.8,12.208333333333334,0.2,2.6,0.2,1.2,50.6,5.342105263157895,71.4,2.1842105263157894,0.0263157894736842,0.0,42.375,5.342105263157895,63.275,2.3815789473684212,0.1052631578947368,1.0
2025-01-18 12:30:00,Newcastle United,Bournemouth,1,4,False,589,1590.825127766394,1553.793463048816,37.031664717577996,2.7083333333333335,2.8,0.2,3.0,2.6,3.7083333333333335,1.6,0.8,1.8,1.4,52.2,5.131578947368421,68.2,2.0789473684210527,0.0263157894736842,0.0,44.4,5.105263157894737,65.5,2.0789473684210527,0.0789473684210526,0.0
2025-01-18 15:00:00,West Ham United,Crystal Palace,0,2,False,590,1463.986884438515,1503.919601092547,-39.93271665403199,3.8125,1.2,2.4,1.4,1.6,2.8125,1.2,1.4,1.6,0.6,41.1,6.342105263157895,69.3,2.1578947368421053,0.0789473684210526,0.0,42.3,4.052631578947368,62.3,1.9210526315789476,0.0526315789473684,0.0
2025-01-18 15:00:00,Leicester City,Fulham,0,2,False,591,1357.314850529029,1511.601089079638,-154.28623855060914,2.8125,0.4,2.4,0.0,1.0,3.8125,1.6,1.6,1.2,1.4,42.375,5.342105263157895,63.275,2.3815789473684212,0.1052631578947368,1.0,50.6,5.0,67.9,2.210526315789474,0.1052631578947368,0.0
2025-01-18 15:00:00,Brentford,Liverpool,0,2,False,592,1476.8700630109356,1700.315476927982,-223.44541391704638,3.8125,1.6,1.4,1.0,2.2,3.7916666666666665,3.4,1.4,2.2,1.8,45.2,4.842105263157895,64.7,2.3421052631578947,0.0526315789473684,0.0,61.3,3.8684210526315783,72.1,1.8157894736842104,0.131578947368421,0.0
2025-01-18 17:30:00,Arsenal,Aston Villa,2,2,False,593,1689.0603419258268,1540.4590605540254,148.6012813718014,2.8958333333333335,2.4,0.8,2.6,1.6,2.9166666666666665,1.4,1.4,2.0,2.0,58.2,2.1842105263157894,65.1,1.6842105263157894,0.0526315789473684,0.0,53.1,4.552631578947368,64.7,2.473684210526316,0.0526315789473684,0.0
2025-01-19 14:00:00,Everton,Tottenham Hotspur,3,2,False,594,1440.7917905877473,1518.6430066143253,-77.85121602657796,3.7708333333333335,0.2,1.0,0.4,0.8,3.75,1.4,2.6,0.2,0.8,40.8,4.342105263157895,69.1,2.1578947368421053,0.0263157894736842,0.0,61.6,4.394736842105263,63.5,2.421052631578948,0.1052631578947368,0.0
2025-01-19 14:00:00,Manchester United,Brighton & Hove Albion,1,3,False,595,1479.0645030317871,1506.5768651291567,-27.512362097369532,2.75,1.0,2.0,0.8,1.8,2.7708333333333335,1.2,0.8,1.4,1.6,50.6,5.342105263157895,71.4,2.1842105263157894,0.0263157894736842,0.0,59.8,4.342105263157895,62.4,2.3684210526315788,0.0789473684210526,0.0
2025-01-19 14:00:00,Nottingham Forest,Southampton,3,2,False,596,1564.9163786313889,1316.2539871212298,248.66239151015907,4.75,1.8,0.2,2.6,1.2,2.75,0.4,2.2,0.2,1.4,40.6,4.289473684210527,58.9,2.1578947368421053,0.0789473684210526,0.0,42.375,5.342105263157895,63.275,2.3815789473684212,0.1052631578947368,1.0
2025-01-19 16:30:00,Ipswich Town,Manchester City,0,6,False,597,1398.152092920069,1626.8492630003097,-228.69717008024077,2.875,0.8,1.8,0.8,0.6,4.875,2.0,1.2,1.6,1.6,42.375,5.342105263157895,63.275,2.3815789473684212,0.1052631578947368,1.0,65.2,2.8684210526315788,68.8,1.394736842105263,0.0526315789473684,0.0
2025-01-20 20:00:00,Chelsea,Wolverhampton Wanderers,3,1,False,598,1586.4955347734117,1408.8018942048031,177.69364056860854,6.020833333333333,0.8,1.4,0.6,1.8,5.020833333333333,1.4,1.6,1.4,2.2,58.6,4.894736842105263,66.1,2.8684210526315788,0.1052631578947368,0.0,48.9,5.342105263157895,68.0,2.6842105263157894,0.1052631578947368,0.0
2025-01-25 15:00:00,Liverpool,Ipswich Town,4,1,False,599,1709.6291106958233,1386.2337063202785,323.3954043755448,7.0,2.6,0.8,2.2,2.2,5.9375,0.8,2.2,0.8,1.2,61.3,3.8684210526315783,72.1,1.8157894736842104,0.131578947368421,0.0,42.375,5.342105263157895,63.275,2.3815789473684212,0.1052631578947368,1.0
2025-01-25 15:00:00,Wolverhampton Wanderers,Arsenal,0,1,False,600,1402.3576787397774,1683.5854134406886,-281.22773470091124,4.791666666666667,1.0,2.2,0.8,1.4,6.895833333333333,1.8,1.0,2.2,1.2,48.9,5.342105263157895,68.0,2.6842105263157894,0.1052631578947368,0.0,58.2,2.1842105263157894,65.1,1.6842105263157894,0.0526315789473684,0.0
2025-01-25 15:00:00,Brighton & Hove Albion,Everton,0,1,False,601,1524.5734365708224,1451.161509720952,73.4119268498705,6.041666666666667,1.6,0.8,1.8,1.0,6.041666666666667,0.8,1.4,0.8,1.2,59.8,4.342105263157895,62.4,2.3684210526315788,0.0789473684210526,0.0,40.8,4.342105263157895,69.1,2.1578947368421053,0.0263157894736842,0.0
2025-01-25 15:00:00,Southampton,Newcastle United,1,3,False,602,1313.4305379148307,1568.3287054088655,-254.89816749403485,6.041666666666667,0.8,2.8,0.0,0.6,7.104166666666667,2.2,1.0,2.4,1.2,42.375,5.342105263157895,63.275,2.3815789473684212,0.1052631578947368,1.0,52.2,5.131578947368421,68.2,2.0789473684210527,0.0263157894736842,0.0
2025-01-25 15:00:00,Bournemouth,Nottingham Forest,5,0,False,603,1576.2898854063444,1567.739827837788,8.55005756855644,7.104166666666667,1.8,1.0,1.8,0.8,6.041666666666667,2.0,0.6,2.6,1.0,44.4,5.105263157894737,65.5,2.0789473684210527,0.0789473684210526,0.0,40.6,4.289473684210527,58.9,2.1578947368421053,0.0789473684210526,0.0
2025-01-25 17:30:00,Manchester City,Chelsea,3,1,False,604,1638.7676496001002,1592.9397502384375,45.82789936166273,6.041666666666667,3.0,0.8,2.2,1.8,4.895833333333333,1.4,1.6,1.0,1.4,65.2,2.8684210526315788,68.8,1.394736842105263,0.0526315789473684,0.0,58.6,4.894736842105263,66.1,2.8684210526315788,0.1052631578947368,0.0
2025-01-26 14:00:00,Crystal Palace,Brentford,1,2,False,605,1521.339999363961,1467.5564292430943,53.78357012086667,7.958333333333333,1.4,0.4,2.2,1.4,7.958333333333333,1.6,1.4,1.0,1.0,42.3,4.052631578947368,62.3,1.9210526315789476,0.0526315789473684,0.0,45.2,4.842105263157895,64.7,2.3421052631578947,0.0526315789473684,0.0
2025-01-26 14:00:00,Tottenham Hotspur,Leicester City,1,2,False,606,1508.2732874811206,1345.1513145108718,163.12197297024886,7.0,1.2,2.0,0.2,2.0,7.958333333333333,0.4,2.2,0.0,3.2,61.6,4.394736842105263,63.5,2.421052631578948,0.1052631578947368,0.0,42.375,5.342105263157895,63.275,2.3815789473684212,0.1052631578947368,1.0
2025-01-26 16:30:00,Aston Villa,West Ham United,1,1,False,607,1545.9339890391636,1446.5664861671012,99.36750287206246,7.958333333333333,1.4,1.6,1.6,2.0,8.0625,1.0,2.6,1.2,1.6,53.1,4.552631578947368,64.7,2.473684210526316,0.0526315789473684,0.0,41.1,6.342105263157895,69.3,2.1578947368421053,0.0789473684210526,0.0
2025-01-26 19:00:00,Fulham,Manchester United,0,1,False,608,1523.7646250977953,1461.0679315901214,62.6966935076739,8.166666666666666,2.0,1.6,1.6,1.6,7.208333333333333,1.2,2.0,0.8,1.6,50.6,5.0,67.9,2.210526315789474,0.1052631578947368,0.0,50.6,5.342105263157895,71.4,2.1842105263157894,0.0263157894736842,0.0
2025-02-01 12:30:00,Nottingham Forest,Brighton & Hove Albion,7,0,False,609,1551.9115767632395,1510.7878035487322,41.12377321450731,6.895833333333333,1.8,1.6,2.0,1.6,6.895833333333333,1.6,1.0,1.6,1.2,40.6,4.289473684210527,58.9,2.1578947368421053,0.0789473684210526,0.0,59.8,4.342105263157895,62.4,2.3684210526315788,0.0789473684210526,0.0
2025-02-01 15:00:00,Bournemouth,Liverpool,0,2,False,610,1592.1181364808929,1713.0095090620894,-120.89137258119649,7.0,2.8,1.0,2.2,1.6,7.0,2.8,0.8,2.2,1.4,44.4,5.105263157894737,65.5,2.0789473684210527,0.0789473684210526,0.0,61.3,3.8684210526315783,72.1,1.8157894736842104,0.131578947368421,0.0
2025-02-01 15:00:00,Ipswich Town,Southampton,1,2,False,611,1382.8533079540125,1305.2721560911746,77.58115186283794,7.0,1.0,2.8,0.8,0.6,7.0,1.0,3.2,0.0,1.8,42.375,5.342105263157895,63.275,2.3815789473684212,0.1052631578947368,1.0,42.375,5.342105263157895,63.275,2.3815789473684212,0.1052631578947368,1.0
2025-02-01 15:00:00,Newcastle United,Fulham,1,2,False,612,1576.4870872325216,1510.2462385463416,66.24084868618002,7.0,2.2,1.2,2.4,2.8,5.833333333333333,1.6,1.6,1.0,1.4,52.2,5.131578947368421,68.2,2.0789473684210527,0.0263157894736842,0.0,50.6,5.0,67.9,2.210526315789474,0.1052631578947368,0.0
2025-02-01 15:00:00,Everton,Leicester City,4,0,False,613,1464.9471427430421,1360.9121959004433,104.03494684259886,7.0,0.8,1.2,1.2,1.4,6.041666666666667,0.6,1.8,0.6,2.8,40.8,4.342105263157895,69.1,2.1578947368421053,0.0263157894736842,0.0,42.375,5.342105263157895,63.275,2.3815789473684212,0.1052631578947368,1.0
2025-02-01 17:30:00,Wolverhampton Wanderers,Aston Villa,2,0,False,614,1397.8853238383394,1541.5270816202303,-143.64175778189087,7.104166666666667,0.6,2.4,0.2,1.0,6.041666666666667,1.6,1.2,1.8,2.0,48.9,5.342105263157895,68.0,2.6842105263157894,0.1052631578947368,0.0,53.1,4.552631578947368,64.7,2.473684210526316,0.0526315789473684,0.0
2025-02-02 14:00:00,Manchester United,Crystal Palace,0,2,False,615,1474.586318141575,1508.048393076211,-33.46207493463589,6.791666666666667,1.4,1.6,1.4,1.2,7.0,1.6,0.8,2.0,0.2,50.6,5.342105263157895,71.4,2.1842105263157894,0.0263157894736842,0.0,42.3,4.052631578947368,62.3,1.9210526315789476,0.0526315789473684,0.0
2025-02-02 14:00:00,Brentford,Tottenham Hotspur,0,2,False,616,1480.8480355308443,1492.512406091549,-11.66437056070481,7.0,2.0,1.6,1.4,1.4,7.0,1.4,2.2,0.2,1.4,45.2,4.842105263157895,64.7,2.3421052631578947,0.0526315789473684,0.0,61.6,4.394736842105263,63.5,2.421052631578948,0.1052631578947368,0.0
2025-02-02 16:30:00,Arsenal,Manchester City,5,1,False,617,1688.0577683421266,1650.0030315001936,38.054736841932936,8.0625,1.8,1.0,2.2,1.4,7.958333333333333,3.4,0.8,2.6,1.2,58.2,2.1842105263157894,65.1,1.6842105263157894,0.0526315789473684,0.0,65.2,2.8684210526315788,68.8,1.394736842105263,0.0526315789473684,0.0
2025-02-03 20:00:00,Chelsea,West Ham United,2,1,False,618,1581.704368338344,1450.9733935860345,130.73097475230952,9.104166666666666,1.4,1.8,1.0,2.2,8.145833333333334,1.0,2.8,0.8,1.8,58.6,4.894736842105263,66.1,2.8684210526315788,0.1052631578947368,0.0,41.1,6.342105263157895,69.3,2.1578947368421053,0.0789473684210526,0.0
2025-02-12 19:30:00,Everton,Liverpool,2,2,False,619,1475.2324293456234,1726.6677180002032,-251.43528865457984,11.1875,1.6,0.8,1.8,1.4,11.1875,2.2,0.8,2.2,0.8,40.8,4.342105263157895,69.1,2.1578947368421053,0.0263157894736842,0.0,61.3,3.8684210526315783,72.1,1.8157894736842104,0.131578947368421,0.0
2025-02-14 20:00:00,Brighton & Hove Albion,Chelsea,3,0,False,620,1494.9543518207417,1586.599713926643,-91.64536210590131,13.3125,1.2,2.0,1.4,0.6,11.0,1.8,1.6,1.6,1.8,59.8,4.342105263157895,62.4,2.3684210526315788,0.0789473684210526,0.0,58.6,4.894736842105263,66.1,2.8684210526315788,0.1052631578947368,0.0
2025-02-15 12:30:00,Leicester City,Arsenal,0,2,False,621,1350.626909297862,1701.403790102118,-350.7768808042558,13.895833333333334,0.6,2.2,0.6,0.4,12.833333333333334,2.2,1.0,2.2,0.8,42.375,5.342105263157895,63.275,2.3815789473684212,0.1052631578947368,1.0,58.2,2.1842105263157894,65.1,1.6842105263157894,0.0526315789473684,0.0
2025-02-15 15:00:00,Southampton,Bournemouth,1,3,False,622,1319.1601220570974,1578.459927542779,-259.29980548568165,14.0,1.2,3.0,0.6,0.4,14.0,2.4,1.0,2.0,1.2,42.375,5.342105263157895,63.275,2.3815789473684212,0.1052631578947368,1.0,44.4,5.105263157894737,65.5,2.0789473684210527,0.0789473684210526,0.0
2025-02-15 15:00:00,West Ham United,Brentford,0,1,False,623,1446.0780479977354,1462.1228737148604,-16.044825717124922,11.791666666666666,1.2,2.2,0.8,1.2,13.041666666666666,1.8,1.4,1.4,1.2,41.1,6.342105263157895,69.3,2.1578947368421053,0.0789473684210526,0.0,45.2,4.842105263157895,64.7,2.3421052631578947,0.0526315789473684,0.0
2025-02-15 15:00:00,Aston Villa,Ipswich Town,1,1,False,624,1521.6604621698723,1368.9653419880897,152.6951201817826,13.895833333333334,1.2,1.2,1.6,1.6,14.0,0.8,3.2,0.2,1.8,53.1,4.552631578947368,64.7,2.473684210526316,0.0526315789473684,0.0,42.375,5.342105263157895,63.275,2.3815789473684212,0.1052631578947368,1.0
2025-02-15 15:00:00,Manchester City,Newcastle United,4,0,False,625,1636.6570097402023,1562.879642158622,73.77736758158039,12.9375,3.2,1.8,2.0,2.4,14.0,2.0,1.6,1.8,1.2,65.2,2.8684210526315788,68.8,1.394736842105263,0.0526315789473684,0.0,52.2,5.131578947368421,68.2,2.0789473684210527,0.0263157894736842,0.0
2025-02-15 15:00:00,Fulham,Nottingham Forest,2,1,False,626,1523.8536836202413,1567.74502849123,-43.89134487098863,14.0,1.6,1.4,1.4,1.0,14.0,2.8,1.6,2.0,1.4,50.6,5.0,67.9,2.210526315789474,0.1052631578947368,0.0,40.6,4.289473684210527,58.9,2.1578947368421053,0.0789473684210526,0.0
2025-02-15 17:30:00,Crystal Palace,Everton,1,2,False,627,1525.7694234366095,1480.1365587499845,45.632864686625,13.145833333333334,1.6,0.6,2.0,1.4,2.9166666666666665,2.0,1.0,2.0,1.2,42.3,4.052631578947368,62.3,1.9210526315789476,0.0526315789473684,0.0,40.8,4.342105263157895,69.1,2.1578947368421053,0.0263157894736842,0.0
2025-02-16 14:00:00,Liverpool,Wolverhampton Wanderers,2,1,False,628,1721.763588595842,1417.7519432886975,304.0116453071446,3.7708333333333335,2.2,0.8,2.2,2.6,14.0,0.6,2.0,0.6,2.0,61.3,3.8684210526315783,72.1,1.8157894736842104,0.131578947368421,0.0,48.9,5.342105263157895,68.0,2.6842105263157894,0.1052631578947368,0.0
2025-02-16 16:30:00,Tottenham Hotspur,Manchester United,1,0,False,629,1511.237567907533,1456.8652877811764,54.3722801263566,14.0,1.4,1.8,0.6,2.0,14.0,1.4,1.6,1.4,1.4,61.6,4.394736842105263,63.5,2.421052631578948,0.1052631578947368,0.0,50.6,5.342105263157895,71.4,2.1842105263157894,0.0263157894736842,0.0
2025-02-19 19:30:00,Aston Villa,Liverpool,2,2,False,630,1516.103555578248,1723.8989224751774,-207.7953668969294,4.1875,1.0,1.2,1.2,1.6,3.2291666666666665,2.4,0.8,2.6,0.6,53.1,4.552631578947368,64.7,2.473684210526316,0.0526315789473684,0.0,61.3,3.8684210526315783,72.1,1.8157894736842104,0.131578947368421,0.0
2025-02-21 20:00:00,Leicester City,Brentford,0,4,False,631,1345.3691507732844,1473.522665301694,-128.15351452840946,6.3125,0.4,2.2,0.6,0.0,6.208333333333333,1.0,1.4,1.4,0.6,42.375,5.342105263157895,63.275,2.3815789473684212,0.1052631578947368,1.0,45.2,4.842105263157895,64.7,2.3421052631578947,0.0526315789473684,0.0
2025-02-22 12:30:00,Everton,Manchester United,2,2,False,632,1493.2173977244536,1450.1719941944443,43.04540353000925,6.791666666666667,2.4,1.0,2.6,1.8,5.833333333333333,1.0,1.4,1.2,1.2,40.8,4.342105263157895,69.1,2.1578947368421053,0.0263157894736842,0.0,50.6,5.342105263157895,71.4,2.1842105263157894,0.0263157894736842,0.0
2025-02-22 15:00:00,Ipswich Town,Tottenham Hotspur,1,4,False,633,1374.522248579714,1517.9308614942652,-143.4086129145512,7.0,0.6,3.0,0.2,0.6,5.9375,1.4,1.4,1.2,1.2,42.375,5.342105263157895,63.275,2.3815789473684212,0.1052631578947368,1.0,61.6,4.394736842105263,63.5,2.421052631578948,0.1052631578947368,0.0
2025-02-22 15:00:00,Fulham,Crystal Palace,0,2,False,634,1533.2468741305736,1512.6885844621404,20.55828966843319,7.0,1.6,1.2,1.8,1.2,6.895833333333333,1.6,0.8,1.8,0.2,50.6,5.0,67.9,2.210526315789474,0.1052631578947368,0.0,42.3,4.052631578947368,62.3,1.9210526315789476,0.0526315789473684,0.0
2025-02-22 15:00:00,Arsenal,West Ham United,0,1,False,635,1706.6615486266955,1434.678256410902,271.98329221579365,7.104166666666667,2.4,0.8,2.6,2.0,7.0,1.0,1.6,0.8,1.6,58.2,2.1842105263157894,65.1,1.6842105263157894,0.0526315789473684,0.0,41.1,6.342105263157895,69.3,2.1578947368421053,0.0789473684210526,0.0
2025-02-22 15:00:00,Bournemouth,Wolverhampton Wanderers,0,1,False,636,1586.4644634664546,1415.6166094093621,170.8478540570925,7.0,2.8,1.2,2.0,1.4,6.041666666666667,0.8,1.8,0.6,2.0,44.4,5.105263157894737,65.5,2.0789473684210527,0.0789473684210526,0.0,48.9,5.342105263157895,68.0,2.6842105263157894,0.1052631578947368,0.0
2025-02-22 15:00:00,Southampton,Brighton & Hove Albion,0,4,False,637,1311.1555861334218,1513.7938283136823,-202.63824218026048,7.0,1.4,2.6,0.6,0.4,7.791666666666667,1.6,1.8,1.8,2.2,42.375,5.342105263157895,63.275,2.3815789473684212,0.1052631578947368,1.0,59.8,4.342105263157895,62.4,2.3684210526315788,0.0789473684210526,0.0
2025-02-22 17:30:00,Aston Villa,Chelsea,2,1,False,638,1519.9967538835617,1567.7602374337025,-47.76348355014079,2.9166666666666665,1.2,1.6,0.8,1.6,7.895833333333333,1.6,2.0,1.4,1.8,53.1,4.552631578947368,64.7,2.473684210526316,0.0526315789473684,0.0,58.6,4.894736842105263,66.1,2.8684210526315788,0.1052631578947368,0.0
2025-02-23 14:00:00,Newcastle United,Nottingham Forest,4,3,False,639,1551.2445927073761,1558.3518379808977,-7.107245273521585,7.958333333333333,1.6,2.2,1.2,2.4,7.958333333333333,2.4,2.0,1.4,1.4,52.2,5.131578947368421,68.2,2.0789473684210527,0.0263157894736842,0.0,40.6,4.289473684210527,58.9,2.1578947368421053,0.0789473684210526,0.0
2025-02-23 16:30:00,Manchester City,Liverpool,0,2,False,640,1648.292059191448,1720.0057241698637,-71.71366497841564,8.0625,3.2,1.6,2.0,2.6,3.875,2.4,1.2,2.2,1.0,65.2,2.8684210526315788,68.8,1.394736842105263,0.0526315789473684,0.0,61.3,3.8684210526315783,72.1,1.8157894736842104,0.131578947368421,0.0
2025-02-25 19:30:00,Wolverhampton Wanderers,Fulham,1,2,False,641,1431.5241573126013,1513.0741801305458,-81.55002281794441,3.1875,1.0,1.2,1.2,1.0,3.1875,1.2,1.0,1.8,1.4,48.9,5.342105263157895,68.0,2.6842105263157894,0.1052631578947368,0.0,50.6,5.0,67.9,2.210526315789474,0.1052631578947368,0.0
2025-02-25 19:30:00,Brighton & Hove Albion,Bournemouth,2,1,False,642,1525.4815661577745,1570.5569155632154,-45.075349405440875,3.1875,2.0,1.8,1.8,1.0,3.1875,2.4,1.0,1.8,1.2,59.8,4.342105263157895,62.4,2.3684210526315788,0.0789473684210526,0.0,44.4,5.105263157894737,65.5,2.0789473684210527,0.0789473684210526,0.0
2025-02-25 19:30:00,Crystal Palace,Aston Villa,4,1,False,643,1532.8612784621682,1529.5010536696686,3.3602247924995936,3.1875,1.6,0.8,1.8,1.2,3.0833333333333335,1.2,1.4,1.2,1.8,42.3,4.052631578947368,62.3,1.9210526315789476,0.0526315789473684,0.0,53.1,4.552631578947368,64.7,2.473684210526316,0.0526315789473684,0.0
2025-02-25 20:15:00,Chelsea,Southampton,4,0,False,644,1558.2559376475956,1299.4678482893296,258.788089358266,3.1145833333333335,1.4,2.0,1.2,2.0,3.21875,1.2,2.8,0.6,1.8,58.6,4.894736842105263,66.1,2.8684210526315788,0.1052631578947368,0.0,42.375,5.342105263157895,63.275,2.3815789473684212,0.1052631578947368,1.0
2025-02-26 19:30:00,Nottingham Forest,Arsenal,0,0,False,645,1550.0028732089122,1689.174875431968,-139.17200222305587,3.2291666666666665,2.8,2.6,1.2,2.8,4.1875,2.0,0.8,2.0,0.6,40.6,4.289473684210527,58.9,2.1578947368421053,0.0789473684210526,0.0,58.2,2.1842105263157894,65.1,1.6842105263157894,0.0526315789473684,0.0
2025-02-26 19:30:00,Brentford,Everton,1,1,False,646,1488.9015164156779,1490.2041169576673,-1.3026005419894773,4.979166666666667,1.4,1.0,1.8,0.6,4.291666666666667,2.2,1.0,2.2,0.6,45.2,4.842105263157895,64.7,2.3421052631578947,0.0526315789473684,0.0,40.8,4.342105263157895,69.1,2.1578947368421053,0.0263157894736842,0.0
2025-02-26 19:30:00,Tottenham Hotspur,Manchester City,0,1,False,647,1531.5472038126347,1632.3560266825098,-100.80882286987503,4.1875,2.0,1.2,1.8,1.6,3.125,2.8,1.6,1.8,1.8,61.6,4.394736842105263,63.5,2.421052631578948,0.1052631578947368,0.0,65.2,2.8684210526315788,68.8,1.394736842105263,0.0526315789473684,0.0
2025-02-26 19:30:00,Manchester United,Ipswich Town,3,2,False,648,1453.1852749612306,1360.9059062613444,92.27936869988616,4.291666666666667,0.8,1.6,0.8,0.8,4.1875,0.8,3.4,0.2,1.8,50.6,5.342105263157895,71.4,2.1842105263157894,0.0263157894736842,0.0,42.375,5.342105263157895,63.275,2.3815789473684212,0.1052631578947368,1.0
2025-02-26 20:15:00,Liverpool,Newcastle United,2,0,False,649,1735.941756678802,1559.5935574793616,176.3481991994404,3.15625,2.0,1.0,2.2,2.6,3.2604166666666665,1.8,2.8,1.2,1.2,61.3,3.8684210526315783,72.1,1.8157894736842104,0.131578947368421,0.0,52.2,5.131578947368421,68.2,2.0789473684210527,0.0263157894736842,0.0
2025-02-27 20:00:00,West Ham United,Leicester City,2,0,False,650,1452.1649296056294,1329.9902996593005,122.17462994632888,5.208333333333333,0.6,1.2,0.8,0.8,6.0,0.4,2.6,0.6,2.8,41.1,6.342105263157895,69.3,2.1578947368421053,0.0789473684210526,0.0,42.375,5.342105263157895,63.275,2.3815789473684212,0.1052631578947368,1.0
2025-03-08 12:30:00,Nottingham Forest,Manchester City,1,0,False,651,1552.1058634186782,1641.328999908501,-89.22313648982276,9.708333333333334,2.2,2.2,0.8,2.4,9.708333333333334,1.8,1.6,1.8,1.4,40.6,4.289473684210527,58.9,2.1578947368421053,0.0789473684210526,0.0,65.2,2.8684210526315788,68.8,1.394736842105263,0.0526315789473684,0.0
2025-03-08 15:00:00,Brighton & Hove Albion,Fulham,2,1,False,652,1534.9087164664272,1522.5981921454995,12.310524320927698,10.8125,1.8,1.8,1.8,1.2,10.8125,1.2,1.2,1.8,1.2,59.8,4.342105263157895,62.4,2.3684210526315788,0.0789473684210526,0.0,50.6,5.0,67.9,2.210526315789474,0.1052631578947368,0.0
2025-03-08 15:00:00,Crystal Palace,Ipswich Town,1,0,False,653,1546.9617943847838,1355.1469536029306,191.81484078185326,10.8125,2.0,1.0,1.8,1.8,9.8125,1.2,2.8,0.2,2.2,42.3,4.052631578947368,62.3,1.9210526315789476,0.0526315789473684,0.0,42.375,5.342105263157895,63.275,2.3815789473684212,0.1052631578947368,1.0
2025-03-08 15:00:00,Liverpool,Southampton,3,1,False,654,1742.4260796063722,1294.4333931781534,447.9926864282188,9.78125,2.0,1.0,2.2,2.6,10.78125,0.8,3.0,0.6,2.6,61.3,3.8684210526315783,72.1,1.8157894736842104,0.131578947368421,0.0,42.375,5.342105263157895,63.275,2.3815789473684212,0.1052631578947368,1.0
2025-03-08 17:30:00,Brentford,Aston Villa,0,1,False,655,1487.0884263926123,1515.400537747053,-28.31211135444073,9.916666666666666,1.6,0.8,2.0,0.8,10.916666666666666,1.2,2.0,1.0,2.2,45.2,4.842105263157895,64.7,2.3421052631578947,0.0526315789473684,0.0,53.1,4.552631578947368,64.7,2.473684210526316,0.0526315789473684,0.0
2025-03-08 20:00:00,Wolverhampton Wanderers,Everton,1,1,False,656,1422.0001452976476,1492.017206980733,-70.01706168308533,11.020833333333334,1.0,1.0,1.2,1.0,10.020833333333334,2.2,1.2,1.8,0.8,48.9,5.342105263157895,68.0,2.6842105263157894,0.1052631578947368,0.0,40.8,4.342105263157895,69.1,2.1578947368421053,0.0263157894736842,0.0
2025-03-09 14:00:00,Tottenham Hotspur,Bournemouth,2,2,False,657,1522.5742305866436,1561.1297652545627,-38.55553466791912,10.770833333333334,1.6,0.8,1.8,1.0,11.770833333333334,1.8,1.2,1.2,1.6,61.6,4.394736842105263,63.5,2.421052631578948,0.1052631578947368,0.0,44.4,5.105263157894737,65.5,2.0789473684210527,0.0789473684210526,0.0
2025-03-09 14:00:00,Chelsea,Leicester City,1,0,False,658,1563.2903927587718,1321.7357458062909,241.55464695248088,11.739583333333334,1.6,1.8,1.2,2.4,9.75,0.4,2.6,0.6,2.4,58.6,4.894736842105263,66.1,2.8684210526315788,0.1052631578947368,0.0,42.375,5.342105263157895,63.275,2.3815789473684212,0.1052631578947368,1.0
2025-03-09 16:30:00,Manchester United,Arsenal,1,1,False,659,1458.9442276196444,1687.0718852222021,-228.12765760255775,10.875,1.2,1.4,1.4,1.4,10.875,1.6,0.4,2.0,0.4,50.6,5.342105263157895,71.4,2.1842105263157894,0.0263157894736842,0.0,58.2,2.1842105263157894,65.1,1.6842105263157894,0.0526315789473684,0.0
2025-03-10 20:00:00,West Ham United,Newcastle United,0,1,False,660,1460.419483458639,1553.1092345517914,-92.68975109315238,11.0,1.0,0.8,1.4,1.0,11.989583333333334,1.6,2.4,1.2,1.6,41.1,6.342105263157895,69.3,2.1578947368421053,0.0789473684210526,0.0,52.2,5.131578947368421,68.2,2.0789473684210527,0.0263157894736842,0.0
2025-03-15 15:00:00,Everton,West Ham United,1,1,False,661,1491.8728143738751,1451.2147754555099,40.658038918365264,6.791666666666667,1.6,1.4,1.4,2.2,4.791666666666667,0.8,0.8,1.2,1.4,40.8,4.342105263157895,69.1,2.1578947368421053,0.0263157894736842,0.0,41.1,6.342105263157895,69.3,2.1578947368421053,0.0789473684210526,0.0
2025-03-15 15:00:00,Ipswich Town,Nottingham Forest,2,4,False,662,1351.433403236345,1562.8019338651495,-211.3685306288046,7.0,1.0,2.2,0.2,0.8,7.104166666666667,2.4,1.2,1.4,2.2,42.375,5.342105263157895,63.275,2.3815789473684212,0.1052631578947368,1.0,40.6,4.289473684210527,58.9,2.1578947368421053,0.0789473684210526,0.0
2025-03-15 15:00:00,Manchester City,Brighton & Hove Albion,2,2,False,663,1630.6329294620296,1542.7195534560083,87.91337600602128,7.104166666666667,1.2,1.6,1.2,2.4,7.0,2.2,1.8,2.4,2.0,65.2,2.8684210526315788,68.8,1.394736842105263,0.0526315789473684,0.0,59.8,4.342105263157895,62.4,2.3684210526315788,0.0789473684210526,0.0
2025-03-15 15:00:00,Southampton,Wolverhampton Wanderers,1,2,False,664,1292.821594119365,1422.1445379045053,-129.3229437851403,7.0,0.8,3.0,0.6,0.4,6.791666666666667,1.2,1.0,1.4,2.0,42.375,5.342105263157895,63.275,2.3815789473684212,0.1052631578947368,1.0,48.9,5.342105263157895,68.0,2.6842105263157894,0.1052631578947368,0.0
2025-03-15 17:30:00,Bournemouth,Brentford,1,2,False,665,1561.889431741692,1476.0363715054389,85.85306023625321,6.145833333333333,1.2,1.6,0.8,1.2,7.0,1.2,0.8,1.4,0.2,44.4,5.105263157894737,65.5,2.0789473684210527,0.0789473684210526,0.0,45.2,4.842105263157895,64.7,2.3421052631578947,0.0526315789473684,0.0
2025-03-16 13:30:00,Arsenal,Chelsea,1,0,False,666,1682.6937781450156,1566.2145201489411,116.47925799607447,6.875,1.6,0.6,1.6,2.0,6.979166666666667,1.6,1.2,1.8,2.2,58.2,2.1842105263157894,65.1,1.6842105263157894,0.0526315789473684,0.0,58.6,4.894736842105263,66.1,2.8684210526315788,0.1052631578947368,0.0
2025-03-16 13:30:00,Fulham,Tottenham Hotspur,2,0,False,667,1514.7873551559185,1521.8145640995142,-7.027208943595724,7.9375,1.4,1.4,1.8,1.2,6.979166666666667,1.8,0.8,2.0,1.4,50.6,5.0,67.9,2.210526315789474,0.1052631578947368,0.0,61.6,4.394736842105263,63.5,2.421052631578948,0.1052631578947368,0.0
2025-03-16 19:00:00,Leicester City,Manchester United,0,3,False,668,1318.8116184161215,1463.322334696831,-144.5107162807094,7.208333333333333,0.0,2.6,0.0,0.0,7.104166666666667,1.2,1.6,1.0,1.4,42.375,5.342105263157895,63.275,2.3815789473684212,0.1052631578947368,1.0,50.6,5.342105263157895,71.4,2.1842105263157894,0.0263157894736842,0.0
2025-04-01 18:45:00,Wolverhampton Wanderers,West Ham United,1,0,False,669,1430.3140408343913,1454.1654528320682,-23.851411997676905,14.0,1.2,1.2,1.4,0.8,14.0,0.8,0.6,1.4,1.6,48.9,5.342105263157895,68.0,2.6842105263157894,0.1052631578947368,0.0,41.1,6.342105263157895,69.3,2.1578947368421053,0.0789473684210526,0.0
2025-04-01 18:45:00,Arsenal,Fulham,2,1,False,670,1687.8987434853864,1528.3507816909644,159.547961794422,14.0,0.8,0.4,1.6,2.0,14.0,1.4,1.2,1.8,1.4,58.2,2.1842105263157894,65.1,1.6842105263157894,0.0526315789473684,0.0,50.6,5.0,67.9,2.210526315789474,0.1052631578947368,0.0
2025-04-01 19:00:00,Nottingham Forest,Manchester United,1,0,False,671,1572.58426623806,1476.8859363794757,95.69832985858443,14.0,1.8,1.6,1.4,2.4,14.0,1.8,1.2,1.6,1.0,40.6,4.289473684210527,58.9,2.1578947368421053,0.0789473684210526,0.0,50.6,5.342105263157895,71.4,2.1842105263157894,0.0263157894736842,0.0
2025-04-02 18:45:00,Bournemouth,Ipswich Town,1,2,False,672,1547.8012617027102,1341.6510708634344,206.15019083927587,14.0,1.4,1.6,0.8,1.4,14.0,1.2,2.6,0.2,2.2,44.4,5.105263157894737,65.5,2.0789473684210527,0.0789473684210526,0.0,42.375,5.342105263157895,63.275,2.3815789473684212,0.1052631578947368,1.0
2025-04-02 18:45:00,Brighton & Hove Albion,Aston Villa,0,3,False,673,1546.8569931291952,1526.4525926342264,20.40440049496874,14.0,2.6,0.8,2.6,1.6,14.0,1.4,1.6,1.6,1.6,59.8,4.342105263157895,62.4,2.3684210526315788,0.0789473684210526,0.0,53.1,4.552631578947368,64.7,2.473684210526316,0.0526315789473684,0.0
2025-04-02 18:45:00,Manchester City,Leicester City,2,0,False,674,1626.4954897888426,1305.2480167334768,321.24747305536584,14.0,1.4,1.0,1.4,2.6,14.0,0.0,2.4,0.0,2.0,65.2,2.8684210526315788,68.8,1.394736842105263,0.0526315789473684,0.0,42.375,5.342105263157895,63.275,2.3815789473684212,0.1052631578947368,1.0
2025-04-02 18:45:00,Newcastle United,Brentford,2,1,False,675,1562.3139425549205,1490.1245415444207,72.18940101049975,14.0,1.2,2.2,1.2,2.4,14.0,1.6,0.6,2.0,0.4,52.2,5.131578947368421,68.2,2.0789473684210527,0.0263157894736842,0.0,45.2,4.842105263157895,64.7,2.3421052631578947,0.0526315789473684,0.0
2025-04-02 18:45:00,Southampton,Crystal Palace,1,1,False,676,1284.652091189479,1550.6753447513695,-266.02325356189044,14.0,0.6,3.2,0.0,0.6,14.0,2.0,0.6,2.4,0.0,42.375,5.342105263157895,63.275,2.3815789473684212,0.1052631578947368,1.0,42.3,4.052631578947368,62.3,1.9210526315789476,0.0526315789473684,0.0
2025-04-02 19:00:00,Liverpool,Everton,1,0,False,677,1744.0378786651606,1488.9221369973168,255.11574166784385,14.0,2.2,0.8,2.6,2.6,14.0,1.4,1.2,1.4,0.8,61.3,3.8684210526315783,72.1,1.8157894736842104,0.131578947368421,0.0,40.8,4.342105263157895,69.1,2.1578947368421053,0.0263157894736842,0.0
2025-04-03 19:00:00,Chelsea,Tottenham Hotspur,1,0,False,678,1561.0095548085703,1508.2511375644683,52.75841724410202,14.0,1.2,1.2,1.2,2.4,14.0,1.4,1.2,1.4,1.6,58.6,4.894736842105263,66.1,2.8684210526315788,0.1052631578947368,0.0,61.6,4.394736842105263,63.5,2.421052631578948,0.1052631578947368,0.0
2025-04-05 11:30:00,Everton,Arsenal,1,1,False,679,1486.1875724336874,1692.2069979933258,-206.01942555963842,2.6875,1.0,1.2,0.8,2.4,3.6979166666666665,0.8,0.6,1.6,0.4,40.8,4.342105263157895,69.1,2.1578947368421053,0.0263157894736842,0.0,58.2,2.1842105263157894,65.1,1.6842105263157894,0.0526315789473684,0.0
2025-04-05 14:00:00,Crystal Palace,Brighton & Hove Albion,2,1,False,680,1545.4589357436093,1525.1398537850368,20.319081958572497,2.8020833333333335,1.8,0.8,2.0,1.6,2.8020833333333335,2.0,1.4,2.0,2.0,42.3,4.052631578947368,62.3,1.9210526315789476,0.0526315789473684,0.0,59.8,4.342105263157895,62.4,2.3684210526315788,0.0789473684210526,0.0
2025-04-05 14:00:00,Ipswich Town,Wolverhampton Wanderers,1,2,False,681,1358.180622437496,1439.1351959613671,-80.9545735238712,2.8020833333333335,1.4,2.6,0.6,0.8,3.8020833333333335,1.2,0.8,2.0,1.8,42.375,5.342105263157895,63.275,2.3815789473684212,0.1052631578947368,1.0,48.9,5.342105263157895,68.0,2.6842105263157894,0.1052631578947368,0.0
2025-04-05 14:00:00,West Ham United,Bournemouth,2,2,False,682,1445.3442977050925,1531.271710128649,-85.92741242355646,3.8020833333333335,0.8,0.6,1.4,1.0,2.8020833333333335,1.0,1.8,0.2,1.6,41.1,6.342105263157895,69.3,2.1578947368421053,0.0789473684210526,0.0,44.4,5.105263157894737,65.5,2.0789473684210527,0.0789473684210526,0.0
2025-04-05 16:30:00,Aston Villa,Nottingham Forest,2,1,False,683,1548.1697319783848,1578.262850996187,-30.09311901780211,2.90625,1.8,1.4,2.0,1.6,3.8958333333333335,1.8,1.2,2.0,2.6,53.1,4.552631578947368,64.7,2.473684210526316,0.0526315789473684,0.0,40.6,4.289473684210527,58.9,2.1578947368421053,0.0789473684210526,0.0
2025-04-06 13:00:00,Brentford,Chelsea,0,0,False,684,1483.8799900340425,1567.744283385525,-83.8642933514825,3.7604166666666665,1.6,1.0,1.4,0.6,2.75,1.4,0.6,1.8,2.0,45.2,4.842105263157895,64.7,2.3421052631578947,0.0526315789473684,0.0,58.6,4.894736842105263,66.1,2.8684210526315788,0.1052631578947368,0.0
2025-04-06 13:00:00,Fulham,Liverpool,3,2,False,685,1524.042527183025,1746.77244322879,-222.7299160457651,4.760416666666667,1.2,1.4,1.2,1.2,3.75,2.0,0.6,2.6,0.8,50.6,5.0,67.9,2.210526315789474,0.1052631578947368,0.0,61.3,3.8684210526315783,72.1,1.8157894736842104,0.131578947368421,0.0
2025-04-06 13:00:00,Tottenham Hotspur,Southampton,3,1,False,686,1501.5164089875136,1289.8685001972392,211.6479087902744,2.75,1.2,1.4,0.8,1.0,3.7604166666666665,0.6,2.8,0.2,2.8,61.6,4.394736842105263,63.5,2.421052631578948,0.1052631578947368,0.0,42.375,5.342105263157895,63.275,2.3815789473684212,0.1052631578947368,1.0
2025-04-06 15:30:00,Manchester United,Manchester City,0,0,False,687,1471.2073516213488,1629.6696693340327,-158.4623177126839,4.854166666666667,1.8,1.2,1.6,1.6,3.8645833333333335,1.0,1.0,1.4,1.6,50.6,5.342105263157895,71.4,2.1842105263157894,0.0263157894736842,0.0,65.2,2.8684210526315788,68.8,1.394736842105263,0.0526315789473684,0.0
2025-04-07 19:00:00,Leicester City,Newcastle United,0,3,False,688,1302.0738371882867,1568.5584940652986,-266.48465687701196,5.010416666666667,0.0,2.4,0.0,0.0,5.010416666666667,1.4,2.0,1.8,1.6,42.375,5.342105263157895,63.275,2.3815789473684212,0.1052631578947368,1.0,52.2,5.131578947368421,68.2,2.0789473684210527,0.0263157894736842,0.0
2025-04-12 11:30:00,Manchester City,Crystal Palace,5,2,False,689,1627.0426709662622,1553.0514550312985,73.99121593496375,5.833333333333333,1.0,0.6,1.6,2.2,6.895833333333333,2.0,0.6,2.6,0.2,65.2,2.8684210526315788,68.8,1.394736842105263,0.0526315789473684,0.0,42.3,4.052631578947368,62.3,1.9210526315789476,0.0526315789473684,0.0
2025-04-12 14:00:00,Brighton & Hove Albion,Leicester City,2,2,False,690,1517.5473344973477,1293.7194577373534,223.8278767599943,7.0,1.4,1.8,1.4,1.4,4.791666666666667,0.0,2.2,0.0,2.0,59.8,4.342105263157895,62.4,2.3684210526315788,0.0789473684210526,0.0,42.375,5.342105263157895,63.275,2.3815789473684212,0.1052631578947368,1.0
2025-04-12 14:00:00,Nottingham Forest,Everton,0,1,False,691,1569.2641848251028,1490.0373165446372,79.22686828046562,6.895833333333333,1.4,0.8,2.0,2.4,7.104166666666667,0.8,1.0,0.8,0.8,40.6,4.289473684210527,58.9,2.1578947368421053,0.0789473684210526,0.0,40.8,4.342105263157895,69.1,2.1578947368421053,0.0263157894736842,0.0
2025-04-12 14:00:00,Southampton,Aston Villa,0,3,False,692,1284.375006471085,1557.1683981494689,-272.79339167838384,6.041666666666667,0.8,2.6,0.2,0.8,6.895833333333333,1.8,1.2,2.4,1.6,42.375,5.342105263157895,63.275,2.3815789473684212,0.1052631578947368,1.0,53.1,4.552631578947368,64.7,2.473684210526316,0.0526315789473684,0.0
2025-04-12 16:30:00,Arsenal,Brentford,1,1,False,693,1688.357253882376,1484.4224151178405,203.93483876453547,7.208333333333333,1.0,0.6,1.8,2.0,6.145833333333333,0.8,1.0,1.0,0.8,58.2,2.1842105263157894,65.1,1.6842105263157894,0.0526315789473684,0.0,45.2,4.842105263157895,64.7,2.3421052631578947,0.0526315789473684,0.0
2025-04-13 13:00:00,Chelsea,Ipswich Town,2,2,False,694,1567.201858301727,1348.6395094654524,218.56234883627462,7.0,1.2,0.2,2.0,2.2,7.958333333333333,1.4,2.2,0.6,2.0,58.6,4.894736842105263,66.1,2.8684210526315788,0.1052631578947368,0.0,42.375,5.342105263157895,63.275,2.3815789473684212,0.1052631578947368,1.0
2025-04-13 13:00:00,Liverpool,West Ham United,2,1,False,695,1732.5207663942297,1445.9459096546975,286.57485673953215,7.0,2.0,0.8,2.4,2.4,7.958333333333333,1.0,1.0,1.0,1.0,61.3,3.8684210526315783,72.1,1.8157894736842104,0.131578947368421,0.0,41.1,6.342105263157895,69.3,2.1578947368421053,0.0789473684210526,0.0
2025-04-13 13:00:00,Wolverhampton Wanderers,Tottenham Hotspur,4,2,False,696,1448.6763089334106,1507.0099027136678,-58.33359378025716,7.958333333333333,1.4,1.0,2.0,1.0,7.0,1.0,1.4,0.8,1.4,48.9,5.342105263157895,68.0,2.6842105263157894,0.1052631578947368,0.0,61.6,4.394736842105263,63.5,2.421052631578948,0.1052631578947368,0.0
2025-04-13 15:30:00,Newcastle United,Manchester United,4,1,False,697,1576.912873516232,1473.8343499891193,103.07852352711257,5.854166666666667,2.0,1.2,2.4,2.2,7.0,1.4,0.8,1.6,0.8,52.2,5.131578947368421,68.2,2.0789473684210527,0.0263157894736842,0.0,50.6,5.342105263157895,71.4,2.1842105263157894,0.0263157894736842,0.0
2025-04-14 19:00:00,Bournemouth,Fulham,1,0,False,698,1530.6700981790439,1538.2942040175853,-7.624105838541482,9.208333333333334,1.4,2.0,0.4,1.4,8.25,1.8,1.4,1.8,1.2,44.4,5.105263157894737,65.5,2.0789473684210527,0.0789473684210526,0.0,50.6,5.0,67.9,2.210526315789474,0.1052631578947368,0.0
2025-04-16 18:30:00,Newcastle United,Crystal Palace,5,0,False,699,1586.550877816819,1542.2012937307038,44.3495840861151,3.125,2.0,0.8,2.4,2.4,4.291666666666667,2.0,1.6,2.0,1.2,52.2,5.131578947368421,68.2,2.0789473684210527,0.0263157894736842,0.0,42.3,4.052631578947368,62.3,1.9210526315789476,0.0526315789473684,0.0
2025-04-19 14:00:00,Brentford,Brighton & Hove Albion,4,2,False,700,1490.9152366735063,1510.735528113448,-19.820291439941684,6.895833333333333,0.8,1.0,1.0,0.2,7.0,1.4,2.0,1.0,2.4,45.2,4.842105263157895,64.7,2.3421052631578947,0.0526315789473684,0.0,59.8,4.342105263157895,62.4,2.3684210526315788,0.0789473684210526,0.0
2025-04-19 14:00:00,Crystal Palace,Bournemouth,0,0,False,701,1528.2960358168825,1539.0335374188703,-10.737501601987788,2.8125,1.2,2.4,1.4,1.8,4.791666666666667,1.4,1.6,1.0,1.6,42.3,4.052631578947368,62.3,1.9210526315789476,0.0526315789473684,0.0,44.4,5.105263157894737,65.5,2.0789473684210527,0.0789473684210526,0.0
2025-04-19 14:00:00,Everton,Manchester City,0,2,False,702,1503.9654156184988,1637.8928322668569,-133.92741664835808,7.0,0.8,0.8,1.2,2.0,7.104166666666667,1.8,1.0,1.6,1.2,40.8,4.342105263157895,69.1,2.1578947368421053,0.0263157894736842,0.0,65.2,2.8684210526315788,68.8,1.394736842105263,0.0526315789473684,0.0
2025-04-19 14:00:00,West Ham United,Southampton,1,1,False,703,1443.6114338026553,1276.2494085067935,167.3620252958617,6.041666666666667,0.8,1.4,0.4,0.8,7.0,0.8,2.4,0.2,2.8,41.1,6.342105263157895,69.3,2.1578947368421053,0.0789473684210526,0.0,42.375,5.342105263157895,63.275,2.3815789473684212,0.1052631578947368,1.0
2025-04-19 16:30:00,Aston Villa,Newcastle United,4,1,False,704,1565.2939961137604,1600.4561357306402,-35.16213961687981,7.104166666666667,2.0,1.0,2.4,1.6,2.9166666666666665,3.0,0.4,3.0,1.4,53.1,4.552631578947368,64.7,2.473684210526316,0.0526315789473684,0.0,52.2,5.131578947368421,68.2,2.0789473684210527,0.0263157894736842,0.0
2025-04-20 13:00:00,Manchester United,Wolverhampton Wanderers,0,1,False,705,1464.1963456885323,1464.614550974684,-0.41820528615176045,6.895833333333333,1.0,1.2,1.0,1.0,7.0,2.0,1.0,2.6,1.4,50.6,5.342105263157895,71.4,2.1842105263157894,0.0263157894736842,0.0,48.9,5.342105263157895,68.0,2.6842105263157894,0.1052631578947368,0.0
2025-04-20 13:00:00,Ipswich Town,Arsenal,0,4,False,706,1355.3692429328105,1681.8644323267101,-326.49518939389964,7.0,1.4,2.0,0.8,1.0,7.854166666666667,1.2,0.8,1.8,0.4,42.375,5.342105263157895,63.275,2.3815789473684212,0.1052631578947368,1.0,58.2,2.1842105263157894,65.1,1.6842105263157894,0.0526315789473684,0.0
2025-04-20 13:00:00,Fulham,Chelsea,1,2,False,707,1529.930764777759,1560.472124834369,-30.541360056610074,5.75,1.4,1.4,1.2,1.4,7.0,0.8,0.6,1.6,1.8,50.6,5.0,67.9,2.210526315789474,0.1052631578947368,0.0,58.6,4.894736842105263,66.1,2.8684210526315788,0.1052631578947368,0.0
2025-04-20 15:30:00,Leicester City,Liverpool,0,1,False,708,1300.5312641212531,1734.855242246272,-434.3239781250188,8.0625,0.4,2.2,0.2,0.0,7.104166666666667,2.0,1.0,2.4,1.4,42.375,5.342105263157895,63.275,2.3815789473684212,0.1052631578947368,1.0,61.3,3.8684210526315783,72.1,1.8157894736842104,0.131578947368421,0.0
2025-04-21 19:00:00,Tottenham Hotspur,Nottingham Forest,1,2,False,709,1491.0716606723943,1555.3360857512412,-64.2644250788469,8.25,1.4,2.0,0.8,1.4,9.208333333333334,1.4,1.0,1.8,3.0,61.6,4.394736842105263,63.5,2.421052631578948,0.1052631578947368,0.0,40.6,4.289473684210527,58.9,2.1578947368421053,0.0789473684210526,0.0
2025-04-22 19:00:00,Manchester City,Aston Villa,2,1,False,710,1650.9606493759388,1581.2947754478053,69.66587392813358,3.2083333333333335,2.2,0.8,2.2,2.6,3.1041666666666665,2.6,0.4,3.0,1.2,65.2,2.8684210526315788,68.8,1.394736842105263,0.0526315789473684,0.0,53.1,4.552631578947368,64.7,2.473684210526316,0.0526315789473684,0.0
2025-04-23 19:00:00,Arsenal,Crystal Palace,2,2,False,711,1688.6758672134056,1526.7468114620665,161.9290557513391,3.25,1.8,0.6,2.2,1.8,4.208333333333333,1.0,2.4,1.0,2.2,58.2,2.1842105263157894,65.1,1.6842105263157894,0.0526315789473684,0.0,42.3,4.052631578947368,62.3,1.9210526315789476,0.0526315789473684,0.0
2025-04-26 11:30:00,Chelsea,Everton,1,0,False,712,1571.4606849645475,1490.8975985094169,80.56308645513059,5.9375,1.0,0.8,1.6,2.0,6.895833333333333,0.6,1.0,1.0,0.8,58.6,4.894736842105263,66.1,2.8684210526315788,0.1052631578947368,0.0,40.8,4.342105263157895,69.1,2.1578947368421053,0.0263157894736842,0.0
2025-04-26 14:00:00,Wolverhampton Wanderers,Leicester City,3,0,False,713,1476.4522477505905,1298.3993571066198,178.0528906439706,6.041666666666667,2.0,0.8,3.0,1.8,5.9375,0.4,2.2,0.2,2.2,48.9,5.342105263157895,68.0,2.6842105263157894,0.1052631578947368,0.0,42.375,5.342105263157895,63.275,2.3815789473684212,0.1052631578947368,1.0
2025-04-26 14:00:00,Southampton,Fulham,1,2,False,714,1282.0912533370479,1518.9422046475804,-236.85095131053254,7.0,0.8,2.0,0.4,0.6,6.041666666666667,1.4,1.4,1.2,1.4,42.375,5.342105263157895,63.275,2.3815789473684212,0.1052631578947368,1.0,50.6,5.0,67.9,2.210526315789474,0.1052631578947368,0.0
2025-04-26 14:00:00,Brighton & Hove Albion,West Ham United,3,2,False,715,1496.5868092510052,1437.769588972401,58.81722027860428,7.0,1.4,2.6,0.4,1.8,7.0,1.0,1.4,0.6,1.2,59.8,4.342105263157895,62.4,2.3684210526315788,0.0789473684210526,0.0,41.1,6.342105263157895,69.3,2.1578947368421053,0.0789473684210526,0.0
2025-04-26 14:00:00,Newcastle United,Ipswich Town,3,0,False,716,1584.4553563965953,1348.557808046115,235.8975483504803,6.895833333333333,3.0,1.2,2.4,3.2,6.041666666666667,1.4,2.6,0.8,1.6,52.2,5.131578947368421,68.2,2.0789473684210527,0.0263157894736842,0.0,42.375,5.342105263157895,63.275,2.3815789473684212,0.1052631578947368,1.0
2025-04-27 13:00:00,Bournemouth,Manchester United,1,1,False,717,1540.5827617736863,1452.358648912626,88.22411286106035,7.958333333333333,1.0,1.2,1.0,0.6,7.0,0.8,1.2,0.8,1.6,44.4,5.105263157894737,65.5,2.0789473684210527,0.0789473684210526,0.0,50.6,5.342105263157895,71.4,2.1842105263157894,0.0263157894736842,0.0
2025-04-27 15:30:00,Liverpool,Tottenham Hotspur,5,1,False,718,1736.9871492609052,1481.0504891559242,255.936660104981,7.0,1.8,1.0,2.4,2.0,5.854166666666667,1.2,2.0,0.6,1.6,61.3,3.8684210526315783,72.1,1.8157894736842104,0.131578947368421,0.0,61.6,4.394736842105263,63.5,2.421052631578948,0.1052631578947368,0.0
2025-05-01 18:30:00,Nottingham Forest,Brentford,0,2,False,719,1565.3572572677112,1505.0639555359492,60.293301731762085,9.979166666666666,1.6,1.2,1.8,1.8,12.1875,1.6,1.2,1.6,0.8,40.6,4.289473684210527,58.9,2.1578947368421053,0.0789473684210526,0.0,45.2,4.842105263157895,64.7,2.3421052631578947,0.0526315789473684,0.0
2025-05-02 19:00:00,Manchester City,Wolverhampton Wanderers,1,0,False,720,1657.2677596650083,1483.3806731777302,173.8870864872781,10.0,2.2,0.6,2.6,2.2,6.208333333333333,2.2,0.6,3.0,0.8,65.2,2.8684210526315788,68.8,1.394736842105263,0.0526315789473684,0.0,48.9,5.342105263157895,68.0,2.6842105263157894,0.1052631578947368,0.0
2025-05-03 11:30:00,Aston Villa,Fulham,1,0,False,721,1574.9876651587358,1524.3633952770297,50.62426988170614,10.6875,2.6,0.8,2.4,2.2,6.895833333333333,1.4,1.6,1.2,1.4,53.1,4.552631578947368,64.7,2.473684210526316,0.0526315789473684,0.0,50.6,5.0,67.9,2.210526315789474,0.1052631578947368,0.0
2025-05-03 14:00:00,Everton,Ipswich Town,2,2,False,722,1484.8581735327982,1343.296662004938,141.56151152786015,7.104166666666667,0.4,1.0,0.8,1.2,7.0,1.0,2.4,0.8,2.0,40.8,4.342105263157895,69.1,2.1578947368421053,0.0263157894736842,0.0,42.375,5.342105263157895,63.275,2.3815789473684212,0.1052631578947368,1.0
2025-05-03 14:00:00,Leicester City,Southampton,2,0,False,723,1291.4709316794801,1276.6700627075986,14.800868971881528,7.0,0.4,2.2,0.2,0.0,7.0,0.8,2.0,0.4,2.4,42.375,5.342105263157895,63.275,2.3815789473684212,0.1052631578947368,1.0,42.375,5.342105263157895,63.275,2.3815789473684212,0.1052631578947368,1.0
2025-05-03 16:30:00,Arsenal,Bournemouth,1,2,False,724,1682.9379711277584,1536.4379121421957,146.50005898556265,9.895833333333334,2.0,1.0,1.8,1.2,6.145833333333333,1.0,1.0,1.2,1.4,58.2,2.1842105263157894,65.1,1.6842105263157894,0.0526315789473684,0.0,44.4,5.105263157894737,65.5,2.0789473684210527,0.0789473684210526,0.0
2025-05-04 13:00:00,Brentford,Manchester United,4,3,False,725,1526.9326005356263,1456.5034985441166,70.4291019915097,2.7708333333333335,1.6,1.0,1.6,1.0,7.0,0.4,1.4,0.4,1.6,45.2,4.842105263157895,64.7,2.3421052631578947,0.0526315789473684,0.0,50.6,5.342105263157895,71.4,2.1842105263157894,0.0263157894736842,0.0
2025-05-04 13:00:00,Brighton & Hove Albion,Newcastle United,1,1,False,726,1503.1666422348005,1589.7165024377723,-86.54986020297179,7.958333333333333,1.6,2.6,0.8,1.8,7.958333333333333,3.2,1.0,2.4,2.0,59.8,4.342105263157895,62.4,2.3684210526315788,0.0789473684210526,0.0,52.2,5.131578947368421,68.2,2.0789473684210527,0.0263157894736842,0.0
2025-05-04 13:00:00,West Ham United,Tottenham Hotspur,1,1,False,727,1431.1897559886056,1475.944061392308,-44.75430540370235,7.958333333333333,1.2,1.8,0.4,1.0,6.895833333333333,1.4,2.6,0.6,2.6,41.1,6.342105263157895,69.3,2.1578947368421053,0.0789473684210526,0.0,61.6,4.394736842105263,63.5,2.421052631578948,0.1052631578947368,0.0
2025-05-04 15:30:00,Chelsea,Liverpool,3,1,False,728,1577.500109941166,1742.0935770245214,-164.59346708335534,8.166666666666666,1.2,0.6,2.2,1.8,7.0,2.2,1.0,2.4,1.4,58.6,4.894736842105263,66.1,2.8684210526315788,0.1052631578947368,0.0,61.3,3.8684210526315783,72.1,1.8157894736842104,0.131578947368421,0.0
2025-05-05 19:00:00,Crystal Palace,Nottingham Forest,1,1,False,729,1532.4847075477137,1543.488612268034,-11.003904720320406,12.0,1.2,2.6,1.0,1.6,4.020833333333333,0.8,1.2,1.2,2.2,42.3,4.052631578947368,62.3,1.9210526315789476,0.0526315789473684,0.0,40.6,4.289473684210527,58.9,2.1578947368421053,0.0789473684210526,0.0
2025-05-10 14:00:00,Southampton,Manchester City,0,0,False,730,1264.0881714628963,1661.3035582392447,-397.2153867763484,7.0,0.6,2.2,0.2,0.6,7.791666666666667,2.0,0.6,2.6,1.2,42.375,5.342105263157895,63.275,2.3815789473684212,0.1052631578947368,1.0,65.2,2.8684210526315788,68.8,1.394736842105263,0.0526315789473684,0.0
2025-05-10 14:00:00,Wolverhampton Wanderers,Brighton & Hove Albion,0,2,False,731,1479.3448746034937,1503.7861028860057,-24.44122828251193,7.791666666666667,2.0,0.8,2.4,2.0,6.041666666666667,1.8,2.2,1.0,3.0,48.9,5.342105263157895,68.0,2.6842105263157894,0.1052631578947368,0.0,59.8,4.342105263157895,62.4,2.3684210526315788,0.0789473684210526,0.0
2025-05-10 14:00:00,Fulham,Everton,1,3,False,732,1517.5736806128348,1479.5267024185603,38.046978194274516,7.104166666666667,1.2,1.4,1.2,1.6,7.0,0.8,1.2,1.0,0.8,50.6,5.0,67.9,2.210526315789474,0.1052631578947368,0.0,40.8,4.342105263157895,69.1,2.1578947368421053,0.0263157894736842,0.0
2025-05-10 14:00:00,Ipswich Town,Brentford,0,1,False,733,1348.628133119176,1533.2207545628926,-184.59262144371655,7.0,1.0,2.6,0.4,1.0,6.041666666666667,2.2,1.2,2.2,0.8,42.375,5.342105263157895,63.275,2.3815789473684212,0.1052631578947368,1.0,45.2,4.842105263157895,64.7,2.3421052631578947,0.0526315789473684,0.0
2025-05-10 16:30:00,Bournemouth,Aston Villa,0,1,False,734,1551.8703506110496,1581.7773798229307,-29.90702921188108,7.0,1.2,0.8,1.8,0.8,7.208333333333333,2.2,0.8,2.4,1.2,44.4,5.105263157894737,65.5,2.0789473684210527,0.0789473684210526,0.0,53.1,4.552631578947368,64.7,2.473684210526316,0.0526315789473684,0.0
2025-05-11 11:00:00,Newcastle United,Chelsea,2,0,False,735,1589.0970417865672,1598.2846947275038,-9.187652940936687,6.916666666666667,2.8,1.2,2.0,3.6,6.8125,1.6,0.8,2.2,1.4,52.2,5.131578947368421,68.2,2.0789473684210527,0.0263157894736842,0.0,58.6,4.894736842105263,66.1,2.8684210526315788,0.1052631578947368,0.0
2025-05-11 13:15:00,Manchester United,West Ham United,0,2,False,736,1450.2153445168503,1430.60769672118,19.607647795670346,7.010416666666667,1.0,2.0,0.4,0.8,7.010416666666667,1.4,1.8,0.6,1.4,50.6,5.342105263157895,71.4,2.1842105263157894,0.0263157894736842,0.0,41.1,6.342105263157895,69.3,2.1578947368421053,0.0789473684210526,0.0
2025-05-11 13:15:00,Nottingham Forest,Leicester City,2,2,False,737,1545.030352069239,1304.0528229241825,240.97752914505645,5.760416666666667,0.8,1.4,0.8,0.4,7.96875,0.8,1.8,0.8,2.0,40.6,4.289473684210527,58.9,2.1578947368421053,0.0789473684210526,0.0,42.375,5.342105263157895,63.275,2.3815789473684212,0.1052631578947368,1.0
2025-05-11 13:15:00,Tottenham Hotspur,Crystal Palace,0,2,False,738,1476.5261206597336,1530.9429677465089,-54.416847086775306,7.010416666666667,1.6,2.6,0.8,1.4,5.760416666666667,1.0,2.6,0.6,2.6,61.6,4.394736842105263,63.5,2.421052631578948,0.1052631578947368,0.0,42.3,4.052631578947368,62.3,1.9210526315789476,0.0526315789473684,0.0
2025-05-11 15:30:00,Liverpool,Arsenal,2,2,False,739,1721.3089922381837,1667.5055326589045,53.803459579279206,7.0,2.2,1.6,1.8,2.6,7.958333333333333,1.8,1.2,1.2,0.4,61.3,3.8684210526315783,72.1,1.8157894736842104,0.131578947368421,0.0,58.2,2.1842105263157894,65.1,1.6842105263157894,0.0526315789473684,0.0
2025-05-16 18:30:00,Aston Villa,Tottenham Hotspur,2,0,False,740,1592.784015758209,1459.7812863022523,133.0027294559568,6.083333333333333,2.0,0.6,2.4,2.2,5.21875,1.0,2.8,0.2,2.6,53.1,4.552631578947368,64.7,2.473684210526316,0.0526315789473684,0.0,61.6,4.394736842105263,63.5,2.421052631578948,0.1052631578947368,0.0
2025-05-16 19:15:00,Chelsea,Manchester United,1,0,False,741,1584.6228835597612,1430.0845498600793,154.53833369968197,5.34375,1.6,1.2,2.0,1.6,5.25,1.0,2.4,0.2,2.0,58.6,4.894736842105263,66.1,2.8684210526315788,0.1052631578947368,0.0,50.6,5.342105263157895,71.4,2.1842105263157894,0.0263157894736842,0.0
2025-05-18 11:00:00,Everton,Southampton,2,0,False,742,1500.4598174859282,1271.513909632329,228.94590785359924,7.875,1.2,1.2,1.4,1.2,7.875,0.4,1.6,0.4,2.6,40.8,4.342105263157895,69.1,2.1578947368421053,0.0263157894736842,0.0,42.375,5.342105263157895,63.275,2.3815789473684212,0.1052631578947368,1.0
2025-05-18 13:15:00,West Ham United,Nottingham Forest,1,2,False,743,1450.738491377951,1537.9627833137686,-87.22429193581752,7.0,1.4,1.4,1.0,1.2,7.0,1.0,1.4,1.0,2.0,41.1,6.342105263157895,69.3,2.1578947368421053,0.0789473684210526,0.0,40.6,4.289473684210527,58.9,2.1578947368421053,0.0789473684210526,0.0
2025-05-18 14:00:00,Brentford,Fulham,2,3,False,744,1539.9084008481966,1496.6405655454669,43.267835302729736,8.0,2.4,1.2,2.6,1.8,8.0,0.8,1.6,0.6,1.4,45.2,4.842105263157895,64.7,2.3421052631578947,0.0526315789473684,0.0,50.6,5.0,67.9,2.210526315789474,0.1052631578947368,0.0
2025-05-18 14:00:00,Leicester City,Ipswich Town,2,0,False,745,1311.1203916796528,1341.940486833872,-30.82009515421919,7.03125,1.2,1.6,1.0,0.4,8.0,0.8,2.4,0.4,1.8,42.375,5.342105263157895,63.275,2.3815789473684212,0.1052631578947368,1.0,42.375,5.342105263157895,63.275,2.3815789473684212,0.1052631578947368,1.0
2025-05-18 15:30:00,Arsenal,Newcastle United,1,0,False,746,1670.7976493770016,1602.7588529543098,68.0387964226918,7.0,2.0,1.4,1.2,1.4,7.1875,2.4,1.0,2.0,1.4,58.2,2.1842105263157894,65.1,1.6842105263157894,0.0526315789473684,0.0,52.2,5.131578947368421,68.2,2.0789473684210527,0.0263157894736842,0.0
2025-05-19 19:00:00,Brighton & Hove Albion,Liverpool,3,2,False,747,1521.9245172971714,1718.0168755200866,-196.0923582229152,9.208333333333334,2.0,1.8,1.6,1.6,8.145833333333334,2.2,1.4,2.0,1.6,59.8,4.342105263157895,62.4,2.3684210526315788,0.0789473684210526,0.0,61.3,3.8684210526315783,72.1,1.8157894736842104,0.131578947368421,0.0
2025-05-20 19:00:00,Crystal Palace,Wolverhampton Wanderers,4,2,False,748,1547.6878021039902,1461.206460192328,86.48134191166218,9.239583333333334,1.0,1.6,1.2,1.6,10.208333333333334,1.6,1.0,1.8,0.6,42.3,4.052631578947368,62.3,1.9210526315789476,0.0526315789473684,0.0,48.9,5.342105263157895,68.0,2.6842105263157894,0.1052631578947368,0.0
2025-05-20 19:00:00,Manchester City,Bournemouth,3,1,False,749,1653.877820069812,1540.8637146757712,113.01410539404083,10.208333333333334,2.0,0.6,2.6,2.4,10.104166666666666,0.8,0.6,1.6,1.4,65.2,2.8684210526315788,68.8,1.394736842105263,0.0526315789473684,0.0,44.4,5.105263157894737,65.5,2.0789473684210527,0.0789473684210526,0.0
2025-05-25 15:00:00,Tottenham Hotspur,Brighton & Hove Albion,1,4,False,750,1451.904653249731,1535.5282440896233,-83.62359083989236,8.854166666666666,0.6,2.4,0.2,1.2,5.833333333333333,2.2,1.8,2.0,1.6,61.6,4.394736842105263,63.5,2.421052631578948,0.1052631578947368,0.0,59.8,4.342105263157895,62.4,2.3684210526315788,0.0789473684210526,0.0
2025-05-25 15:00:00,Southampton,Arsenal,1,2,False,751,1266.4601154991701,1677.145273936737,-410.685158437567,7.166666666666667,0.4,1.4,0.4,0.6,6.979166666666667,2.0,1.2,1.6,0.8,42.375,5.342105263157895,63.275,2.3815789473684212,0.1052631578947368,1.0,58.2,2.1842105263157894,65.1,1.6842105263157894,0.0526315789473684,0.0
2025-05-25 15:00:00,Nottingham Forest,Chelsea,0,1,False,752,1547.3239877949761,1589.029415170829,-41.70542737585288,7.072916666666667,1.4,1.4,1.6,0.8,8.822916666666666,1.4,0.8,2.4,1.2,40.6,4.289473684210527,58.9,2.1578947368421053,0.0789473684210526,0.0,58.6,4.894736842105263,66.1,2.8684210526315788,0.1052631578947368,0.0
2025-05-25 15:00:00,Newcastle United,Everton,0,1,False,753,1596.4112283945742,1505.513611619087,90.89761677548722,6.979166666666667,1.4,1.2,1.4,3.2,7.166666666666667,1.4,1.2,1.4,0.8,52.2,5.131578947368421,68.2,2.0789473684210527,0.0263157894736842,0.0,40.8,4.342105263157895,69.1,2.1578947368421053,0.0263157894736842,0.0
2025-05-25 15:00:00,Ipswich Town,West Ham United,1,3,False,754,1327.2839866348306,1441.3772868967435,-114.09330026191287,7.041666666666667,0.4,2.4,0.2,0.8,7.072916666666667,1.4,1.4,1.0,1.4,42.375,5.342105263157895,63.275,2.3815789473684212,0.1052631578947368,1.0,41.1,6.342105263157895,69.3,2.1578947368421053,0.0789473684210526,0.0
2025-05-25 15:00:00,Liverpool,Crystal Palace,1,1,False,755,1704.4131487276347,1557.2700696141785,147.14307911345622,5.833333333333333,2.2,1.8,1.4,2.6,4.833333333333333,1.8,1.0,1.8,2.6,61.3,3.8684210526315783,72.1,1.8157894736842104,0.131578947368421,0.0,42.3,4.052631578947368,62.3,1.9210526315789476,0.0526315789473684,0.0
2025-05-25 15:00:00,Wolverhampton Wanderers,Brentford,1,1,False,756,1451.6241926821397,1526.8893004057225,-75.26510772358279,4.833333333333333,1.2,1.4,1.2,1.8,7.041666666666667,2.6,1.6,2.4,0.8,48.9,5.342105263157895,68.0,2.6842105263157894,0.1052631578947368,0.0,45.2,4.842105263157895,64.7,2.3421052631578947,0.0526315789473684,0.0
2025-05-25 15:00:00,Fulham,Manchester City,0,2,False,757,1509.659665987941,1662.4612902433087,-152.80162425536764,7.041666666666667,1.4,1.8,1.2,1.4,4.833333333333333,1.6,0.4,2.6,0.2,50.6,5.0,67.9,2.210526315789474,0.1052631578947368,0.0,65.2,2.8684210526315788,68.8,1.394736842105263,0.0526315789473684,0.0
2025-05-25 15:00:00,Bournemouth,Leicester City,2,0,False,758,1532.2802445022746,1325.7768918786942,206.50335262358044,4.833333333333333,0.8,1.2,1.0,0.8,7.041666666666667,1.2,1.2,1.4,2.0,44.4,5.105263157894737,65.5,2.0789473684210527,0.0789473684210526,0.0,42.375,5.342105263157895,63.275,2.3815789473684212,0.1052631578947368,1.0
2025-05-25 15:00:00,Manchester United,Aston Villa,2,0,False,759,1425.6780182490115,1600.6606488107304,-174.9826305617189,8.822916666666666,0.8,1.8,0.2,0.8,8.854166666666666,1.8,0.6,2.4,0.4,50.6,5.342105263157895,71.4,2.1842105263157894,0.0263157894736842,0.0,53.1,4.552631578947368,64.7,2.473684210526316,0.0526315789473684,0.0
