Date,HomeTeam,AwayTeam,FTHG,FTAG,is_fixture,match_id,HomeElo,AwayElo,EloDiff,HomeRestDays,Home_GF5,Home_GA5,Home_PPM5,HomeGF_Home,AwayRestDays,Away_GF5,Away_GA5,Away_PPM5,AwayGA_Away,Home_PrevPoss,Home_PrevSoTA90,Home_PrevSavePct,Home_PrevCrdY90,Home_PrevCrdR90,HomeNoPrev,Away_PrevPoss,Away_PrevSoTA90,Away_PrevSavePct,Away_PrevCrdY90,Away_PrevCrdR90,AwayNoPrev
2025-08-15 17:00:00,Girona,Rayo Vallecano de Madrid,1,3,False,760,1459.0201116546605,1489.369698087422,-30.349586432761498,14.0,0.8,1.6,1.2,0.4,14.0,1.2,0.6,2.2,1.4,56.3,4.315789473684211,63.4,2.0,0.0526315789473684,0.0,51.7,4.026315789473684,70.6,2.526315789473684,0.0789473684210526,0.0
2025-08-15 19:30:00,Villarreal,Real Oviedo,2,0,False,761,1582.7316528383371,1450.0,132.73165283833714,14.0,3.0,1.2,3.0,2.8,14.0,1.316688567674113,1.316688567674113,1.3659658344283836,1.316688567674113,47.6,4.2105263157894735,68.1,2.526315789473684,0.1052631578947368,0.0,45.9,4.407894736842105,63.575,2.526315789473684,0.13815789473684204,1.0
2025-08-16 17:30:00,RCD Mallorca,Barcelona,0,3,False,762,1468.62734554723,1681.3465863579431,-212.71924081071302,14.0,0.8,1.2,0.8,1.2,14.0,2.6,1.4,2.4,0.6,46.8,4.342105263157895,73.3,2.131578947368421,0.1578947368421052,0.0,68.3,2.8421052631578947,63.9,1.6578947368421053,0.0789473684210526,0.0
2025-08-16 19:30:00,Valencia,Real Sociedad de Fútbol,1,1,False,763,1498.6418109636058,1470.631660544661,28.01015041894493,14.0,1.4,1.0,1.4,1.2,14.0,0.6,1.8,0.8,2.0,48.4,3.8947368421052633,63.5,2.263157894736842,0.0263157894736842,0.0,53.8,3.736842105263158,67.6,2.236842105263158,0.1052631578947368,0.0
2025-08-16 19:30:00,Deportivo Alavés,Levante UD,2,1,False,764,1474.4618314773613,1450.0,24.46183147736133,14.0,0.6,0.4,1.6,0.6,14.0,1.3160994764397906,1.3160994764397906,1.3658376963350785,1.3160994764397906,45.3,3.473684210526316,63.6,2.8157894736842106,0.131578947368421,0.0,45.9,4.407894736842105,63.575,2.526315789473684,0.13815789473684204,1.0
2025-08-17 15:00:00,RC Celta de Vigo,Getafe,0,2,False,765,1509.7434190996362,1452.450749325555,57.292669774081105,14.0,1.8,1.6,1.8,1.6,14.0,0.6,1.8,0.6,1.2,53.6,3.8157894736842106,60.7,2.210526315789474,0.1578947368421052,0.0,41.8,3.3157894736842106,69.0,2.8947368421052637,0.1842105263157894,0.0
2025-08-17 17:30:00,Athletic Club,Sevilla,3,2,False,766,1594.6360137320346,1450.6097377853584,144.02627594667615,14.0,0.8,0.6,2.0,1.0,14.0,1.4,2.2,0.8,2.2,48.4,2.973684210526316,74.3,1.6842105263157894,0.0789473684210526,0.0,50.5,3.8947368421052633,62.8,2.5789473684210527,0.2105263157894736,0.0
2025-08-17 19:30:00,RCD Espanyol de Barcelona,Club Atlético de Madrid,2,1,False,767,1469.9067604055736,1606.4108742764863,-136.50411387091276,14.0,1.0,1.8,0.6,1.0,14.0,2.4,0.6,2.0,0.8,39.8,5.078947368421052,73.6,2.3157894736842106,0.0263157894736842,0.0,52.6,3.0526315789473686,74.1,1.973684210526316,0.0789473684210526,0.0
2025-08-18 19:00:00,Elche,Real Betis Balompié,1,1,False,768,1450.0,1538.4319106647808,-88.43191066478084,14.0,1.3177083333333333,1.3177083333333333,1.3665364583333333,1.3177083333333333,14.0,1.4,1.8,1.2,1.8,45.9,4.407894736842105,63.575,2.526315789473684,0.13815789473684204,1.0,52.4,3.710526315789474,64.5,1.973684210526316,0.1052631578947368,0.0
2025-08-19 19:00:00,Real Madrid,CA Osasuna,1,0,False,769,1662.7253917516932,1515.3805757909236,147.34481596076967,14.0,2.4,1.4,2.4,1.8,14.0,1.6,1.2,1.6,1.8,60.4,3.3157894736842106,69.8,1.5,0.1052631578947368,0.0,46.1,4.921052631578948,72.2,2.3157894736842106,0.0,0.0
2025-08-22 19:30:00,Real Betis Balompié,Deportivo Alavés,1,0,False,770,1537.7585067421676,1481.9423506536766,55.81615608849097,4.020833333333333,1.2,1.8,0.8,2.0,6.0,1.0,0.6,2.0,0.8,52.4,3.710526315789474,64.5,1.973684210526316,0.1052631578947368,0.0,45.3,3.473684210526316,63.6,2.8157894736842106,0.131578947368421,0.0
2025-08-23 15:00:00,RCD Mallorca,RC Celta de Vigo,1,1,False,771,1458.1496938962187,1487.9987061276227,-29.849012231404004,6.895833333333333,0.8,1.6,0.8,0.8,6.0,1.4,1.4,1.8,1.8,46.8,4.342105263157895,73.3,2.131578947368421,0.1578947368421052,0.0,53.6,3.8157894736842106,60.7,2.210526315789474,0.1578947368421052,0.0
2025-08-23 17:30:00,Club Atlético de Madrid,Elche,1,1,False,772,1594.3813933259373,1450.6734039226133,143.70798940332406,5.916666666666667,2.6,1.0,1.8,3.4,4.9375,1.3147668393782384,1.3147668393782384,1.3659326424870466,1.3147668393782384,52.6,3.0526315789473686,74.1,1.973684210526316,0.0789473684210526,0.0,45.9,4.407894736842105,63.575,2.526315789473684,0.13815789473684204,1.0
2025-08-23 19:30:00,Levante UD,Barcelona,2,3,False,773,1442.5194808236847,1691.8242380089546,-249.30475718526986,7.0,1.314359637774903,1.314359637774903,1.3654592496765847,1.314359637774903,7.083333333333333,2.8,1.2,2.4,0.2,45.9,4.407894736842105,63.575,2.526315789473684,0.13815789473684204,1.0,68.3,2.8421052631578947,63.9,1.6578947368421053,0.0789473684210526,0.0
2025-08-24 15:00:00,CA Osasuna,Valencia,1,0,False,774,1510.8301302620846,1496.026933012844,14.803197249240611,4.833333333333333,1.2,0.6,1.6,1.6,7.8125,1.0,0.8,1.0,1.2,46.1,4.921052631578948,72.2,2.3157894736842106,0.0,0.0,48.4,3.8947368421052633,63.5,2.263157894736842,0.0263157894736842,0.0
2025-08-24 17:30:00,Real Sociedad de Fútbol,RCD Espanyol de Barcelona,2,2,False,775,1473.2465384954228,1481.9362413561225,-8.689702860699754,7.916666666666667,0.8,2.0,0.8,1.0,6.916666666666667,1.2,1.6,1.2,1.4,53.8,3.736842105263158,67.6,2.236842105263158,0.1052631578947368,0.0,39.8,5.078947368421052,73.6,2.3157894736842106,0.0263157894736842,0.0
2025-08-24 17:30:00,Villarreal,Girona,5,0,False,776,1590.6176018375336,1441.1548200891534,149.46278174838017,8.916666666666666,2.6,0.8,3.0,2.8,9.020833333333334,0.8,2.2,0.6,2.0,47.6,4.2105263157894735,68.1,2.526315789473684,0.1052631578947368,0.0,56.3,4.315789473684211,63.4,2.0,0.0526315789473684,0.0
2025-08-24 19:30:00,Real Oviedo,Real Madrid,0,3,False,777,1442.1140510008036,1667.2758372805322,-225.16178627972863,9.0,1.3172458172458172,1.3172458172458172,1.3655083655083655,1.3172458172458172,5.020833333333333,2.0,1.0,2.4,1.0,45.9,4.407894736842105,63.575,2.526315789473684,0.13815789473684204,1.0,60.4,3.3157894736842106,69.8,1.5,0.1052631578947368,0.0
2025-08-25 17:30:00,Athletic Club,Rayo Vallecano de Madrid,1,0,False,778,1599.2539580277216,1507.234989652929,92.01896837479262,8.0,1.4,1.0,2.4,1.6,10.020833333333334,1.6,0.8,2.2,1.6,48.4,2.973684210526316,74.3,1.6842105263157894,0.0789473684210526,0.0,51.7,4.026315789473684,70.6,2.526315789473684,0.0789473684210526,0.0
2025-08-25 19:30:00,Sevilla,Getafe,1,2,False,779,1445.9917934896714,1474.1954622975686,-28.203668807897202,8.083333333333334,1.4,2.4,0.6,1.0,8.1875,1.0,1.6,1.2,1.2,50.5,3.8947368421052633,62.8,2.5789473684210527,0.2105263157894736,0.0,41.8,3.3157894736842106,69.0,2.8947368421052637,0.1842105263157894,0.0
2025-08-27 19:00:00,RC Celta de Vigo,Real Betis Balompié,1,1,False,780,1489.0069949770443,1544.4148373349178,-55.407842357873506,4.166666666666667,1.0,1.2,1.4,1.4,4.979166666666667,1.2,1.6,1.2,1.8,53.6,3.8157894736842106,60.7,2.210526315789474,0.1578947368421052,0.0,52.4,3.710526315789474,64.5,1.973684210526316,0.1052631578947368,0.0
2025-08-29 17:30:00,Elche,Levante UD,2,0,False,781,1456.0489490254874,1437.3768968561706,18.672052169316885,6.0,1.3162612035851473,1.3162612035851473,1.3655569782330346,1.3162612035851473,5.916666666666667,1.3162612035851473,1.3162612035851473,1.3655569782330346,1.3162612035851473,45.9,4.407894736842105,63.575,2.526315789473684,0.13815789473684204,1.0,45.9,4.407894736842105,63.575,2.526315789473684,0.13815789473684204,1.0
2025-08-29 19:30:00,Valencia,Getafe,3,0,False,782,1488.2842943069386,1485.2506037643238,3.0336905426147496,5.1875,0.4,1.0,0.4,1.2,4.0,1.4,1.2,1.8,1.2,48.4,3.8947368421052633,63.5,2.263157894736842,0.0263157894736842,0.0,41.8,3.3157894736842106,69.0,2.8947368421052637,0.1842105263157894,0.0
2025-08-30 15:00:00,Deportivo Alavés,Club Atlético de Madrid,1,1,False,783,1475.2860200609264,1589.0058482230631,-113.71982816213676,7.8125,1.0,0.6,2.0,1.0,6.895833333333333,2.0,1.2,1.4,1.0,45.3,3.473684210526316,63.6,2.8157894736842106,0.131578947368421,0.0,52.6,3.0526315789473686,74.1,1.973684210526316,0.0789473684210526,0.0
2025-08-30 17:00:00,Real Oviedo,Real Sociedad de Fútbol,1,0,False,784,1432.1545346787839,1471.6398415256679,-39.48530684688399,5.895833333333333,1.315688775510204,1.315688775510204,1.3654336734693877,1.315688775510204,5.979166666666667,1.2,1.6,1.0,2.0,45.9,4.407894736842105,63.575,2.526315789473684,0.13815789473684204,1.0,53.8,3.736842105263158,67.6,2.236842105263158,0.1052631578947368,0.0
2025-08-30 17:30:00,Girona,Sevilla,0,2,False,785,1432.139356748598,1434.9366520229162,-2.7972952743182304,6.0,0.8,3.0,0.6,0.6,4.916666666666667,1.2,2.2,0.6,2.4,56.3,4.315789473684211,63.4,2.0,0.0526315789473684,0.0,50.5,3.8947368421052633,62.8,2.5789473684210527,0.2105263157894736,0.0
2025-08-30 19:30:00,Real Madrid,RCD Mallorca,2,1,False,786,1677.2353536025519,1457.141405046797,220.09394855575488,6.0,2.0,0.2,3.0,1.8,7.1875,0.6,1.6,0.4,0.8,60.4,3.3157894736842106,69.8,1.5,0.1052631578947368,0.0,46.8,4.342105263157895,73.3,2.131578947368421,0.1578947368421052,0.0
2025-08-31 15:00:00,RC Celta de Vigo,Villarreal,1,1,False,787,1488.7309806120097,1599.633065178089,-110.90208456607934,3.8333333333333335,1.0,1.4,1.0,1.6,6.895833333333333,3.4,0.8,3.0,1.4,53.6,3.8157894736842106,60.7,2.210526315789474,0.1578947368421052,0.0,47.6,4.2105263157894735,68.1,2.526315789473684,0.1052631578947368,0.0
2025-08-31 17:00:00,Real Betis Balompié,Athletic Club,1,2,False,788,1544.6908516999524,1605.0190594901298,-60.32820779017743,3.9166666666666665,1.0,1.4,1.2,1.8,5.979166666666667,1.4,1.0,2.4,0.2,52.4,3.710526315789474,64.5,1.973684210526316,0.1052631578947368,0.0,48.4,2.973684210526316,74.3,1.6842105263157894,0.0789473684210526,0.0
2025-08-31 17:30:00,RCD Espanyol de Barcelona,CA Osasuna,1,0,False,789,1483.5429383258775,1518.57276896799,-35.02983064211253,7.0,1.2,1.4,1.4,1.2,7.104166666666667,1.2,0.4,2.0,1.8,39.8,5.078947368421052,73.6,2.3157894736842106,0.0263157894736842,0.0,46.1,4.921052631578948,72.2,2.3157894736842106,0.0,0.0
2025-08-31 19:30:00,Rayo Vallecano de Madrid,Barcelona,1,1,False,790,1501.4698881905208,1696.9668219764687,-195.49693378594793,6.083333333333333,1.4,1.0,1.6,0.8,8.0,2.6,1.0,2.4,0.6,51.7,4.026315789473684,70.6,2.526315789473684,0.0789473684210526,0.0,68.3,2.8421052631578947,63.9,1.6578947368421053,0.0789473684210526,0.0
2025-09-12 19:00:00,Sevilla,Elche,2,2,False,791,1454.065260302148,1468.4594440540814,-14.39418375193327,13.0625,1.4,2.2,0.6,1.0,14.0,1.3333333333333333,0.6666666666666666,1.6666666666666667,1.3128950695322377,50.5,3.8947368421052633,62.8,2.5789473684210527,0.2105263157894736,0.0,45.9,4.407894736842105,63.575,2.526315789473684,0.13815789473684204,1.0
2025-09-13 12:00:00,Getafe,Real Oviedo,2,0,False,792,1471.1342583805745,1441.4214800967939,29.712778283780608,14.0,1.4,1.4,1.8,0.6,13.791666666666666,0.3333333333333333,1.6666666666666667,1.0,1.3137626262626263,41.8,3.3157894736842106,69.0,2.8947368421052637,0.1842105263157894,0.0,45.9,4.407894736842105,63.575,2.526315789473684,0.13815789473684204,1.0
2025-09-13 14:15:00,Real Sociedad de Fútbol,Real Madrid,1,2,False,793,1462.3728961076579,1680.4815735259076,-218.10867741824973,13.885416666666666,1.2,1.6,1.0,1.0,13.78125,2.0,0.2,3.0,0.8,53.8,3.736842105263158,67.6,2.236842105263158,0.1052631578947368,0.0,60.4,3.3157894736842106,69.8,1.5,0.1052631578947368,0.0
2025-09-13 16:30:00,Athletic Club,Deportivo Alavés,0,1,False,794,1615.1535163753347,1476.6791699402172,138.47434643511747,12.979166666666666,1.4,1.2,2.4,1.2,14.0,1.0,0.8,1.6,0.6,48.4,2.973684210526316,74.3,1.6842105263157894,0.0789473684210526,0.0,45.3,3.473684210526316,63.6,2.8157894736842106,0.131578947368421,0.0
2025-09-13 19:00:00,Club Atlético de Madrid,Villarreal,2,0,False,795,1587.6126983437723,1598.3195306218122,-10.706832278039883,14.0,2.2,1.0,1.6,3.2,13.166666666666666,3.0,1.0,2.6,1.4,52.6,3.0526315789473686,74.1,1.973684210526316,0.0789473684210526,0.0,47.6,4.2105263157894735,68.1,2.526315789473684,0.1052631578947368,0.0
2025-09-14 12:00:00,RC Celta de Vigo,Girona,1,1,False,796,1490.0445151682866,1413.010748469366,77.03376669892054,13.875,1.0,1.2,1.2,1.2,14.0,0.6,3.4,0.0,2.2,53.6,3.8157894736842106,60.7,2.210526315789474,0.1578947368421052,0.0,56.3,4.315789473684211,63.4,2.0,0.0526315789473684,0.0
2025-09-14 14:15:00,Levante UD,Real Betis Balompié,2,2,False,797,1424.9664018275766,1534.5563948147476,-109.58999298717094,14.0,1.0,2.3333333333333335,0.0,1.3117942283563362,13.885416666666666,1.0,1.0,1.2,1.8,45.9,4.407894736842105,63.575,2.526315789473684,0.13815789473684204,1.0,52.4,3.710526315789474,64.5,1.973684210526316,0.1052631578947368,0.0
2025-09-14 16:30:00,CA Osasuna,Rayo Vallecano de Madrid,2,0,False,798,1509.4332465770576,1505.0586937352982,4.374552841759396,13.958333333333334,0.8,0.6,1.4,1.6,13.875,1.2,0.8,1.6,1.2,46.1,4.921052631578948,72.2,2.3157894736842106,0.0,0.0,51.7,4.026315789473684,70.6,2.526315789473684,0.0789473684210526,0.0
2025-09-14 19:00:00,Barcelona,Valencia,6,0,False,799,1693.3780164316913,1502.400639690688,190.97737674100335,13.979166666666666,2.4,1.2,2.0,2.4,14.0,1.0,0.8,1.0,1.2,68.3,2.8421052631578947,63.9,1.6578947368421053,0.0789473684210526,0.0,48.4,3.8947368421052633,63.5,2.263157894736842,0.0263157894736842,0.0
2025-09-15 19:00:00,RCD Espanyol de Barcelona,RCD Mallorca,3,2,False,800,1492.6824607168098,1453.8951851234413,38.78727559336858,14.0,1.4,1.0,2.0,1.2,14.0,0.6,1.6,0.4,1.2,39.8,5.078947368421052,73.6,2.3157894736842106,0.0263157894736842,0.0,46.8,4.342105263157895,73.3,2.131578947368421,0.1578947368421052,0.0
2025-09-19 19:00:00,Real Betis Balompié,Real Sociedad de Fútbol,3,1,False,801,1533.2799919450822,1456.51499365912,76.76499828596229,5.197916666666667,1.2,1.2,1.2,1.8,6.197916666666667,0.8,1.6,0.4,1.8,52.4,3.710526315789474,64.5,1.973684210526316,0.1052631578947368,0.0,53.8,3.736842105263158,67.6,2.236842105263158,0.1052631578947368,0.0
2025-09-20 12:00:00,Girona,Levante UD,0,4,False,802,1416.8853328095186,1426.242804697242,-9.357471887723477,6.0,0.4,3.0,0.2,0.4,5.90625,1.25,2.25,0.25,1.3167082294264338,56.3,4.315789473684211,63.4,2.0,0.0526315789473684,0.0,45.9,4.407894736842105,63.575,2.526315789473684,0.13815789473684204,1.0
2025-09-20 14:15:00,Real Madrid,RCD Espanyol de Barcelona,2,0,False,803,1686.3394759744456,1499.7810179803942,186.55845799405142,7.0,2.0,0.4,3.0,2.0,4.802083333333333,2.0,1.0,2.6,1.8,60.4,3.3157894736842106,69.8,1.5,0.1052631578947368,0.0,39.8,5.078947368421052,73.6,2.3157894736842106,0.0263157894736842,0.0
2025-09-20 16:30:00,Villarreal,CA Osasuna,2,1,False,804,1584.5884201941456,1522.4809576193366,62.107462574809006,6.895833333333333,2.4,1.0,2.0,3.6,6.0,0.8,0.6,1.4,1.6,47.6,4.2105263157894735,68.1,2.526315789473684,0.1052631578947368,0.0,46.1,4.921052631578948,72.2,2.3157894736842106,0.0,0.0
2025-09-20 16:30:00,Deportivo Alavés,Sevilla,1,2,False,805,1491.9467411465437,1452.6189216309513,39.32781951559241,7.0,1.0,0.8,1.6,1.0,7.895833333333333,1.8,2.2,0.8,2.2,45.3,3.473684210526316,63.6,2.8157894736842106,0.131578947368421,0.0,50.5,3.8947368421052633,62.8,2.5789473684210527,0.2105263157894736,0.0
2025-09-20 19:00:00,Valencia,Athletic Club,2,0,False,806,1494.4783192690995,1599.8859451690082,-105.40762589990868,6.0,1.0,1.8,1.0,1.6,7.104166666666667,1.2,1.4,1.8,0.4,48.4,3.8947368421052633,63.5,2.263157894736842,0.0263157894736842,0.0,48.4,2.973684210526316,74.3,1.6842105263157894,0.0789473684210526,0.0
2025-09-21 12:00:00,Rayo Vallecano de Madrid,RC Celta de Vigo,1,1,False,807,1492.0109826930193,1486.169930828134,5.84105186488523,6.8125,0.8,1.0,1.0,1.0,7.0,0.8,1.2,0.8,1.8,51.7,4.026315789473684,70.6,2.526315789473684,0.0789473684210526,0.0,53.6,3.8157894736842106,60.7,2.210526315789474,0.1578947368421052,0.0
2025-09-21 14:15:00,RCD Mallorca,Club Atlético de Madrid,1,1,False,808,1446.796627859857,1601.343808771439,-154.54718091158202,5.802083333333333,0.8,1.8,0.4,0.8,7.802083333333333,1.8,0.8,1.6,1.0,46.8,4.342105263157895,73.3,2.131578947368421,0.1578947368421052,0.0,52.6,3.0526315789473686,74.1,1.973684210526316,0.0789473684210526,0.0
2025-09-21 16:30:00,Elche,Real Oviedo,1,0,False,809,1469.9057827252782,1429.4947502304633,40.41103249481489,8.895833333333334,1.5,1.0,1.5,1.3164400494437578,8.1875,0.25,1.75,0.75,1.3164400494437578,45.9,4.407894736842105,63.575,2.526315789473684,0.13815789473684204,1.0,45.9,4.407894736842105,63.575,2.526315789473684,0.13815789473684204,1.0
2025-09-21 19:00:00,Barcelona,Getafe,3,0,False,810,1701.3003368532798,1483.060988246905,218.23934860637473,7.0,3.2,0.6,2.6,3.4,8.291666666666666,1.4,1.2,1.8,1.6,68.3,2.8421052631578947,63.9,1.6578947368421053,0.0789473684210526,0.0,41.8,3.3157894736842106,69.0,2.8947368421052637,0.1842105263157894,0.0
2025-09-23 17:00:00,RCD Espanyol de Barcelona,Valencia,2,2,False,811,1493.596392443572,1512.6097595169942,-19.01336707342216,3.1145833333333335,1.6,1.4,2.0,1.6,2.9166666666666665,1.2,1.6,1.4,2.2,39.8,5.078947368421052,73.6,2.3157894736842106,0.0263157894736842,0.0,48.4,3.8947368421052633,63.5,2.263157894736842,0.0263157894736842,0.0
2025-09-23 17:00:00,Athletic Club,Girona,1,1,False,812,1581.7545049211135,1395.1578938794994,186.5966110416141,2.9166666666666665,1.2,1.2,1.8,1.0,3.2083333333333335,0.4,3.0,0.2,2.0,48.4,2.973684210526316,74.3,1.6842105263157894,0.0789473684210526,0.0,56.3,4.315789473684211,63.4,2.0,0.0526315789473684,0.0
2025-09-23 19:30:00,Levante UD,Real Madrid,1,4,False,813,1447.9702436272612,1692.5241015112676,-244.55385788400645,3.3125,1.8,1.8,0.8,1.3161131611316113,3.21875,2.0,0.4,3.0,1.0,45.9,4.407894736842105,63.575,2.526315789473684,0.13815789473684204,1.0,60.4,3.3157894736842106,69.8,1.5,0.1052631578947368,0.0
2025-09-23 19:30:00,Sevilla,Villarreal,1,2,False,814,1465.5346062928404,1591.0849025149655,-125.5502962221251,3.125,1.8,1.6,1.4,1.2,3.125,2.0,0.8,2.0,1.6,50.5,3.8947368421052633,62.8,2.5789473684210527,0.2105263157894736,0.0,47.6,4.2105263157894735,68.1,2.526315789473684,0.1052631578947368,0.0
2025-09-24 17:00:00,Getafe,Deportivo Alavés,1,1,False,815,1477.3291152459874,1479.0310564846545,-1.701941238667132,2.9166666666666665,1.2,1.4,1.8,0.8,4.020833333333333,1.0,1.0,1.4,0.6,41.8,3.3157894736842106,69.0,2.8947368421052637,0.1842105263157894,0.0,45.3,3.473684210526316,63.6,2.8157894736842106,0.131578947368421,0.0
2025-09-24 19:30:00,Club Atlético de Madrid,Rayo Vallecano de Madrid,3,2,False,816,1598.8220274727403,1489.999807219543,108.8222202531972,3.21875,1.2,1.0,1.2,2.8,3.3125,1.0,1.2,1.0,1.0,52.6,3.0526315789473686,74.1,1.973684210526316,0.0789473684210526,0.0,51.7,4.026315789473684,70.6,2.526315789473684,0.0789473684210526,0.0
2025-09-24 19:30:00,Real Sociedad de Fútbol,RCD Mallorca,1,0,False,817,1446.5505065284706,1449.3184091585556,-2.7679026300850182,5.020833333333333,1.0,1.8,0.4,1.2,3.21875,1.0,2.0,0.4,1.6,53.8,3.736842105263158,67.6,2.236842105263158,0.1052631578947368,0.0,46.8,4.342105263157895,73.3,2.131578947368421,0.1578947368421052,0.0
2025-09-25 17:30:00,CA Osasuna,Elche,1,1,False,818,1515.9844752985166,1476.9615971446872,39.022878153829424,5.041666666666667,0.8,0.8,1.2,1.6,4.041666666666667,1.4,0.8,1.8,1.3178484107579462,46.1,4.921052631578948,72.2,2.3157894736842106,0.0,0.0,45.9,4.407894736842105,63.575,2.526315789473684,0.13815789473684204,1.0
2025-09-25 19:30:00,Real Oviedo,Barcelona,1,3,False,819,1422.4389358110543,1707.0322098541974,-284.5932740431431,4.125,0.2,1.6,0.6,1.3174603174603174,4.020833333333333,3.2,0.6,2.6,0.6,45.9,4.407894736842105,63.575,2.526315789473684,0.13815789473684204,1.0,68.3,2.8421052631578947,63.9,1.6578947368421053,0.0789473684210526,0.0
2025-09-26 19:00:00,Girona,RCD Espanyol de Barcelona,0,0,False,820,1401.352647243048,1492.2804664532612,-90.9278192102131,3.0833333333333335,0.4,2.6,0.4,0.2,3.0833333333333335,1.6,1.6,1.6,2.0,56.3,4.315789473684211,63.4,2.0,0.0526315789473684,0.0,39.8,5.078947368421052,73.6,2.3157894736842106,0.0263157894736842,0.0
2025-09-27 12:00:00,Getafe,Levante UD,1,1,False,821,1475.5271436441794,1438.7866736161432,36.74047002803627,2.7916666666666665,1.0,1.6,1.4,0.8,3.6875,1.8,2.2,0.8,1.3333333333333333,41.8,3.3157894736842106,69.0,2.8947368421052637,0.1842105263157894,0.0,45.9,4.407894736842105,63.575,2.526315789473684,0.13815789473684204,1.0
2025-09-27 14:15:00,Club Atlético de Madrid,Real Madrid,5,2,False,822,1604.198492430201,1701.7076715223857,-97.5091790921847,2.78125,1.6,1.0,1.8,2.8,3.78125,2.6,0.6,3.0,1.2,52.6,3.0526315789473686,74.1,1.973684210526316,0.0789473684210526,0.0,60.4,3.3157894736842106,69.8,1.5,0.1052631578947368,0.0
2025-09-27 16:30:00,RCD Mallorca,Deportivo Alavés,1,0,False,823,1441.09067983589,1480.8330280864625,-39.742348250572604,2.875,1.0,1.6,0.4,1.0,2.9791666666666665,0.8,1.0,1.0,0.6,46.8,4.342105263157895,73.3,2.131578947368421,0.1578947368421052,0.0,45.3,3.473684210526316,63.6,2.8157894736842106,0.131578947368421,0.0
2025-09-27 19:00:00,Villarreal,Athletic Club,1,0,False,824,1599.3595574471065,1575.5597515575648,23.79980588954163,3.9791666666666665,2.0,1.0,2.0,3.2,4.083333333333333,0.8,1.0,1.4,0.6,47.6,4.2105263157894735,68.1,2.526315789473684,0.1052631578947368,0.0,48.4,2.973684210526316,74.3,1.6842105263157894,0.0789473684210526,0.0
2025-09-28 12:00:00,Rayo Vallecano de Madrid,Sevilla,0,1,False,825,1484.6233422620824,1457.2599513606995,27.3633909013829,3.6875,0.8,1.6,0.4,1.0,4.6875,1.6,1.4,1.4,2.2,51.7,4.026315789473684,70.6,2.526315789473684,0.0789473684210526,0.0,50.5,3.8947368421052633,62.8,2.5789473684210527,0.2105263157894736,0.0
2025-09-28 14:15:00,Elche,RC Celta de Vigo,2,1,False,826,1479.8692489799002,1488.1811063016103,-8.311857321710022,2.8645833333333335,1.4,0.8,1.8,1.3333333333333333,7.09375,1.0,1.0,1.0,1.2,45.9,4.407894736842105,63.575,2.526315789473684,0.13815789473684204,1.0,53.6,3.8157894736842106,60.7,2.210526315789474,0.1578947368421052,0.0
2025-09-28 16:30:00,Barcelona,Real Sociedad de Fútbol,2,1,False,827,1714.1910582062706,1454.7782358511363,259.41282235513427,2.875,3.2,0.8,2.6,3.2,3.875,1.0,1.6,0.8,2.2,68.3,2.8421052631578947,63.9,1.6578947368421053,0.0789473684210526,0.0,53.8,3.736842105263158,67.6,2.236842105263158,0.1052631578947368,0.0
2025-09-28 19:00:00,Real Betis Balompié,CA Osasuna,2,0,False,828,1543.2444790757315,1513.0768234633035,30.167655612428007,9.0,1.6,1.2,1.6,1.4,3.0625,1.0,0.8,1.4,1.2,52.4,3.710526315789474,64.5,1.973684210526316,0.1052631578947368,0.0,46.1,4.921052631578948,72.2,2.3157894736842106,0.0,0.0
2025-09-30 18:00:00,Valencia,Real Oviedo,1,2,False,829,1513.9256855073052,1415.2800874589811,98.64559804832402,7.041666666666667,1.4,1.8,1.4,1.8,4.9375,0.4,1.8,0.6,1.6666666666666667,48.4,3.8947368421052633,63.5,2.263157894736842,0.0263157894736842,0.0,45.9,4.407894736842105,63.575,2.526315789473684,0.13815789473684204,1.0
2025-10-03 19:00:00,CA Osasuna,Getafe,2,1,False,830,1501.1698560042046,1472.6797450463032,28.49011095790138,5.0,0.8,1.2,0.8,1.6,6.291666666666667,0.8,1.6,1.0,1.6,46.1,4.921052631578948,72.2,2.3157894736842106,0.0,0.0,41.8,3.3157894736842106,69.0,2.8947368421052637,0.1842105263157894,0.0
2025-10-04 12:00:00,Real Oviedo,Levante UD,0,2,False,831,1429.670236744386,1441.6340722140194,-11.963835469633295,3.75,0.8,1.4,1.2,0.6666666666666666,7.0,1.6,1.8,1.0,1.25,45.9,4.407894736842105,63.575,2.526315789473684,0.13815789473684204,1.0,45.9,4.407894736842105,63.575,2.526315789473684,0.13815789473684204,1.0
2025-10-04 14:15:00,Girona,Valencia,2,1,False,832,1402.0975276153556,1499.5355362219002,-97.4380086065446,7.802083333333333,0.4,1.6,0.6,0.2,3.84375,1.6,2.0,1.4,2.2,56.3,4.315789473684211,63.4,2.0,0.0526315789473684,0.0,48.4,3.8947368421052633,63.5,2.263157894736842,0.0263157894736842,0.0
2025-10-04 16:30:00,Athletic Club,RCD Mallorca,2,1,False,833,1568.0613787501686,1450.3649841420747,117.6963946080939,6.895833333333333,0.6,1.2,0.8,1.0,7.0,1.0,1.4,0.8,1.6,48.4,2.973684210526316,74.3,1.6842105263157894,0.0789473684210526,0.0,46.8,4.342105263157895,73.3,2.131578947368421,0.1578947368421052,0.0
2025-10-04 19:00:00,Real Madrid,Villarreal,3,1,False,834,1682.5749771379787,1606.8579302545027,75.71704688347609,7.197916666666667,2.4,1.6,2.4,1.8,7.0,1.2,1.0,2.0,1.2,60.4,3.3157894736842106,69.8,1.5,0.1052631578947368,0.0,47.6,4.2105263157894735,68.1,2.526315789473684,0.1052631578947368,0.0
2025-10-05 12:00:00,Deportivo Alavés,Elche,3,1,False,835,1471.5587237802777,1488.2519593387497,-16.693235558471997,7.8125,0.8,1.0,1.0,1.2,6.90625,1.6,0.8,2.2,1.3333333333333333,45.3,3.473684210526316,63.6,2.8157894736842106,0.131578947368421,0.0,45.9,4.407894736842105,63.575,2.526315789473684,0.13815789473684204,1.0
2025-10-05 14:15:00,Sevilla,Barcelona,4,1,False,836,1469.857478483269,1716.867752182496,-247.0102736992269,7.09375,1.6,1.0,2.0,1.0,6.90625,3.0,0.6,2.6,0.8,50.5,3.8947368421052633,62.8,2.5789473684210527,0.2105263157894736,0.0,68.3,2.8421052631578947,63.9,1.6578947368421053,0.0789473684210526,0.0
2025-10-05 16:30:00,RCD Espanyol de Barcelona,Real Betis Balompié,1,2,False,837,1491.5355860809536,1555.1514465348305,-63.61586045387685,8.895833333333334,1.2,1.2,1.6,2.0,6.895833333333333,1.8,1.2,1.6,2.0,39.8,5.078947368421052,73.6,2.3157894736842106,0.0263157894736842,0.0,52.4,3.710526315789474,64.5,1.973684210526316,0.1052631578947368,0.0
2025-10-05 16:30:00,Real Sociedad de Fútbol,Rayo Vallecano de Madrid,0,1,False,838,1452.101541874911,1472.0258151395128,-19.92427326460188,7.0,0.8,1.6,0.6,1.4,7.1875,0.8,1.6,0.4,1.6,53.8,3.736842105263158,67.6,2.236842105263158,0.1052631578947368,0.0,51.7,4.026315789473684,70.6,2.526315789473684,0.0789473684210526,0.0
2025-10-05 19:00:00,RC Celta de Vigo,Club Atlético de Madrid,1,1,False,839,1479.7983959427609,1623.331186814608,-143.53279087184706,7.197916666666667,1.0,1.2,0.8,0.8,8.197916666666666,2.4,1.2,2.2,1.2,53.6,3.8157894736842106,60.7,2.210526315789474,0.1578947368421052,0.0,52.6,3.0526315789473686,74.1,1.973684210526316,0.0789473684210526,0.0
2025-10-17 19:00:00,Real Oviedo,RCD Espanyol de Barcelona,0,2,False,840,1410.9587581157857,1481.4957475531467,-70.53698943736094,13.291666666666666,0.6,1.8,0.6,0.5,12.104166666666666,1.2,1.6,1.0,1.8,45.9,4.407894736842105,63.575,2.526315789473684,0.13815789473684204,1.0,39.8,5.078947368421052,73.6,2.3157894736842106,0.0263157894736842,0.0
2025-10-18 12:00:00,Sevilla,RCD Mallorca,1,3,False,841,1495.769371083989,1445.186950774604,50.58242030938504,12.90625,2.0,1.2,2.0,1.6,13.8125,1.0,1.4,0.8,1.6,50.5,3.8947368421052633,62.8,2.5789473684210527,0.2105263157894736,0.0,46.8,4.342105263157895,73.3,2.131578947368421,0.1578947368421052,0.0
2025-10-18 14:15:00,Barcelona,Girona,2,1,False,842,1690.955859581776,1413.0284651753232,277.9273944064528,13.0,3.0,1.2,2.4,3.4,14.0,0.8,1.4,1.2,2.0,68.3,2.8421052631578947,63.9,1.6578947368421053,0.0789473684210526,0.0,56.3,4.315789473684211,63.4,2.0,0.0526315789473684,0.0
2025-10-18 16:30:00,Villarreal,Real Betis Balompié,2,2,False,843,1596.851713781603,1565.1912850626375,31.660428718965477,13.895833333333334,1.2,1.4,1.8,2.8,13.0,2.0,1.2,2.0,1.8,47.6,4.2105263157894735,68.1,2.526315789473684,0.1052631578947368,0.0,52.4,3.710526315789474,64.5,1.973684210526316,0.1052631578947368,0.0
2025-10-18 19:00:00,Club Atlético de Madrid,CA Osasuna,1,0,False,844,1621.1085560200825,1508.5421129039664,112.56644311611603,13.0,2.4,1.2,2.2,3.0,14.0,1.2,1.2,1.4,1.4,52.6,3.0526315789473686,74.1,1.973684210526316,0.0789473684210526,0.0,46.1,4.921052631578948,72.2,2.3157894736842106,0.0,0.0
2025-10-19 12:00:00,Elche,Athletic Club,0,0,False,845,1474.2468802185847,1573.2394121176394,-98.99253189905471,14.0,1.4,1.4,1.6,1.5,14.0,0.6,1.2,0.8,0.8,45.9,4.407894736842105,63.575,2.526315789473684,0.13815789473684204,1.0,48.4,2.973684210526316,74.3,1.6842105263157894,0.0789473684210526,0.0
2025-10-19 14:15:00,RC Celta de Vigo,Real Sociedad de Fútbol,1,1,False,846,1482.0210267372863,1440.811388698396,41.20963803889026,13.802083333333334,1.0,1.2,0.8,0.8,13.90625,0.8,1.6,0.6,1.8,53.6,3.8157894736842106,60.7,2.210526315789474,0.1578947368421052,0.0,53.8,3.736842105263158,67.6,2.236842105263158,0.1052631578947368,0.0
2025-10-19 16:30:00,Levante UD,Rayo Vallecano de Madrid,0,3,False,847,1460.3455508426198,1483.3159683160277,-22.970417473407906,14.0,2.0,1.4,1.6,1.6666666666666667,14.0,0.8,1.4,0.8,1.4,45.9,4.407894736842105,63.575,2.526315789473684,0.13815789473684204,1.0,51.7,4.026315789473684,70.6,2.526315789473684,0.0789473684210526,0.0
2025-10-19 19:00:00,Getafe,Real Madrid,0,1,False,848,1465.3074881465413,1692.5811936108785,-227.27370546433713,14.0,1.0,1.4,1.0,1.0,14.0,2.6,1.6,2.4,1.4,41.8,3.3157894736842106,69.0,2.8947368421052637,0.1842105263157894,0.0,60.4,3.3157894736842106,69.8,1.5,0.1052631578947368,0.0
2025-10-20 19:00:00,Deportivo Alavés,Valencia,0,0,False,849,1485.5638029004426,1488.6045986619326,-3.040795761490017,14.0,1.2,1.0,1.4,1.6,14.0,1.2,2.4,0.8,2.4,45.3,3.473684210526316,63.6,2.8157894736842106,0.131578947368421,0.0,48.4,3.8947368421052633,63.5,2.263157894736842,0.0263157894736842,0.0
2025-10-24 19:00:00,Real Sociedad de Fútbol,Sevilla,2,1,False,850,1443.7765533055365,1474.3044131145011,-30.52785980896465,5.197916666666667,0.8,1.4,0.8,1.4,6.291666666666667,1.8,1.4,1.8,1.6,53.8,3.736842105263158,67.6,2.236842105263158,0.1052631578947368,0.0,50.5,3.8947368421052633,62.8,2.5789473684210527,0.2105263157894736,0.0
2025-10-25 12:00:00,Girona,Real Oviedo,3,3,False,851,1410.589371696418,1394.9677081644213,15.621663531996774,6.90625,0.8,1.6,1.0,0.6,7.708333333333333,0.6,1.8,0.6,1.5,56.3,4.315789473684211,63.4,2.0,0.0526315789473684,0.0,45.9,4.407894736842105,63.575,2.526315789473684,0.13815789473684204,1.0
2025-10-25 14:15:00,RCD Espanyol de Barcelona,Elche,1,0,False,852,1497.486797504511,1475.2221540315109,22.264643473000206,7.802083333333333,1.0,1.2,1.0,1.8,6.09375,1.0,1.0,1.6,1.75,39.8,5.078947368421052,73.6,2.3157894736842106,0.0263157894736842,0.0,45.9,4.407894736842105,63.575,2.526315789473684,0.13815789473684204,1.0
2025-10-25 16:30:00,Athletic Club,Getafe,0,1,False,853,1572.2641383047132,1459.6657063482796,112.59843195643361,6.1875,0.6,1.0,1.0,1.4,5.895833333333333,0.6,1.6,0.4,1.8,48.4,2.973684210526316,74.3,1.6842105263157894,0.0789473684210526,0.0,41.8,3.3157894736842106,69.0,2.8947368421052637,0.1842105263157894,0.0
2025-10-25 19:00:00,Valencia,Villarreal,0,2,False,854,1490.3692604912142,1594.139227928425,-103.76996743721088,5.0,1.2,1.2,1.0,1.4,7.104166666666667,1.6,1.4,2.0,1.8,48.4,3.8947368421052633,63.5,2.263157894736842,0.0263157894736842,0.0,47.6,4.2105263157894735,68.1,2.526315789473684,0.1052631578947368,0.0
2025-10-26 13:00:00,RCD Mallorca,Levante UD,1,1,False,855,1466.6519087440918,1440.7388272949706,25.913081449121137,8.041666666666666,1.2,1.0,1.4,0.8,6.854166666666667,1.6,1.6,1.4,1.0,46.8,4.342105263157895,73.3,2.131578947368421,0.1578947368421052,0.0,45.9,4.407894736842105,63.575,2.526315789473684,0.13815789473684204,1.0
2025-10-26 15:15:00,Real Madrid,Barcelona,2,1,False,856,1698.2229754091402,1693.394953060681,4.8280223484591716,6.84375,2.4,1.4,2.4,2.0,8.041666666666666,2.2,1.4,2.4,1.6,60.4,3.3157894736842106,69.8,1.5,0.1052631578947368,0.0,68.3,2.8421052631578947,63.9,1.6578947368421053,0.0789473684210526,0.0
2025-10-26 17:30:00,CA Osasuna,RC Celta de Vigo,2,3,False,857,1503.249954489892,1479.055862130146,24.194092359746037,7.9375,0.8,1.4,0.8,1.6,7.135416666666667,1.0,1.2,0.8,1.0,46.1,4.921052631578948,72.2,2.3157894736842106,0.0,0.0,53.6,3.8157894736842106,60.7,2.210526315789474,0.1578947368421052,0.0
2025-10-26 20:00:00,Rayo Vallecano de Madrid,Deportivo Alavés,1,0,False,858,1502.9226918636768,1483.799141071161,19.123550792515744,7.145833333333333,1.4,1.0,1.4,0.8,6.041666666666667,1.0,1.0,1.0,0.6,51.7,4.026315789473684,70.6,2.526315789473684,0.0789473684210526,0.0,45.3,3.473684210526316,63.6,2.8157894736842106,0.131578947368421,0.0
2025-10-27 20:00:00,Real Betis Balompié,Club Atlético de Madrid,0,2,False,859,1567.9037709158154,1626.400714434157,-58.496943518341595,9.145833333333334,2.2,1.2,2.2,1.6,9.041666666666666,2.2,1.2,2.2,1.0,52.4,3.710526315789474,64.5,1.973684210526316,0.1052631578947368,0.0,52.6,3.0526315789473686,74.1,1.973684210526316,0.0789473684210526,0.0
2025-10-31 20:00:00,Getafe,Girona,2,1,False,860,1474.374264551279,1408.3096653802422,66.06459917103689,6.145833333333333,0.8,1.0,1.0,1.0,6.333333333333333,1.4,1.4,1.2,2.4,41.8,3.3157894736842106,69.0,2.8947368421052637,0.1842105263157894,0.0,56.3,4.315789473684211,63.4,2.0,0.0526315789473684,0.0
2025-11-01 13:00:00,Villarreal,Rayo Vallecano de Madrid,4,0,False,861,1608.5833969549312,1510.5476536524122,98.035743302519,6.75,1.6,1.2,2.0,2.4,5.708333333333333,1.4,0.8,1.8,1.2,47.6,4.2105263157894735,68.1,2.526315789473684,0.1052631578947368,0.0,51.7,4.026315789473684,70.6,2.526315789473684,0.0789473684210526,0.0
2025-11-01 15:15:00,Club Atlético de Madrid,Sevilla,3,0,False,862,1642.9548350636035,1465.293358014275,177.66147704932837,4.802083333333333,2.4,1.0,2.6,2.4,7.84375,1.6,1.6,1.2,1.2,52.6,3.0526315789473686,74.1,1.973684210526316,0.0789473684210526,0.0,50.5,3.8947368421052633,62.8,2.5789473684210527,0.2105263157894736,0.0
2025-11-01 17:30:00,Real Sociedad de Fútbol,Athletic Club,3,2,False,863,1452.7876084057625,1557.5555801017138,-104.76797169595125,7.9375,1.0,1.0,1.4,1.2,7.041666666666667,0.6,0.8,1.0,0.8,53.8,3.736842105263158,67.6,2.236842105263158,0.1052631578947368,0.0,48.4,2.973684210526316,74.3,1.6842105263157894,0.0789473684210526,0.0
2025-11-01 20:00:00,Real Madrid,Valencia,4,0,False,864,1706.239794242002,1475.925091464708,230.3147027772941,6.197916666666667,2.4,1.6,2.4,2.0,7.041666666666667,0.8,1.6,0.4,2.2,60.4,3.3157894736842106,69.8,1.5,0.1052631578947368,0.0,48.4,3.8947368421052633,63.5,2.263157894736842,0.0263157894736842,0.0
2025-11-02 13:00:00,Levante UD,RC Celta de Vigo,1,2,False,865,1443.2973856080157,1491.5681245723192,-48.27073896430352,7.0,1.0,1.8,1.0,1.25,6.8125,1.4,1.4,1.2,1.4,45.9,4.407894736842105,63.575,2.526315789473684,0.13815789473684204,1.0,53.6,3.8157894736842106,60.7,2.210526315789474,0.1578947368421052,0.0
2025-11-02 15:15:00,Deportivo Alavés,RCD Espanyol de Barcelona,2,1,False,866,1476.1741792824257,1505.0266362114014,-28.8524569289757,6.802083333333333,0.8,0.8,1.0,1.4,8.041666666666666,1.2,0.8,1.6,1.2,45.3,3.473684210526316,63.6,2.8157894736842106,0.131578947368421,0.0,39.8,5.078947368421052,73.6,2.3157894736842106,0.0263157894736842,0.0
2025-11-02 17:30:00,Barcelona,Elche,3,1,False,867,1685.3781342278191,1467.6823153246205,217.69581890319864,7.09375,1.8,1.8,1.8,3.0,8.135416666666666,0.8,1.2,1.0,1.6,68.3,2.8421052631578947,63.9,1.6578947368421053,0.0789473684210526,0.0,45.9,4.407894736842105,63.575,2.526315789473684,0.13815789473684204,1.0
2025-11-02 20:00:00,Real Betis Balompié,RCD Mallorca,3,0,False,868,1551.3496502863688,1464.0933504310467,87.25629985532214,6.0,1.8,1.2,2.0,1.4,7.291666666666667,1.2,1.0,1.4,1.8,52.4,3.710526315789474,64.5,1.973684210526316,0.1052631578947368,0.0,46.8,4.342105263157895,73.3,2.131578947368421,0.1578947368421052,0.0
2025-11-03 20:00:00,Real Oviedo,CA Osasuna,0,0,False,869,1397.2474144805972,1490.7376920477186,-93.49027756712144,9.333333333333334,1.2,2.2,0.8,0.4,8.104166666666666,1.0,1.6,0.8,1.4,45.9,4.407894736842105,63.575,2.526315789473684,0.13815789473684204,1.0,46.1,4.921052631578948,72.2,2.3157894736842106,0.0,0.0
2025-11-07 20:00:00,Elche,Real Sociedad de Fútbol,1,1,False,870,1462.345921447092,1463.9272500089737,-1.581328561881719,5.104166666666667,0.8,1.6,0.8,1.2,6.104166666666667,1.4,1.4,1.4,1.6,45.9,4.407894736842105,63.575,2.526315789473684,0.13815789473684204,1.0,53.8,3.736842105263158,67.6,2.236842105263158,0.1052631578947368,0.0
2025-11-08 13:00:00,Girona,Deportivo Alavés,1,0,False,871,1401.9126969439158,1485.1375071586385,-83.22481021472277,7.708333333333333,1.4,1.6,1.0,1.0,5.90625,1.0,0.8,1.4,0.8,56.3,4.315789473684211,63.4,2.0,0.0526315789473684,0.0,45.3,3.473684210526316,63.6,2.8157894736842106,0.131578947368421,0.0
2025-11-08 15:15:00,Sevilla,CA Osasuna,1,0,False,872,1458.3524034732454,1489.9195090138148,-31.5671055405694,7.0,1.4,1.8,1.2,1.8,4.802083333333333,0.8,1.4,0.8,1.2,50.5,3.8947368421052633,62.8,2.5789473684210527,0.2105263157894736,0.0,46.1,4.921052631578948,72.2,2.3157894736842106,0.0,0.0
2025-11-08 17:30:00,Club Atlético de Madrid,Levante UD,3,1,False,873,1649.8957896046331,1432.8162505474304,217.07953905720274,7.09375,2.4,0.6,2.6,2.8,6.1875,1.0,1.4,1.0,0.8,52.6,3.0526315789473686,74.1,1.973684210526316,0.0789473684210526,0.0,45.9,4.407894736842105,63.575,2.526315789473684,0.13815789473684204,1.0
2025-11-08 20:00:00,RCD Espanyol de Barcelona,Villarreal,0,2,False,874,1496.0633083351886,1619.1284561876316,-123.06514785244303,6.197916666666667,1.0,0.8,1.4,1.6,7.291666666666667,2.0,1.0,2.0,1.4,39.8,5.078947368421052,73.6,2.3157894736842106,0.0263157894736842,0.0,47.6,4.2105263157894735,68.1,2.526315789473684,0.1052631578947368,0.0
2025-11-09 13:00:00,Athletic Club,Real Oviedo,1,0,False,875,1546.4159384985026,1398.065597514501,148.3503409840016,7.8125,0.8,1.2,0.8,0.8,5.708333333333333,1.0,1.6,1.0,1.8,48.4,2.973684210526316,74.3,1.6842105263157894,0.0789473684210526,0.0,45.9,4.407894736842105,63.575,2.526315789473684,0.13815789473684204,1.0
2025-11-09 15:15:00,Rayo Vallecano de Madrid,Real Madrid,0,0,False,876,1500.0025944197118,1712.0323980150672,-212.02980359535536,8.09375,1.0,1.0,1.8,0.6,7.802083333333333,2.4,1.4,2.4,1.4,51.7,4.026315789473684,70.6,2.526315789473684,0.0789473684210526,0.0,60.4,3.3157894736842106,69.8,1.5,0.1052631578947368,0.0
2025-11-09 17:30:00,RCD Mallorca,Getafe,1,0,False,877,1453.8064176697849,1480.7712329876056,-26.964815317820694,6.895833333333333,1.2,1.4,1.4,0.8,8.895833333333334,1.0,1.0,1.4,1.8,46.8,4.342105263157895,73.3,2.131578947368421,0.1578947368421052,0.0,41.8,3.3157894736842106,69.0,2.8947368421052637,0.1842105263157894,0.0
2025-11-09 17:30:00,Valencia,Real Betis Balompié,1,1,False,878,1470.1324876916428,1561.6365830476307,-91.50409535598783,7.895833333333333,0.4,2.0,0.2,1.4,6.895833333333333,1.8,1.0,2.0,1.4,48.4,3.8947368421052633,63.5,2.263157894736842,0.0263157894736842,0.0,52.4,3.710526315789474,64.5,1.973684210526316,0.1052631578947368,0.0
2025-11-09 20:00:00,RC Celta de Vigo,Barcelona,2,4,False,879,1502.0492596329045,1690.7145281053477,-188.66526847244313,7.291666666666667,1.6,1.4,1.6,1.0,7.104166666666667,1.8,1.8,1.8,2.0,53.6,3.8157894736842106,60.7,2.210526315789474,0.1578947368421052,0.0,68.3,2.8421052631578947,63.9,1.6578947368421053,0.0789473684210526,0.0
2025-11-21 20:00:00,Valencia,Levante UD,1,0,False,880,1470.893860541967,1427.4640149318495,43.429845610117354,12.104166666666666,0.4,1.8,0.4,1.4,13.104166666666666,1.0,1.8,0.8,1.0,48.4,3.8947368421052633,63.5,2.263157894736842,0.0263157894736842,0.0,45.9,4.407894736842105,63.575,2.526315789473684,0.13815789473684204,1.0
2025-11-22 13:00:00,Deportivo Alavés,RC Celta de Vigo,0,1,False,881,1474.6134355362342,1491.3507544600823,-16.73731892384808,14.0,1.0,0.8,1.4,1.4,12.708333333333334,1.8,1.8,1.6,1.4,45.3,3.473684210526316,63.6,2.8157894736842106,0.131578947368421,0.0,53.6,3.8157894736842106,60.7,2.210526315789474,0.1578947368421052,0.0
2025-11-22 15:15:00,Barcelona,Athletic Club,4,0,False,882,1701.41303327817,1550.9460696817982,150.46696359637167,12.802083333333334,2.2,2.0,1.8,3.2,13.09375,1.0,1.0,1.4,1.4,68.3,2.8421052631578947,63.9,1.6578947368421053,0.0789473684210526,0.0,48.4,2.973684210526316,74.3,1.6842105263157894,0.0789473684210526,0.0
2025-11-22 17:30:00,CA Osasuna,Real Sociedad de Fútbol,1,3,False,883,1480.8788258829427,1465.7325801889233,15.146245694019399,14.0,0.8,1.2,0.8,1.6,14.0,1.4,1.2,1.6,1.6,46.1,4.921052631578948,72.2,2.3157894736842106,0.0,0.0,53.8,3.736842105263158,67.6,2.236842105263158,0.1052631578947368,0.0
2025-11-22 20:00:00,Villarreal,RCD Mallorca,2,1,False,884,1632.6876813334748,1462.716029522165,169.9716518113098,14.0,2.2,1.0,2.0,2.8,13.104166666666666,1.2,1.4,1.4,2.0,47.6,4.2105263157894735,68.1,2.526315789473684,0.1052631578947368,0.0,46.8,4.342105263157895,73.3,2.131578947368421,0.1578947368421052,0.0
2025-11-23 13:00:00,Real Oviedo,Rayo Vallecano de Madrid,0,0,False,885,1393.5354663312053,1503.9987033423592,-110.46323701115398,14.0,0.6,1.6,0.4,0.4,13.90625,1.0,0.8,2.0,1.8,45.9,4.407894736842105,63.575,2.526315789473684,0.13815789473684204,1.0,51.7,4.026315789473684,70.6,2.526315789473684,0.0789473684210526,0.0
2025-11-23 15:15:00,Real Betis Balompié,Girona,1,1,False,886,1560.8752101973066,1412.43676856632,148.43844163098652,13.90625,1.6,1.2,1.6,1.8,14.0,1.6,1.6,1.4,2.2,52.4,3.710526315789474,64.5,1.973684210526316,0.1052631578947368,0.0,56.3,4.315789473684211,63.4,2.0,0.0526315789473684,0.0
2025-11-23 17:30:00,Getafe,Club Atlético de Madrid,0,1,False,887,1471.8616211352255,1655.248025220214,-183.3864040849885,14.0,0.8,1.0,1.2,1.2,14.0,2.0,0.4,2.6,1.0,41.8,3.3157894736842106,69.0,2.8947368421052637,0.1842105263157894,0.0,52.6,3.0526315789473686,74.1,1.973684210526316,0.0789473684210526,0.0
2025-11-23 20:00:00,Elche,Real Madrid,2,2,False,888,1460.5405912671424,1708.0362890924198,-247.49569782527738,14.0,0.6,1.6,0.4,1.2,14.0,2.0,0.4,2.6,1.4,45.9,4.407894736842105,63.575,2.526315789473684,0.13815789473684204,1.0,60.4,3.3157894736842106,69.8,1.5,0.1052631578947368,0.0
2025-11-24 20:00:00,RCD Espanyol de Barcelona,Sevilla,2,1,False,889,1482.5040831893455,1467.3930866041176,15.110996585227895,14.0,1.0,1.2,1.2,1.4,14.0,1.4,1.8,1.2,1.2,39.8,5.078947368421052,73.6,2.3157894736842106,0.0263157894736842,0.0,50.5,3.8947368421052633,62.8,2.5789473684210527,0.2105263157894736,0.0
2025-11-28 20:00:00,Getafe,Elche,1,0,False,890,1465.1430307833293,1465.3581232662461,-0.21509248291681615,5.104166666666667,0.6,0.8,1.2,0.8,5.0,0.8,1.4,0.6,2.0,41.8,3.3157894736842106,69.0,2.8947368421052637,0.1842105263157894,0.0,45.9,4.407894736842105,63.575,2.526315789473684,0.13815789473684204,1.0
2025-11-29 13:00:00,RCD Mallorca,CA Osasuna,2,2,False,891,1458.6071350903349,1460.945389962326,-2.3382548719912393,6.708333333333333,1.2,1.4,1.4,1.0,6.8125,0.6,1.6,0.2,1.2,46.8,4.342105263157895,73.3,2.131578947368421,0.1578947368421052,0.0,46.1,4.921052631578948,72.2,2.3157894736842106,0.0,0.0
2025-11-29 15:15:00,Barcelona,Deportivo Alavés,3,1,False,892,1709.8272449063184,1463.2331903914564,246.5940545148619,7.0,2.8,1.2,2.4,2.8,7.09375,0.4,0.8,0.8,0.8,68.3,2.8421052631578947,63.9,1.6578947368421053,0.0789473684210526,0.0,45.3,3.473684210526316,63.6,2.8157894736842106,0.131578947368421,0.0
2025-11-29 17:30:00,Levante UD,Athletic Club,0,2,False,893,1420.4873527751488,1542.5318580536498,-122.04450527850099,7.895833333333333,0.6,2.0,0.2,1.2,7.09375,0.6,1.6,0.8,2.0,45.9,4.407894736842105,63.575,2.526315789473684,0.13815789473684204,1.0,48.4,2.973684210526316,74.3,1.6842105263157894,0.0789473684210526,0.0
2025-11-29 20:00:00,Club Atlético de Madrid,Real Oviedo,2,0,False,894,1661.9666155721102,1394.836585718964,267.1300298531462,6.104166666666667,2.0,0.2,3.0,3.0,6.291666666666667,0.6,1.2,0.6,1.6,52.6,3.0526315789473686,74.1,1.973684210526316,0.0789473684210526,0.0,45.9,4.407894736842105,63.575,2.526315789473684,0.13815789473684204,1.0
2025-11-30 13:00:00,Real Sociedad de Fútbol,Villarreal,2,3,False,895,1485.66601610954,1636.7965757653049,-151.13055965576496,7.8125,2.0,1.2,2.2,1.4,7.708333333333333,2.4,0.6,2.6,1.2,53.8,3.736842105263158,67.6,2.236842105263158,0.1052631578947368,0.0,47.6,4.2105263157894735,68.1,2.526315789473684,0.1052631578947368,0.0
2025-11-30 15:15:00,Sevilla,Real Betis Balompié,0,2,False,896,1459.658853956659,1555.403564566607,-95.74471060994802,5.802083333333333,0.8,2.0,0.6,1.8,7.0,1.4,1.2,1.2,1.4,50.5,3.8947368421052633,62.8,2.5789473684210527,0.2105263157894736,0.0,52.4,3.710526315789474,64.5,1.973684210526316,0.1052631578947368,0.0
2025-11-30 17:30:00,RC Celta de Vigo,RCD Espanyol de Barcelona,0,1,False,897,1502.73099960486,1490.238315836804,12.49268376805594,8.1875,1.8,1.6,2.0,1.2,5.895833333333333,1.2,1.0,1.8,1.2,53.6,3.8157894736842106,60.7,2.210526315789474,0.1578947368421052,0.0,39.8,5.078947368421052,73.6,2.3157894736842106,0.0263157894736842,0.0
2025-11-30 20:00:00,Girona,Real Madrid,1,1,False,898,1417.9084141970197,1703.218757093316,-285.31034289629633,7.197916666666667,1.4,1.6,1.0,1.2,7.0,1.8,0.6,2.2,1.6,56.3,4.315789473684211,63.4,2.0,0.0526315789473684,0.0,60.4,3.3157894736842106,69.8,1.5,0.1052631578947368,0.0
2025-12-01 20:00:00,Rayo Vallecano de Madrid,Valencia,1,1,False,899,1502.6975839546005,1477.8705226986676,24.827061255932904,8.291666666666666,0.8,0.8,1.6,0.6,10.0,0.4,1.4,1.0,2.8,51.7,4.026315789473684,70.6,2.526315789473684,0.0789473684210526,0.0,48.4,3.8947368421052633,63.5,2.263157894736842,0.0263157894736842,0.0
2025-12-02 20:00:00,Barcelona,Club Atlético de Madrid,3,1,False,900,1714.4624661004289,1666.1515822338658,48.31088386656302,3.1979166666666665,3.0,1.2,2.4,2.8,3.0,2.2,0.2,3.0,0.6,68.3,2.8421052631578947,63.9,1.6578947368421053,0.0789473684210526,0.0,52.6,3.0526315789473686,74.1,1.973684210526316,0.0789473684210526,0.0
2025-12-03 18:00:00,Athletic Club,Real Madrid,0,3,False,901,1556.1375335170185,1697.61003948421,-141.4725059671914,4.020833333333333,1.0,1.6,1.2,0.8,2.9166666666666665,1.8,0.8,1.8,1.6,48.4,2.973684210526316,74.3,1.6842105263157894,0.0789473684210526,0.0,60.4,3.3157894736842106,69.8,1.5,0.1052631578947368,0.0
2025-12-05 20:00:00,Real Oviedo,RCD Mallorca,0,0,False,902,1390.6516190572083,1456.822889204209,-66.17127014700077,6.0,0.6,1.2,0.6,0.2,6.291666666666667,1.0,1.6,1.0,1.8,45.9,4.407894736842105,63.575,2.526315789473684,0.13815789473684204,1.0,46.8,4.342105263157895,73.3,2.131578947368421,0.1578947368421052,0.0
2025-12-06 13:00:00,Villarreal,Getafe,2,0,False,903,1644.367104969433,1473.2996859873297,171.0674189821034,6.0,2.6,0.6,3.0,2.2,7.708333333333333,0.8,0.6,1.8,1.8,47.6,4.2105263157894735,68.1,2.526315789473684,0.1052631578947368,0.0,41.8,3.3157894736842106,69.0,2.8947368421052637,0.1842105263157894,0.0
2025-12-06 15:15:00,Deportivo Alavés,Real Sociedad de Fútbol,1,0,False,904,1458.597969197346,1478.0954869054117,-19.497517708065743,7.0,0.6,1.4,0.6,1.2,6.09375,2.2,1.6,2.0,1.6,45.3,3.473684210526316,63.6,2.8157894736842106,0.131578947368421,0.0,53.8,3.736842105263158,67.6,2.236842105263158,0.1052631578947368,0.0
2025-12-06 17:30:00,Real Betis Balompié,Barcelona,3,5,False,905,1570.21933736494,1725.593007843343,-155.37367047840303,6.09375,1.4,0.8,1.6,1.8,3.8958333333333335,3.4,1.0,3.0,2.0,52.4,3.710526315789474,64.5,1.973684210526316,0.1052631578947368,0.0,68.3,2.8421052631578947,63.9,1.6578947368421053,0.0789473684210526,0.0
2025-12-06 20:00:00,Athletic Club,Club Atlético de Madrid,1,0,False,906,1542.4283603402412,1655.0210404909517,-112.59268015071052,3.0833333333333335,1.0,2.0,1.2,0.8,4.0,2.0,0.8,2.4,1.0,48.4,2.973684210526316,74.3,1.6842105263157894,0.0789473684210526,0.0,52.6,3.0526315789473686,74.1,1.973684210526316,0.0789473684210526,0.0
2025-12-07 13:00:00,Elche,Girona,3,0,False,907,1457.2014680622458,1423.517131806126,33.68433625611988,8.708333333333334,0.8,1.6,0.4,1.2,6.708333333333333,1.4,1.4,1.2,1.4,45.9,4.407894736842105,63.575,2.526315789473684,0.13815789473684204,1.0,56.3,4.315789473684211,63.4,2.0,0.0526315789473684,0.0
2025-12-07 15:15:00,Valencia,Sevilla,1,1,False,908,1480.399845780986,1444.843081158326,35.55676462266001,5.802083333333333,0.6,1.6,1.0,1.0,7.0,0.6,1.8,0.6,1.6,48.4,3.8947368421052633,63.5,2.263157894736842,0.0263157894736842,0.0,50.5,3.8947368421052633,62.8,2.5789473684210527,0.2105263157894736,0.0
2025-12-07 17:30:00,RCD Espanyol de Barcelona,Rayo Vallecano de Madrid,1,0,False,909,1502.4324699783124,1500.1682608722822,2.2642091060301937,7.0,1.0,1.0,1.8,1.2,5.895833333333333,0.4,1.0,1.2,1.4,39.8,5.078947368421052,73.6,2.3157894736842106,0.0263157894736842,0.0,51.7,4.026315789473684,70.6,2.526315789473684,0.0789473684210526,0.0
2025-12-07 20:00:00,Real Madrid,RC Celta de Vigo,0,2,False,910,1711.3192126609872,1490.5368454633517,220.7823671976355,4.083333333333333,2.0,0.6,1.8,2.6,7.104166666666667,1.6,1.6,1.8,1.2,60.4,3.3157894736842106,69.8,1.5,0.1052631578947368,0.0,53.6,3.8157894736842106,60.7,2.210526315789474,0.1578947368421052,0.0
2025-12-08 20:00:00,CA Osasuna,Levante UD,2,0,False,911,1462.7296358484518,1406.88167731178,55.84795853667174,9.291666666666666,1.0,1.8,0.4,1.6,9.104166666666666,0.6,1.8,0.2,1.2,46.1,4.921052631578948,72.2,2.3157894736842106,0.0,0.0,45.9,4.407894736842105,63.575,2.526315789473684,0.13815789473684204,1.0
2025-12-12 20:00:00,Real Sociedad de Fútbol,Girona,1,2,False,912,1469.3977167242049,1410.8582738045984,58.53944291960647,6.197916666666667,1.8,1.6,1.4,1.6,5.291666666666667,0.8,1.4,1.0,1.8,53.8,3.736842105263158,67.6,2.236842105263158,0.1052631578947368,0.0,56.3,4.315789473684211,63.4,2.0,0.0526315789473684,0.0
2025-12-13 13:00:00,Club Atlético de Madrid,Valencia,2,1,False,913,1643.6597171575556,1477.5837849746451,166.0759321829105,6.708333333333333,1.4,1.0,1.8,2.8,5.90625,0.8,1.4,1.2,1.8,52.6,3.0526315789473686,74.1,1.973684210526316,0.0789473684210526,0.0,48.4,3.8947368421052633,63.5,2.263157894736842,0.0263157894736842,0.0
2025-12-13 15:15:00,RCD Mallorca,Elche,3,1,False,914,1456.7891774671648,1469.8603260637733,-13.07114859660851,7.802083333333333,0.8,1.4,1.0,1.2,6.09375,1.4,1.4,1.0,1.8,46.8,4.342105263157895,73.3,2.131578947368421,0.1578947368421052,0.0,45.9,4.407894736842105,63.575,2.526315789473684,0.13815789473684204,1.0
2025-12-13 17:30:00,Barcelona,CA Osasuna,2,0,False,915,1737.7089373241622,1473.5448519592615,264.16408536490076,7.0,3.8,1.4,3.0,3.0,4.895833333333333,1.0,1.2,1.0,1.2,68.3,2.8421052631578947,63.9,1.6578947368421053,0.0789473684210526,0.0,46.1,4.921052631578948,72.2,2.3157894736842106,0.0,0.0
2025-12-13 20:00:00,Getafe,RCD Espanyol de Barcelona,0,1,False,916,1466.6561342570026,1510.5202816294384,-43.86414737243581,7.291666666666667,0.6,1.0,1.2,0.8,6.104166666666667,1.0,1.0,1.8,0.8,41.8,3.3157894736842106,69.0,2.8947368421052637,0.1842105263157894,0.0,39.8,5.078947368421052,73.6,2.3157894736842106,0.0263157894736842,0.0
2025-12-14 13:00:00,Sevilla,Real Oviedo,4,0,False,917,1447.6591419646668,1390.6853307942526,56.97381117041414,6.90625,0.6,1.6,0.8,1.4,8.708333333333334,0.0,0.6,0.6,1.6,50.5,3.8947368421052633,62.8,2.5789473684210527,0.2105263157894736,0.0,45.9,4.407894736842105,63.575,2.526315789473684,0.13815789473684204,1.0
2025-12-14 15:15:00,RC Celta de Vigo,Athletic Club,2,0,False,918,1517.779226125595,1553.7896836736372,-36.01045754804227,6.802083333333333,1.4,1.2,1.8,1.0,7.802083333333333,0.8,1.4,1.8,1.6,53.6,3.8157894736842106,60.7,2.210526315789474,0.1578947368421052,0.0,48.4,2.973684210526316,74.3,1.6842105263157894,0.0789473684210526,0.0
2025-12-14 20:00:00,Deportivo Alavés,Real Madrid,1,2,False,919,1467.2957393785528,1684.076831998744,-216.7810926201912,8.197916666666666,0.8,1.2,1.2,1.2,7.0,1.2,1.0,1.2,0.6,45.3,3.473684210526316,63.6,2.8157894736842106,0.131578947368421,0.0,60.4,3.3157894736842106,69.8,1.5,0.1052631578947368,0.0
2025-12-15 20:00:00,Rayo Vallecano de Madrid,Real Betis Balompié,0,0,False,920,1492.0804492211562,1558.1034078841208,-66.02295866296458,8.104166666666666,0.2,1.2,0.6,0.6,9.104166666666666,2.0,1.4,1.6,1.2,51.7,4.026315789473684,70.6,2.526315789473684,0.0789473684210526,0.0,52.4,3.710526315789474,64.5,1.973684210526316,0.1052631578947368,0.0
2025-12-19 20:00:00,Valencia,RCD Mallorca,1,1,False,921,1473.401193094908,1470.6283252136466,2.7728678812613907,6.291666666666667,1.0,1.0,1.2,0.8,6.197916666666667,1.4,1.0,1.6,1.6,48.4,3.8947368421052633,63.5,2.263157894736842,0.0263157894736842,0.0,46.8,4.342105263157895,73.3,2.131578947368421,0.1578947368421052,0.0
2025-12-20 13:00:00,Real Oviedo,RC Celta de Vigo,0,0,False,922,1378.2601391775245,1532.6764865093824,-154.41634733185788,6.0,0.0,1.4,0.4,0.0,5.90625,1.4,1.0,1.8,1.0,45.9,4.407894736842105,63.575,2.526315789473684,0.13815789473684204,1.0,53.6,3.8157894736842106,60.7,2.210526315789474,0.1578947368421052,0.0
2025-12-20 15:15:00,Levante UD,Real Sociedad de Fútbol,1,1,False,923,1396.0664612009705,1455.9846114852794,-59.91815028430892,11.802083333333334,0.4,2.0,0.0,0.8,7.802083333333333,1.4,1.6,0.8,1.2,45.9,4.407894736842105,63.575,2.526315789473684,0.13815789473684204,1.0,53.8,3.736842105263158,67.6,2.236842105263158,0.1052631578947368,0.0
2025-12-20 17:30:00,CA Osasuna,Deportivo Alavés,3,0,False,924,1469.2972390285772,1461.4061317855094,7.891107243067836,7.0,1.0,1.6,0.8,1.6,5.895833333333333,0.6,1.4,0.6,1.4,46.1,4.921052631578948,72.2,2.3157894736842106,0.0,0.0,45.3,3.473684210526316,63.6,2.8157894736842106,0.131578947368421,0.0
2025-12-20 20:00:00,Real Madrid,Sevilla,2,0,False,925,1689.9664395917873,1460.084333581395,229.88210601039236,6.0,1.6,1.2,1.6,2.2,6.291666666666667,1.4,1.0,1.4,1.6,60.4,3.3157894736842106,69.8,1.5,0.1052631578947368,0.0,50.5,3.8947368421052633,62.8,2.5789473684210527,0.2105263157894736,0.0
2025-12-21 13:00:00,Girona,Club Atlético de Madrid,0,3,False,926,1424.271379043524,1647.8423090372928,-223.5709299937689,8.708333333333334,1.0,1.2,1.6,1.4,8.0,1.2,1.0,1.8,1.0,56.3,4.315789473684211,63.4,2.0,0.0526315789473684,0.0,52.6,3.0526315789473686,74.1,1.973684210526316,0.0789473684210526,0.0
2025-12-21 15:15:00,Villarreal,Barcelona,0,2,False,927,1651.0106566997601,1741.9565502548464,-90.94589355508629,14.0,2.6,0.6,3.0,2.2,7.90625,3.4,1.0,3.0,2.4,47.6,4.2105263157894735,68.1,2.526315789473684,0.1052631578947368,0.0,68.3,2.8421052631578947,63.9,1.6578947368421053,0.0789473684210526,0.0
2025-12-21 17:30:00,Elche,Rayo Vallecano de Madrid,4,0,False,928,1456.0211783172915,1492.1098922531771,-36.08871393588561,8.09375,1.4,1.4,1.0,1.6,5.895833333333333,0.2,0.4,0.8,1.0,45.9,4.407894736842105,63.575,2.526315789473684,0.13815789473684204,1.0,51.7,4.026315789473684,70.6,2.526315789473684,0.0789473684210526,0.0
2025-12-21 20:00:00,Real Betis Balompié,Getafe,4,0,False,929,1558.0739648520998,1456.048544846541,102.02542000555877,6.0,1.4,1.4,1.2,1.8,8.0,0.2,1.0,0.6,1.6,52.4,3.710526315789474,64.5,1.973684210526316,0.1052631578947368,0.0,41.8,3.3157894736842106,69.0,2.8947368421052637,0.1842105263157894,0.0
2025-12-22 20:00:00,Athletic Club,RCD Espanyol de Barcelona,1,2,False,930,1538.8924232898498,1521.1278710399,17.76455224994993,8.197916666666666,0.6,1.8,1.2,0.8,9.0,1.0,0.6,2.4,0.4,48.4,2.973684210526316,74.3,1.6842105263157894,0.0789473684210526,0.0,39.8,5.078947368421052,73.6,2.3157894736842106,0.0263157894736842,0.0
2026-01-02 20:00:00,Rayo Vallecano de Madrid,Getafe,1,1,False,931,1474.9165515944592,1445.676687921468,29.239863672991078,12.104166666666666,0.2,1.2,0.6,0.4,12.0,0.2,1.6,0.6,1.8,51.7,4.026315789473684,70.6,2.526315789473684,0.0789473684210526,0.0,41.8,3.3157894736842106,69.0,2.8947368421052637,0.1842105263157894,0.0
2026-01-03 13:00:00,RC Celta de Vigo,Valencia,4,1,False,932,1530.1582317637663,1471.4749036474518,58.68332811631444,14.0,1.0,0.2,2.0,1.2,14.0,1.0,1.0,1.2,1.8,53.6,3.8157894736842106,60.7,2.210526315789474,0.1578947368421052,0.0,48.4,3.8947368421052633,63.5,2.263157894736842,0.0263157894736842,0.0
2026-01-03 15:15:00,CA Osasuna,Athletic Club,1,1,False,933,1483.1787178610982,1526.5543279240026,-43.37561006290434,13.90625,1.6,1.4,1.4,2.0,11.802083333333334,0.8,1.4,1.2,1.8,46.1,4.921052631578948,72.2,2.3157894736842106,0.0,0.0,48.4,2.973684210526316,74.3,1.6842105263157894,0.0789473684210526,0.0
2026-01-03 17:30:00,Elche,Villarreal,1,3,False,934,1473.2145189760095,1635.9719279709275,-162.75740899491802,13.0,2.0,1.2,1.4,2.0,13.09375,1.8,1.0,2.4,1.2,45.9,4.407894736842105,63.575,2.526315789473684,0.13815789473684204,1.0,47.6,4.2105263157894735,68.1,2.526315789473684,0.1052631578947368,0.0
2026-01-03 20:00:00,RCD Espanyol de Barcelona,Barcelona,0,2,False,935,1533.4659664057472,1756.995278983679,-223.52931257793193,12.0,1.4,0.4,3.0,1.0,13.197916666666666,3.0,1.0,3.0,2.2,39.8,5.078947368421052,73.6,2.3157894736842106,0.0263157894736842,0.0,68.3,2.8421052631578947,63.9,1.6578947368421053,0.0789473684210526,0.0
2026-01-04 13:00:00,Sevilla,Levante UD,0,3,False,936,1455.0534974128682,1395.920204238464,59.133293174404116,14.0,1.2,1.4,0.8,2.0,14.0,0.4,1.8,0.2,1.4,50.5,3.8947368421052633,62.8,2.5789473684210527,0.2105263157894736,0.0,45.9,4.407894736842105,63.575,2.526315789473684,0.13815789473684204,1.0
2026-01-04 15:15:00,Real Madrid,Real Betis Balompié,5,1,False,937,1694.997275760314,1568.4458217771728,126.5514539831413,14.0,1.6,0.8,2.0,2.2,13.802083333333334,2.0,1.2,1.6,0.8,60.4,3.3157894736842106,69.8,1.5,0.1052631578947368,0.0,52.4,3.710526315789474,64.5,1.973684210526316,0.1052631578947368,0.0
2026-01-04 17:30:00,Deportivo Alavés,Real Oviedo,1,1,False,938,1447.5246529529884,1380.7783939231406,66.7462590298478,14.0,0.6,1.8,0.6,0.8,14.0,0.0,1.2,0.6,2.2,45.3,3.473684210526316,63.6,2.8157894736842106,0.131578947368421,0.0,45.9,4.407894736842105,63.575,2.526315789473684,0.13815789473684204,1.0
2026-01-04 17:30:00,RCD Mallorca,Girona,1,2,False,939,1472.5546146611027,1414.246481322021,58.30813333908168,14.0,1.4,1.2,1.2,1.6,14.0,0.8,1.8,1.0,1.8,46.8,4.342105263157895,73.3,2.131578947368421,0.1578947368421052,0.0,56.3,4.315789473684211,63.4,2.0,0.0526315789473684,0.0
2026-01-04 20:00:00,Real Sociedad de Fútbol,Club Atlético de Madrid,1,1,False,940,1456.1308684477858,1657.8672067587956,-201.73633831100983,14.0,1.4,1.6,0.8,1.6,14.0,1.6,1.0,1.8,0.8,53.8,3.736842105263158,67.6,2.236842105263158,0.1052631578947368,0.0,52.6,3.0526315789473686,74.1,1.973684210526316,0.0789473684210526,0.0
2026-01-09 20:00:00,Getafe,Real Sociedad de Fútbol,1,2,False,941,1448.3245091430128,1459.8751103726556,-11.55060122964278,7.0,0.4,1.6,0.8,0.6,5.0,1.0,1.6,0.4,1.0,41.8,3.3157894736842106,69.0,2.8947368421052637,0.1842105263157894,0.0,53.8,3.736842105263158,67.6,2.236842105263158,0.1052631578947368,0.0
2026-01-10 13:00:00,Real Oviedo,Real Betis Balompié,1,1,False,942,1384.3984861489316,1559.0992450610067,-174.70075891207512,5.8125,0.2,1.4,0.6,0.0,5.90625,2.0,2.0,1.4,1.6,45.9,4.407894736842105,63.575,2.526315789473684,0.13815789473684204,1.0,52.4,3.710526315789474,64.5,1.973684210526316,0.1052631578947368,0.0
2026-01-10 15:15:00,Villarreal,Deportivo Alavés,3,1,False,943,1647.7666471052912,1443.9045607271973,203.86208637809386,6.90625,2.0,1.2,2.4,2.0,5.90625,0.8,1.8,0.8,1.8,47.6,4.2105263157894735,68.1,2.526315789473684,0.1052631578947368,0.0,45.3,3.473684210526316,63.6,2.8157894736842106,0.131578947368421,0.0
2026-01-10 17:30:00,Girona,CA Osasuna,1,0,False,944,1427.6537031658786,1482.5571203317074,-54.90341716582884,6.0,1.0,1.8,1.4,1.4,7.09375,1.6,1.0,1.6,1.2,56.3,4.315789473684211,63.4,2.0,0.0526315789473684,0.0,46.1,4.921052631578948,72.2,2.3157894736842106,0.0,0.0
2026-01-10 20:00:00,Valencia,Elche,1,1,False,945,1459.9542400049224,1461.4197998416457,-1.465559836723287,7.291666666666667,1.0,1.8,0.6,0.8,7.104166666666667,1.8,1.4,1.2,2.2,48.4,3.8947368421052633,63.5,2.263157894736842,0.0263157894736842,0.0,45.9,4.407894736842105,63.575,2.526315789473684,0.13815789473684204,1.0
2026-01-11 13:00:00,Rayo Vallecano de Madrid,RCD Mallorca,2,1,False,946,1472.2687303729144,1459.1473928172452,13.121337555669243,8.708333333333334,0.4,1.4,0.6,0.6,6.8125,1.4,1.2,1.2,1.4,51.7,4.026315789473684,70.6,2.526315789473684,0.0789473684210526,0.0,46.8,4.342105263157895,73.3,2.131578947368421,0.1578947368421052,0.0
2026-01-11 15:15:00,Levante UD,RCD Espanyol de Barcelona,1,1,False,947,1419.4195501485908,1524.1555413772664,-104.73599122867563,7.09375,0.8,1.2,0.8,0.6,7.802083333333333,1.0,0.6,2.4,0.6,45.9,4.407894736842105,63.575,2.526315789473684,0.13815789473684204,1.0,39.8,5.078947368421052,73.6,2.3157894736842106,0.0263157894736842,0.0
2026-01-12 20:00:00,Sevilla,RC Celta de Vigo,0,1,False,948,1431.5541515027414,1541.6788954062956,-110.12474390355419,8.291666666666666,1.0,1.6,0.8,1.2,9.291666666666666,1.6,0.4,2.0,0.6,50.5,3.8947368421052633,62.8,2.5789473684210527,0.2105263157894736,0.0,53.6,3.8157894736842106,60.7,2.210526315789474,0.1578947368421052,0.0
2026-01-16 20:00:00,RCD Espanyol de Barcelona,Girona,0,2,False,949,1523.016808300492,1437.3631819290592,85.65362637143267,5.197916666666667,1.0,0.8,2.0,0.8,6.104166666666667,1.0,1.6,1.8,1.6,39.8,5.078947368421052,73.6,2.3157894736842106,0.0263157894736842,0.0,56.3,4.315789473684211,63.4,2.0,0.0526315789473684,0.0
2026-01-17 13:00:00,Real Madrid,Levante UD,2,0,False,950,1704.3438524764802,1420.5582832253654,283.7855692511148,12.90625,2.4,0.8,2.4,2.6,5.90625,1.0,1.2,1.0,1.4,60.4,3.3157894736842106,69.8,1.5,0.1052631578947368,0.0,45.9,4.407894736842105,63.575,2.526315789473684,0.13815789473684204,1.0
2026-01-17 15:15:00,RCD Mallorca,Athletic Club,3,2,False,951,1451.3587631084306,1527.1759254533933,-75.81716234496275,6.09375,1.2,1.2,1.0,1.6,14.0,0.6,1.6,0.8,2.0,46.8,4.342105263157895,73.3,2.131578947368421,0.1578947368421052,0.0,48.4,2.973684210526316,74.3,1.6842105263157894,0.0789473684210526,0.0
2026-01-17 17:30:00,CA Osasuna,Real Oviedo,3,2,False,952,1472.8476415685268,1387.4550233480632,85.39261822046365,7.0,1.2,0.8,1.4,1.8,7.1875,0.4,1.2,0.8,2.2,46.1,4.921052631578948,72.2,2.3157894736842106,0.0,0.0,45.9,4.407894736842105,63.575,2.526315789473684,0.13815789473684204,1.0
2026-01-17 20:00:00,Real Betis Balompié,Villarreal,2,0,False,953,1556.0427078618752,1653.4677805898384,-97.4250727279632,7.291666666666667,1.8,2.2,1.0,2.2,7.197916666666667,2.2,1.2,2.4,1.2,52.4,3.710526315789474,64.5,1.973684210526316,0.1052631578947368,0.0,47.6,4.2105263157894735,68.1,2.526315789473684,0.1052631578947368,0.0
2026-01-18 13:00:00,Getafe,Valencia,0,1,False,954,1436.7981342275557,1458.1456865273337,-21.347552299778044,8.708333333333334,0.4,2.0,0.2,0.8,7.708333333333333,1.0,1.8,0.6,2.2,41.8,3.3157894736842106,69.0,2.8947368421052637,0.1842105263157894,0.0,48.4,3.8947368421052633,63.5,2.263157894736842,0.0263157894736842,0.0
2026-01-18 15:15:00,Club Atlético de Madrid,Deportivo Alavés,1,0,False,955,1654.1229648339258,1438.2034272426502,215.91953759127568,13.802083333333334,1.4,1.2,1.4,2.2,8.0,0.8,1.8,0.8,2.2,52.6,3.0526315789473686,74.1,1.973684210526316,0.0789473684210526,0.0,45.3,3.473684210526316,63.6,2.8157894736842106,0.131578947368421,0.0
2026-01-18 17:30:00,RC Celta de Vigo,Rayo Vallecano de Madrid,3,0,False,956,1550.3873549106893,1480.057360081729,70.32999482896025,5.895833333333333,1.8,0.2,2.6,1.8,7.1875,0.6,1.4,1.0,1.8,53.6,3.8157894736842106,60.7,2.210526315789474,0.1578947368421052,0.0,51.7,4.026315789473684,70.6,2.526315789473684,0.0789473684210526,0.0
2026-01-18 20:00:00,Real Sociedad de Fútbol,Barcelona,2,1,False,957,1471.4014852881128,1766.3057040121598,-294.90421872404704,9.0,1.0,1.2,1.0,1.8,14.0,2.8,0.8,3.0,1.4,53.8,3.736842105263158,67.6,2.236842105263158,0.1052631578947368,0.0,68.3,2.8421052631578947,63.9,1.6578947368421053,0.0789473684210526,0.0
2026-01-19 20:00:00,Elche,Sevilla,2,2,False,958,1463.2283533192344,1422.8456919983478,40.382661320886655,9.0,2.0,1.4,1.4,2.2,7.0,1.0,1.4,0.8,2.0,45.9,4.407894736842105,63.575,2.526315789473684,0.13815789473684204,1.0,50.5,3.8947368421052633,62.8,2.5789473684210527,0.2105263157894736,0.0
2026-01-23 20:00:00,Levante UD,Elche,3,2,False,959,1416.7106272522235,1460.2849135608817,-43.5742863086582,6.291666666666667,1.0,1.2,1.0,0.6,4.0,1.8,1.8,1.0,1.8,45.9,4.407894736842105,63.575,2.526315789473684,0.13815789473684204,1.0,45.9,4.407894736842105,63.575,2.526315789473684,0.13815789473684204,1.0
2026-01-24 13:00:00,Rayo Vallecano de Madrid,CA Osasuna,1,3,False,960,1469.0487859234754,1478.7705151703371,-9.721729246861742,5.8125,0.6,1.8,1.0,0.8,6.8125,1.4,1.2,1.4,1.2,51.7,4.026315789473684,70.6,2.526315789473684,0.0789473684210526,0.0,46.1,4.921052631578948,72.2,2.3157894736842106,0.0,0.0
2026-01-24 15:15:00,Valencia,RCD Espanyol de Barcelona,3,2,False,961,1469.3955352290347,1500.1313026196551,-30.735767390620367,6.09375,1.0,1.6,1.0,1.0,7.802083333333333,0.8,1.2,1.4,0.8,48.4,3.8947368421052633,63.5,2.263157894736842,0.0263157894736842,0.0,39.8,5.078947368421052,73.6,2.3157894736842106,0.0263157894736842,0.0
2026-01-24 17:30:00,Sevilla,Athletic Club,2,1,False,962,1425.7891317567005,1516.864683054369,-91.07555129766843,4.895833333333333,1.2,1.6,0.8,1.0,7.09375,1.0,1.6,0.8,2.0,50.5,3.8947368421052633,62.8,2.5789473684210527,0.2105263157894736,0.0,48.4,2.973684210526316,74.3,1.6842105263157894,0.0789473684210526,0.0
2026-01-24 20:00:00,Villarreal,Real Madrid,0,2,False,963,1635.7056068408688,1708.191508449622,-72.48590160875324,7.0,1.6,1.2,1.8,2.2,7.291666666666667,2.2,0.8,2.4,0.8,47.6,4.2105263157894735,68.1,2.526315789473684,0.1052631578947368,0.0,60.4,3.3157894736842106,69.8,1.5,0.1052631578947368,0.0
2026-01-25 13:00:00,Club Atlético de Madrid,RCD Mallorca,3,0,False,964,1657.4350610412616,1461.670005507455,195.76505553380662,6.90625,1.4,0.6,2.0,2.2,7.90625,1.8,1.6,1.4,1.6,52.6,3.0526315789473686,74.1,1.973684210526316,0.0789473684210526,0.0,46.8,4.342105263157895,73.3,2.131578947368421,0.1578947368421052,0.0
2026-01-25 15:15:00,Barcelona,Real Oviedo,3,0,False,965,1750.5106511227843,1381.5321497462528,368.97850137653154,6.802083333333333,2.4,1.0,2.4,3.0,7.90625,0.8,1.8,0.6,2.2,68.3,2.8421052631578947,63.9,1.6578947368421053,0.0789473684210526,0.0,45.9,4.407894736842105,63.575,2.526315789473684,0.13815789473684204,1.0
2026-01-25 17:30:00,Real Sociedad de Fútbol,RC Celta de Vigo,3,1,False,966,1487.1965381774883,1561.395929068943,-74.19939089145464,6.895833333333333,1.4,1.2,1.6,1.8,7.0,2.0,0.2,2.6,0.2,53.8,3.736842105263158,67.6,2.236842105263158,0.1052631578947368,0.0,53.6,3.8157894736842106,60.7,2.210526315789474,0.1578947368421052,0.0
2026-01-25 20:00:00,Deportivo Alavés,Real Betis Balompié,2,1,False,967,1434.8913310353144,1573.8048816108449,-138.9135505755305,7.197916666666667,0.6,2.0,0.2,1.0,8.0,1.6,1.2,1.6,1.4,45.3,3.473684210526316,63.6,2.8157894736842106,0.131578947368421,0.0,52.4,3.710526315789474,64.5,1.973684210526316,0.1052631578947368,0.0
2026-01-26 20:00:00,Girona,Getafe,1,1,False,968,1460.248687609896,1425.5482855258547,34.70040208404134,10.0,1.4,1.0,2.4,1.2,8.291666666666666,0.4,1.8,0.2,1.6,56.3,4.315789473684211,63.4,2.0,0.0526315789473684,0.0,41.8,3.3157894736842106,69.0,2.8947368421052637,0.1842105263157894,0.0
2026-01-30 20:00:00,RCD Espanyol de Barcelona,Deportivo Alavés,1,2,False,969,1491.1143216330577,1446.9872102851662,44.127111347891514,6.197916666666667,1.0,1.8,0.8,0.6,5.0,0.8,1.8,0.8,2.2,39.8,5.078947368421052,73.6,2.3157894736842106,0.0263157894736842,0.0,45.3,3.473684210526316,63.6,2.8157894736842106,0.131578947368421,0.0
2026-01-31 13:00:00,Real Oviedo,Girona,1,0,False,970,1378.8726470192933,1457.4553359724512,-78.58268895315791,5.90625,0.8,1.6,0.6,0.2,4.708333333333333,1.2,1.0,2.0,1.2,45.9,4.407894736842105,63.575,2.526315789473684,0.13815789473684204,1.0,56.3,4.315789473684211,63.4,2.0,0.0526315789473684,0.0
2026-01-31 15:15:00,CA Osasuna,Villarreal,2,2,False,971,1497.5843523144981,1619.805677718851,-122.22132540435291,7.09375,2.0,1.0,2.0,2.0,6.802083333333333,1.2,1.6,1.2,1.0,46.1,4.921052631578948,72.2,2.3157894736842106,0.0,0.0,47.6,4.2105263157894735,68.1,2.526315789473684,0.1052631578947368,0.0
2026-01-31 17:30:00,Levante UD,Club Atlético de Madrid,0,0,False,972,1426.0947261919098,1663.8142960152038,-237.71956982329402,7.895833333333333,1.6,1.2,1.6,1.2,6.1875,2.0,0.4,2.6,1.0,45.9,4.407894736842105,63.575,2.526315789473684,0.13815789473684204,1.0,52.6,3.0526315789473686,74.1,1.973684210526316,0.0789473684210526,0.0
2026-01-31 20:00:00,Elche,Barcelona,1,3,False,973,1450.9008146211954,1753.1701538497439,-302.26933922854846,8.0,2.0,1.8,1.0,2.4,6.197916666666667,2.0,0.4,2.4,1.4,45.9,4.407894736842105,63.575,2.526315789473684,0.13815789473684204,1.0,68.3,2.8421052631578947,63.9,1.6578947368421053,0.0789473684210526,0.0
2026-02-01 13:00:00,Real Madrid,Rayo Vallecano de Madrid,2,1,False,974,1724.0914375716397,1450.2349487793144,273.8564887923253,7.708333333333333,2.6,0.4,3.0,2.6,8.0,0.8,2.4,0.8,2.4,60.4,3.3157894736842106,69.8,1.5,0.1052631578947368,0.0,51.7,4.026315789473684,70.6,2.526315789473684,0.0789473684210526,0.0
2026-02-01 15:15:00,Real Betis Balompié,Valencia,2,1,False,975,1561.709002360993,1478.4125162156322,83.29648614536086,6.802083333333333,1.8,1.6,1.4,2.6,8.0,1.4,1.6,1.6,2.2,52.4,3.710526315789474,64.5,1.973684210526316,0.1052631578947368,0.0,48.4,3.8947368421052633,63.5,2.263157894736842,0.0263157894736842,0.0
2026-02-01 17:30:00,Getafe,RC Celta de Vigo,0,0,False,976,1428.3416371632995,1544.7157624912832,-116.37412532798362,5.895833333333333,0.6,1.8,0.4,0.4,7.0,1.8,0.8,2.0,0.6,41.8,3.3157894736842106,69.0,2.8947368421052637,0.1842105263157894,0.0,53.6,3.8157894736842106,60.7,2.210526315789474,0.1578947368421052,0.0
2026-02-01 20:00:00,Athletic Club,Real Sociedad de Fútbol,1,1,False,977,1506.1155743374409,1503.876704755148,2.238869582292864,8.104166666666666,1.0,2.0,0.2,0.6,7.104166666666667,1.8,1.0,2.2,1.0,48.4,2.973684210526316,74.3,1.6842105263157894,0.0789473684210526,0.0,53.8,3.736842105263158,67.6,2.236842105263158,0.1052631578947368,0.0
2026-02-02 20:00:00,RCD Mallorca,Sevilla,4,1,False,978,1455.2907705335128,1436.5382404736285,18.752530059884293,8.291666666666666,1.2,2.0,0.8,2.0,9.104166666666666,0.8,1.8,0.8,2.0,46.8,4.342105263157895,73.3,2.131578947368421,0.1578947368421052,0.0,50.5,3.8947368421052633,62.8,2.5789473684210527,0.2105263157894736,0.0
2026-02-06 20:00:00,RC Celta de Vigo,CA Osasuna,1,2,False,979,1543.2477796608669,1499.2165830680874,44.03119659277945,5.104166666666667,1.8,0.8,2.0,2.2,6.197916666666667,1.8,1.4,1.6,1.4,53.6,3.8157894736842106,60.7,2.210526315789474,0.1578947368421052,0.0,46.1,4.921052631578948,72.2,2.3157894736842106,0.0,0.0
2026-02-07 15:15:00,Barcelona,RCD Mallorca,3,0,False,980,1759.7772110154585,1468.6520919403122,291.12511907514636,6.802083333333333,2.2,0.6,2.4,3.0,4.802083333333333,1.8,2.0,1.2,1.6,68.3,2.8421052631578947,63.9,1.6578947368421053,0.0789473684210526,0.0,46.8,4.342105263157895,73.3,2.131578947368421,0.1578947368421052,0.0
2026-02-07 20:00:00,Real Sociedad de Fútbol,Elche,3,1,False,981,1505.788190431799,1444.2937574554808,61.494432976318194,6.0,1.8,1.0,2.2,1.8,7.0,1.4,2.4,0.4,2.2,53.8,3.736842105263158,67.6,2.236842105263158,0.1052631578947368,0.0,45.9,4.407894736842105,63.575,2.526315789473684,0.13815789473684204,1.0
2026-02-08 13:00:00,Deportivo Alavés,Getafe,0,2,False,982,1460.0287715539516,1429.8096199937158,30.219151560235787,8.708333333333334,1.2,1.4,1.4,1.0,6.8125,0.6,1.0,0.6,1.8,45.3,3.473684210526316,63.6,2.8157894736842106,0.131578947368421,0.0,41.8,3.3157894736842106,69.0,2.8947368421052637,0.1842105263157894,0.0
2026-02-08 15:15:00,Athletic Club,Levante UD,4,2,False,983,1504.20408866079,1430.6932722263311,73.51081643445877,6.802083333333333,1.2,1.8,0.4,0.8,7.90625,1.4,1.0,1.6,1.6,48.4,2.973684210526316,74.3,1.6842105263157894,0.0789473684210526,0.0,45.9,4.407894736842105,63.575,2.526315789473684,0.13815789473684204,1.0
2026-02-08 15:15:00,Sevilla,Girona,1,1,False,984,1423.1769190668292,1447.0645938019838,-23.887674735154633,5.802083333333333,1.0,2.2,0.8,1.2,8.09375,1.2,0.6,2.0,1.2,50.5,3.8947368421052633,62.8,2.5789473684210527,0.2105263157894736,0.0,56.3,4.315789473684211,63.4,2.0,0.0526315789473684,0.0
2026-02-08 17:30:00,Club Atlético de Madrid,Real Betis Balompié,0,1,False,985,1659.2157499807824,1567.6823020334923,91.53344794729014,8.0,1.6,0.2,2.2,2.2,7.09375,1.4,1.8,1.4,1.6,52.6,3.0526315789473686,74.1,1.973684210526316,0.0789473684210526,0.0,52.4,3.710526315789474,64.5,1.973684210526316,0.1052631578947368,0.0
2026-02-08 20:00:00,Valencia,Real Madrid,0,2,False,986,1472.439216543133,1726.5811644015323,-254.14194785839936,7.197916666666667,1.4,1.8,1.4,1.4,7.291666666666667,2.6,0.4,3.0,0.8,48.4,3.8947368421052633,63.5,2.263157894736842,0.0263157894736842,0.0,60.4,3.3157894736842106,69.8,1.5,0.1052631578947368,0.0
2026-02-09 20:00:00,Villarreal,RCD Espanyol de Barcelona,4,1,False,987,1618.1734469652617,1478.0727603642722,140.10068660098955,9.197916666666666,1.6,1.6,1.4,1.4,10.0,0.8,2.0,0.2,1.0,47.6,4.2105263157894735,68.1,2.526315789473684,0.1052631578947368,0.0,39.8,5.078947368421052,73.6,2.3157894736842106,0.0263157894736842,0.0
2026-02-13 20:00:00,Elche,CA Osasuna,0,0,False,988,1433.7118053894146,1512.255638868214,-78.54383347879934,6.0,1.4,2.4,0.4,2.2,7.0,2.0,1.4,2.0,1.4,45.9,4.407894736842105,63.575,2.526315789473684,0.13815789473684204,1.0,46.1,4.921052631578948,72.2,2.3157894736842106,0.0,0.0
2026-02-14 13:00:00,RCD Espanyol de Barcelona,RC Celta de Vigo,2,2,False,989,1469.850051352181,1530.2087238607403,-60.358672508559266,4.708333333333333,1.0,2.4,0.2,0.8,7.708333333333333,1.2,1.0,1.4,0.6,39.8,5.078947368421052,73.6,2.3157894736842106,0.0263157894736842,0.0,53.6,3.8157894736842106,60.7,2.210526315789474,0.1578947368421052,0.0
2026-02-14 15:15:00,Getafe,Villarreal,2,1,False,990,1450.4048889355165,1626.396155977353,-175.9912670418364,6.09375,0.8,0.8,1.0,0.4,4.802083333333333,1.8,1.6,1.4,1.4,41.8,3.3157894736842106,69.0,2.8947368421052637,0.1842105263157894,0.0,47.6,4.2105263157894735,68.1,2.526315789473684,0.1052631578947368,0.0
2026-02-14 17:30:00,Sevilla,Deportivo Alavés,1,1,False,991,1421.9991034275547,1439.433502612151,-17.43439918459626,6.09375,1.2,1.8,1.0,1.4,6.1875,1.0,1.6,1.2,2.2,50.5,3.8947368421052633,62.8,2.5789473684210527,0.2105263157894736,0.0,45.3,3.473684210526316,63.6,2.8157894736842106,0.131578947368421,0.0
2026-02-14 20:00:00,Real Madrid,Real Sociedad de Fútbol,4,1,False,992,1734.7661745608752,1516.3701424978651,218.39603206301013,6.0,2.6,0.4,3.0,2.2,7.0,2.2,1.0,2.6,1.0,60.4,3.3157894736842106,69.8,1.5,0.1052631578947368,0.0,53.8,3.736842105263158,67.6,2.236842105263158,0.1052631578947368,0.0
2026-02-15 13:00:00,Real Oviedo,Athletic Club,1,2,False,993,1389.2633891897606,1514.298473073299,-125.03508388353839,14.0,1.0,1.6,1.0,0.4,6.90625,1.8,1.8,1.0,1.6,45.9,4.407894736842105,63.575,2.526315789473684,0.13815789473684204,1.0,48.4,2.973684210526316,74.3,1.6842105263157894,0.0789473684210526,0.0
2026-02-15 15:15:00,Rayo Vallecano de Madrid,Club Atlético de Madrid,3,0,False,994,1447.7452219494219,1644.9923264076476,-197.24710445822575,14.0,1.0,2.0,0.8,1.0,6.90625,1.0,0.4,1.6,1.0,51.7,4.026315789473684,70.6,2.526315789473684,0.0789473684210526,0.0,52.6,3.0526315789473686,74.1,1.973684210526316,0.0789473684210526,0.0
2026-02-15 17:30:00,Levante UD,Valencia,0,2,False,995,1420.598887813822,1464.25420638379,-43.6553185699679,7.09375,1.2,1.8,1.0,1.0,6.895833333333333,1.2,1.4,1.4,1.8,45.9,4.407894736842105,63.575,2.526315789473684,0.13815789473684204,1.0,48.4,3.8947368421052633,63.5,2.263157894736842,0.0263157894736842,0.0
2026-02-15 20:00:00,RCD Mallorca,Real Betis Balompié,1,2,False,996,1464.6603327779067,1581.9057256066271,-117.24539282872047,8.197916666666666,1.6,2.2,1.2,2.6,7.104166666666667,1.4,0.8,2.0,1.6,46.8,4.342105263157895,73.3,2.131578947368421,0.1578947368421052,0.0,52.4,3.710526315789474,64.5,1.973684210526316,0.1052631578947368,0.0
2026-02-16 20:00:00,Girona,Barcelona,2,1,False,997,1448.2424094412584,1763.768970177864,-315.5265607366057,8.197916666666666,1.0,0.6,1.6,0.8,9.197916666666666,2.4,0.6,2.4,1.2,56.3,4.315789473684211,63.4,2.0,0.0526315789473684,0.0,68.3,2.8421052631578947,63.9,1.6578947368421053,0.0789473684210526,0.0
2026-02-18 19:00:00,Levante UD,Villarreal,0,1,False,998,1403.351824249227,1613.3059834403964,-209.9541591911693,3.0625,1.0,2.0,0.8,1.0,4.15625,1.4,1.8,0.8,1.8,45.9,4.407894736842105,63.575,2.526315789473684,0.13815789473684204,1.0,47.6,4.2105263157894735,68.1,2.526315789473684,0.1052631578947368,0.0
2026-02-20 20:00:00,Athletic Club,Elche,2,1,False,999,1522.5875192479648,1434.1014309120478,88.48608833591697,5.291666666666667,2.0,1.8,1.4,1.4,7.0,1.2,2.2,0.4,2.2,48.4,2.973684210526316,74.3,1.6842105263157894,0.0789473684210526,0.0,45.9,4.407894736842105,63.575,2.526315789473684,0.13815789473684204,1.0
2026-02-21 13:00:00,Real Sociedad de Fútbol,Real Oviedo,3,3,False,1000,1510.642591355736,1380.9743430150947,129.66824834064118,6.708333333333333,2.0,1.6,2.0,2.0,6.0,1.0,1.8,0.8,2.6,53.8,3.736842105263158,67.6,2.236842105263158,0.1052631578947368,0.0,45.9,4.407894736842105,63.575,2.526315789473684,0.13815789473684204,1.0
2026-02-21 15:15:00,Real Betis Balompié,Rayo Vallecano de Madrid,1,1,False,1001,1590.4132151671852,1471.6022929740568,118.81092219312836,5.802083333333333,1.6,0.8,2.4,2.4,6.0,1.4,1.8,1.2,2.0,52.4,3.710526315789474,64.5,1.973684210526316,0.1052631578947368,0.0,51.7,4.026315789473684,70.6,2.526315789473684,0.0789473684210526,0.0
2026-02-21 17:30:00,CA Osasuna,Real Madrid,2,1,False,1002,1511.8660133455808,1740.4937257030044,-228.62771235742366,7.895833333333333,2.0,1.2,2.2,2.2,6.895833333333333,2.4,0.4,3.0,0.4,46.1,4.921052631578948,72.2,2.3157894736842106,0.0,0.0,60.4,3.3157894736842106,69.8,1.5,0.1052631578947368,0.0
2026-02-21 20:00:00,Club Atlético de Madrid,RCD Espanyol de Barcelona,4,2,False,1003,1621.1352553830127,1469.7164711545659,151.41878422844684,6.197916666666667,0.8,0.8,1.4,1.6,7.291666666666667,1.2,2.6,0.2,1.8,52.6,3.0526315789473686,74.1,1.973684210526316,0.0789473684210526,0.0,39.8,5.078947368421052,73.6,2.3157894736842106,0.0263157894736842,0.0
2026-02-22 13:00:00,Getafe,Sevilla,0,1,False,1004,1463.495061472473,1420.638545064236,42.856516408236985,7.90625,1.0,0.6,1.6,0.6,7.8125,1.4,1.8,1.2,2.2,41.8,3.3157894736842106,69.0,2.8947368421052637,0.1842105263157894,0.0,50.5,3.8947368421052633,62.8,2.5789473684210527,0.2105263157894736,0.0
2026-02-22 15:15:00,Barcelona,Levante UD,3,0,False,1005,1747.5932326339218,1397.2976118957454,350.29562073817647,5.802083333333333,2.2,1.0,1.8,2.8,3.84375,1.0,1.8,0.8,1.8,68.3,2.8421052631578947,63.9,1.6578947368421053,0.0789473684210526,0.0,45.9,4.407894736842105,63.575,2.526315789473684,0.13815789473684204,1.0
2026-02-22 17:30:00,RC Celta de Vigo,RCD Mallorca,2,0,False,1006,1530.3423040583555,1456.1528432173486,74.18946084100685,8.1875,1.4,1.4,1.0,2.0,6.895833333333333,1.6,2.2,1.2,1.8,53.6,3.8157894736842106,60.7,2.210526315789474,0.1578947368421052,0.0,46.8,4.342105263157895,73.3,2.131578947368421,0.1578947368421052,0.0
2026-02-22 20:00:00,Villarreal,Valencia,2,1,False,1007,1619.3601957938781,1481.501269948385,137.8589258454931,4.041666666666667,1.6,1.4,1.4,1.8,7.104166666666667,1.4,1.2,1.8,1.6,47.6,4.2105263157894735,68.1,2.526315789473684,0.1052631578947368,0.0,48.4,3.8947368421052633,63.5,2.263157894736842,0.0263157894736842,0.0
2026-02-23 20:00:00,Deportivo Alavés,Girona,2,2,False,1008,1440.7940609754696,1464.4181469852006,-23.624086009730945,9.104166666666666,1.0,1.2,1.4,1.0,7.0,1.2,0.8,1.6,0.8,45.3,3.473684210526316,63.6,2.8157894736842106,0.131578947368421,0.0,56.3,4.315789473684211,63.4,2.0,0.0526315789473684,0.0
2026-02-27 20:00:00,Levante UD,Deportivo Alavés,2,0,False,1009,1394.361471944424,1439.6087645590985,-45.24729261467451,5.197916666666667,0.4,2.0,0.2,0.8,4.0,1.4,1.4,1.6,1.8,45.9,4.407894736842105,63.575,2.526315789473684,0.13815789473684204,1.0,45.3,3.473684210526316,63.6,2.8157894736842106,0.131578947368421,0.0
2026-02-28 13:00:00,Rayo Vallecano de Madrid,Athletic Club,1,1,False,1010,1476.448841450367,1528.436426708493,-51.987585258126046,6.90625,1.2,1.8,0.8,1.4,7.708333333333333,2.0,1.4,2.0,1.8,51.7,4.026315789473684,70.6,2.526315789473684,0.0789473684210526,0.0,48.4,2.973684210526316,74.3,1.6842105263157894,0.0789473684210526,0.0
2026-02-28 15:15:00,Barcelona,Villarreal,4,1,False,1011,1750.5293725852432,1624.1054348114944,126.42393777374878,6.0,2.6,0.6,2.4,2.8,5.802083333333333,2.0,1.2,2.0,1.4,68.3,2.8421052631578947,63.9,1.6578947368421053,0.0789473684210526,0.0,47.6,4.2105263157894735,68.1,2.526315789473684,0.1052631578947368,0.0
2026-02-28 17:30:00,RCD Mallorca,Real Sociedad de Fútbol,0,1,False,1012,1446.085625046084,1505.5605895726676,-59.47496452658356,6.0,1.0,2.2,0.6,2.4,7.1875,2.2,2.0,1.6,1.6,46.8,4.342105263157895,73.3,2.131578947368421,0.1578947368421052,0.0,53.8,3.736842105263158,67.6,2.236842105263158,0.1052631578947368,0.0
2026-02-28 20:00:00,Real Oviedo,Club Atlético de Madrid,0,1,False,1013,1386.056344798163,1628.3966286253649,-242.3402838272018,7.291666666666667,1.4,2.2,0.8,0.6,7.0,1.4,1.2,1.4,1.0,45.9,4.407894736842105,63.575,2.526315789473684,0.13815789473684204,1.0,52.6,3.0526315789473686,74.1,1.973684210526316,0.0789473684210526,0.0
2026-03-01 13:00:00,Elche,RCD Espanyol de Barcelona,2,2,False,1014,1428.2525234515197,1462.4550979122137,-34.202574460693995,8.708333333333334,1.0,2.2,0.2,1.6,7.708333333333333,1.6,3.0,0.2,2.6,45.9,4.407894736842105,63.575,2.526315789473684,0.13815789473684204,1.0,39.8,5.078947368421052,73.6,2.3157894736842106,0.0263157894736842,0.0
2026-03-01 15:15:00,Valencia,CA Osasuna,1,0,False,1015,1476.7560309307687,1526.2557470479212,-49.4997161171525,6.802083333333333,1.4,1.6,1.2,1.2,7.90625,1.8,1.0,2.2,1.0,48.4,3.8947368421052633,63.5,2.263157894736842,0.0263157894736842,0.0,46.1,4.921052631578948,72.2,2.3157894736842106,0.0,0.0
2026-03-01 17:30:00,Real Betis Balompié,Sevilla,2,2,False,1016,1585.566666690875,1433.6468820497155,151.9197846411596,8.09375,1.4,1.0,2.0,2.4,7.1875,1.2,1.4,1.6,1.8,52.4,3.710526315789474,64.5,1.973684210526316,0.1052631578947368,0.0,50.5,3.8947368421052633,62.8,2.5789473684210527,0.2105263157894736,0.0
2026-03-01 20:00:00,Girona,RC Celta de Vigo,1,2,False,1017,1465.6034434015717,1540.40952222962,-74.80607882804838,6.0,1.2,1.2,1.2,1.0,7.104166666666667,1.2,1.4,1.0,1.0,56.3,4.315789473684211,63.4,2.0,0.0526315789473684,0.0,53.6,3.8157894736842106,60.7,2.210526315789474,0.1578947368421052,0.0
2026-03-02 20:00:00,Real Madrid,Getafe,0,1,False,1018,1726.103992000664,1450.4867244869936,275.6172675136704,9.104166666666666,2.2,0.8,2.4,3.0,8.291666666666666,1.0,0.6,1.6,1.6,60.4,3.3157894736842106,69.8,1.5,0.1052631578947368,0.0,41.8,3.3157894736842106,69.0,2.8947368421052637,0.1842105263157894,0.0
2026-03-04 18:00:00,Rayo Vallecano de Madrid,Real Oviedo,3,0,False,1019,1476.074489067058,1380.7591181699008,95.31537089715721,4.208333333333333,1.4,1.4,1.0,1.6,3.9166666666666665,1.0,1.8,0.8,2.8,51.7,4.026315789473684,70.6,2.526315789473684,0.0789473684210526,0.0,45.9,4.407894736842105,63.575,2.526315789473684,0.13815789473684204,1.0
2026-03-06 20:00:00,RC Celta de Vigo,Real Madrid,1,2,False,1020,1550.1273555140037,1708.5717087543444,-158.44435324034066,5.0,1.4,1.0,1.6,2.4,4.0,1.8,1.0,1.8,0.6,53.6,3.8157894736842106,60.7,2.210526315789474,0.1578947368421052,0.0,60.4,3.3157894736842106,69.8,1.5,0.1052631578947368,0.0
2026-03-07 13:00:00,CA Osasuna,RCD Mallorca,2,2,False,1021,1516.7015853274743,1435.9266151455586,80.7749701819157,5.90625,1.2,1.0,1.6,2.2,6.8125,1.0,1.8,0.6,2.2,46.1,4.921052631578948,72.2,2.3157894736842106,0.0,0.0,46.8,4.342105263157895,73.3,2.131578947368421,0.1578947368421052,0.0
2026-03-07 15:15:00,Levante UD,Girona,1,1,False,1022,1409.6886070327025,1455.885610117188,-46.19700308448546,7.802083333333333,0.8,2.0,0.6,1.0,5.802083333333333,1.2,1.4,1.0,1.0,45.9,4.407894736842105,63.575,2.526315789473684,0.13815789473684204,1.0,56.3,4.315789473684211,63.4,2.0,0.0526315789473684,0.0
2026-03-07 17:30:00,Club Atlético de Madrid,Real Sociedad de Fútbol,3,2,False,1023,1633.6938552536271,1515.719599473193,117.97425578043408,6.895833333333333,1.0,1.2,1.4,2.0,7.0,1.8,1.8,1.6,1.4,52.6,3.0526315789473686,74.1,1.973684210526316,0.0789473684210526,0.0,53.8,3.736842105263158,67.6,2.236842105263158,0.1052631578947368,0.0
2026-03-07 20:00:00,Athletic Club,Barcelona,0,1,False,1024,1528.8107790918018,1759.2576524732267,-230.4468733814249,7.291666666666667,2.0,1.2,2.2,1.8,7.197916666666667,2.8,0.8,2.4,1.0,48.4,2.973684210526316,74.3,1.6842105263157894,0.0789473684210526,0.0,68.3,2.8421052631578947,63.9,1.6578947368421053,0.0789473684210526,0.0
2026-03-08 13:00:00,Villarreal,Elche,2,1,False,1025,1615.377154923511,1427.368416678399,188.008738245112,7.90625,1.8,1.6,1.8,1.8,7.0,1.0,2.0,0.4,2.4,47.6,4.2105263157894735,68.1,2.526315789473684,0.1052631578947368,0.0,45.9,4.407894736842105,63.575,2.526315789473684,0.13815789473684204,1.0
2026-03-08 15:15:00,Getafe,Real Betis Balompié,2,0,False,1026,1468.0190077333132,1580.0252041867068,-112.00619645339361,5.802083333333333,1.0,0.4,2.0,0.6,6.90625,1.6,1.0,2.2,1.8,41.8,3.3157894736842106,69.0,2.8947368421052637,0.1842105263157894,0.0,52.4,3.710526315789474,64.5,1.973684210526316,0.1052631578947368,0.0
2026-03-08 17:30:00,Sevilla,Rayo Vallecano de Madrid,1,1,False,1027,1439.1883445538838,1486.0277069404372,-46.839362386553375,7.0,1.2,1.6,1.2,0.8,3.9791666666666665,1.8,0.8,1.6,2.2,50.5,3.8947368421052633,62.8,2.5789473684210527,0.2105263157894736,0.0,51.7,4.026315789473684,70.6,2.526315789473684,0.0789473684210526,0.0
2026-03-08 20:00:00,Valencia,Deportivo Alavés,3,2,False,1028,1486.3101926512156,1424.28162947082,62.02856318039562,7.197916666666667,1.0,1.2,1.2,1.2,9.0,1.0,1.6,1.0,1.6,48.4,3.8947368421052633,63.5,2.263157894736842,0.0263157894736842,0.0,45.3,3.473684210526316,63.6,2.8157894736842106,0.131578947368421,0.0
2026-03-09 20:00:00,RCD Espanyol de Barcelona,Real Oviedo,1,1,False,1029,1463.3392046853344,1370.8059002965217,92.53330438881267,8.291666666666666,1.6,2.8,0.4,0.8,5.083333333333333,1.0,1.8,0.8,2.6,39.8,5.078947368421052,73.6,2.3157894736842106,0.0263157894736842,0.0,45.9,4.407894736842105,63.575,2.526315789473684,0.13815789473684204,1.0
2026-03-13 20:00:00,Deportivo Alavés,Villarreal,1,1,False,1030,1417.7831548299898,1619.1574175475714,-201.3742627175816,5.0,1.0,2.0,0.4,1.2,5.291666666666667,1.4,1.6,1.8,2.0,45.3,3.473684210526316,63.6,2.8157894736842106,0.131578947368421,0.0,47.6,4.2105263157894735,68.1,2.526315789473684,0.1052631578947368,0.0
2026-03-14 13:00:00,Girona,Athletic Club,3,0,False,1031,1456.4262761217974,1523.242685557496,-66.81640943569869,6.90625,1.4,1.4,1.2,1.0,6.708333333333333,1.8,1.2,2.0,1.6,56.3,4.315789473684211,63.4,2.0,0.0526315789473684,0.0,48.4,2.973684210526316,74.3,1.6842105263157894,0.0789473684210526,0.0
2026-03-14 15:15:00,Club Atlético de Madrid,Getafe,1,0,False,1032,1638.8657530258631,1486.454229750163,152.41152327570012,6.90625,1.6,1.6,1.8,2.2,6.0,1.4,0.4,2.4,1.2,52.6,3.0526315789473686,74.1,1.973684210526316,0.0789473684210526,0.0,41.8,3.3157894736842106,69.0,2.8947368421052637,0.1842105263157894,0.0
2026-03-14 17:30:00,Real Oviedo,Valencia,1,0,False,1033,1375.0529400299895,1492.8086672920458,-117.75572726205633,4.895833333333333,1.0,2.0,0.4,0.6,5.895833333333333,1.4,1.2,1.8,1.6,45.9,4.407894736842105,63.575,2.526315789473684,0.13815789473684204,1.0,48.4,3.8947368421052633,63.5,2.263157894736842,0.0263157894736842,0.0
2026-03-14 20:00:00,Real Madrid,Elche,4,1,False,1034,1715.9451917693202,1423.5881540543385,292.35703771498174,8.0,1.8,1.0,1.8,2.6,6.291666666666667,1.0,1.8,0.4,2.2,60.4,3.3157894736842106,69.8,1.5,0.1052631578947368,0.0,45.9,4.407894736842105,63.575,2.526315789473684,0.13815789473684204,1.0
2026-03-15 13:00:00,RCD Mallorca,RCD Espanyol de Barcelona,2,1,False,1035,1439.8923308097956,1459.0921649518666,-19.19983414207104,8.0,0.6,2.0,0.2,1.8,5.708333333333333,1.6,2.6,0.6,2.8,46.8,4.342105263157895,73.3,2.131578947368421,0.1578947368421052,0.0,39.8,5.078947368421052,73.6,2.3157894736842106,0.0263157894736842,0.0
2026-03-15 15:15:00,Barcelona,Sevilla,5,2,False,1036,1764.8257460075324,1438.666114912323,326.1596310952093,7.802083333333333,2.4,0.6,2.4,3.0,6.90625,1.2,1.0,1.4,2.0,68.3,2.8421052631578947,63.9,1.6578947368421053,0.0789473684210526,0.0,50.5,3.8947368421052633,62.8,2.5789473684210527,0.2105263157894736,0.0
2026-03-15 17:30:00,Real Betis Balompié,RC Celta de Vigo,1,1,False,1037,1561.589982169857,1542.753872499028,18.836109670829046,7.09375,1.2,1.2,1.6,2.2,8.895833333333334,1.6,1.4,1.4,1.2,52.4,3.710526315789474,64.5,1.973684210526316,0.1052631578947368,0.0,53.6,3.8157894736842106,60.7,2.210526315789474,0.1578947368421052,0.0
2026-03-15 20:00:00,Real Sociedad de Fútbol,CA Osasuna,3,1,False,1038,1510.547701700957,1512.7358696632373,-2.188167962280204,8.104166666666666,2.0,2.2,1.4,2.4,8.291666666666666,1.2,1.0,1.6,0.8,53.8,3.736842105263158,67.6,2.236842105263158,0.1052631578947368,0.0,46.1,4.921052631578948,72.2,2.3157894736842106,0.0,0.0
2026-03-16 20:00:00,Rayo Vallecano de Madrid,Levante UD,1,1,False,1039,1486.5499365819978,1409.147941028093,77.40199555390473,8.104166666666666,1.8,0.6,1.8,2.0,9.197916666666666,0.6,1.4,0.8,2.2,51.7,4.026315789473684,70.6,2.526315789473684,0.0789473684210526,0.0,45.9,4.407894736842105,63.575,2.526315789473684,0.13815789473684204,1.0
2026-03-20 20:00:00,Villarreal,Real Sociedad de Fútbol,3,1,False,1040,1615.42213948192,1523.8915063825946,91.53063309932554,7.0,1.4,1.4,2.0,2.2,5.0,2.0,2.2,1.4,1.8,47.6,4.2105263157894735,68.1,2.526315789473684,0.1052631578947368,0.0,53.8,3.736842105263158,67.6,2.236842105263158,0.1052631578947368,0.0
2026-03-21 13:00:00,Elche,RCD Mallorca,2,1,False,1041,1419.62140538771,1448.5816792076855,-28.960273819975555,6.708333333333333,1.0,2.0,0.4,1.2,6.0,1.0,1.6,0.8,2.4,45.9,4.407894736842105,63.575,2.526315789473684,0.13815789473684204,1.0,46.8,4.342105263157895,73.3,2.131578947368421,0.1578947368421052,0.0
2026-03-21 15:15:00,RCD Espanyol de Barcelona,Getafe,1,2,False,1042,1450.4028165539767,1482.0054917464017,-31.602675192425068,6.09375,1.6,2.2,0.6,0.8,7.0,1.0,0.6,1.8,0.6,39.8,5.078947368421052,73.6,2.3157894736842106,0.0263157894736842,0.0,41.8,3.3157894736842106,69.0,2.8947368421052637,0.1842105263157894,0.0
2026-03-21 17:30:00,Levante UD,Real Oviedo,4,2,False,1043,1413.0315290595638,1386.5598087155624,26.47172034400137,4.895833333333333,0.8,1.2,1.0,0.6,7.0,1.0,1.6,1.0,2.6,45.9,4.407894736842105,63.575,2.526315789473684,0.13815789473684204,1.0,45.9,4.407894736842105,63.575,2.526315789473684,0.13815789473684204,1.0
2026-03-21 17:30:00,CA Osasuna,Girona,1,0,False,1044,1499.3920649815998,1474.0177661039556,25.37429887764415,5.895833333333333,1.0,1.4,1.0,2.0,7.1875,1.8,1.2,1.6,1.0,46.1,4.921052631578948,72.2,2.3157894736842106,0.0,0.0,56.3,4.315789473684211,63.4,2.0,0.0526315789473684,0.0
2026-03-21 20:00:00,Sevilla,Valencia,0,2,False,1045,1435.3339999138009,1481.3017986064729,-45.96779869267198,6.197916666666667,1.4,1.8,1.2,1.0,7.104166666666667,1.4,1.0,1.8,1.0,50.5,3.8947368421052633,62.8,2.5789473684210527,0.2105263157894736,0.0,48.4,3.8947368421052633,63.5,2.263157894736842,0.0263157894736842,0.0
2026-03-22 13:00:00,Barcelona,Rayo Vallecano de Madrid,1,0,False,1046,1768.1578610060546,1482.6663485505271,285.4915124555275,6.90625,2.8,1.0,2.4,3.6,5.708333333333333,1.4,0.8,1.4,2.2,68.3,2.8421052631578947,63.9,1.6578947368421053,0.0789473684210526,0.0,51.7,4.026315789473684,70.6,2.526315789473684,0.0789473684210526,0.0
2026-03-22 15:15:00,RC Celta de Vigo,Deportivo Alavés,3,4,False,1047,1545.121102633686,1421.5184328956411,123.60266973804482,6.90625,1.6,1.2,1.6,2.2,8.802083333333334,1.2,1.8,0.6,1.6,53.6,3.8157894736842106,60.7,2.210526315789474,0.1578947368421052,0.0,45.3,3.473684210526316,63.6,2.8157894736842106,0.131578947368421,0.0
2026-03-22 17:30:00,Athletic Club,Real Betis Balompié,2,1,False,1048,1505.6511955753379,1559.222752035199,-53.571556459861085,8.1875,1.0,1.4,1.4,1.6,7.0,1.2,1.4,1.2,1.2,48.4,2.973684210526316,74.3,1.6842105263157894,0.0789473684210526,0.0,52.4,3.710526315789474,64.5,1.973684210526316,0.1052631578947368,0.0
2026-03-22 20:00:00,Real Madrid,Club Atlético de Madrid,3,2,False,1049,1719.9119404359487,1643.3144910296244,76.59744940632436,8.0,2.2,1.2,1.8,2.4,8.197916666666666,1.8,1.4,2.4,0.8,60.4,3.3157894736842106,69.8,1.5,0.1052631578947368,0.0,52.6,3.0526315789473686,74.1,1.973684210526316,0.0789473684210526,0.0
2026-04-03 19:00:00,Rayo Vallecano de Madrid,Elche,1,0,False,1050,1480.3189829039845,1428.5878032321984,51.731179671786094,12.25,1.2,0.8,1.2,1.8,13.25,1.4,2.2,0.8,2.8,51.7,4.026315789473684,70.6,2.526315789473684,0.0789473684210526,0.0,45.9,4.407894736842105,63.575,2.526315789473684,0.13815789473684204,1.0
2026-04-04 12:00:00,Real Sociedad de Fútbol,Levante UD,2,0,False,1051,1514.5044615181084,1425.0994640307013,89.40499748740717,14.0,2.0,2.0,1.4,2.8,13.770833333333334,1.6,1.4,1.6,2.0,53.8,3.736842105263158,67.6,2.236842105263158,0.1052631578947368,0.0,45.9,4.407894736842105,63.575,2.526315789473684,0.13815789473684204,1.0
2026-04-04 14:15:00,RCD Mallorca,Real Madrid,2,1,False,1052,1439.615281363197,1726.0480342162289,-286.43275285303184,14.0,1.0,1.6,0.8,2.0,12.760416666666666,2.0,1.4,1.8,0.8,46.8,4.342105263157895,73.3,2.131578947368421,0.1578947368421052,0.0,60.4,3.3157894736842106,69.8,1.5,0.1052631578947368,0.0
2026-04-04 16:30:00,Real Betis Balompié,RCD Espanyol de Barcelona,0,0,False,1053,1549.5515704969991,1439.4445140499797,110.10705644701943,12.958333333333334,1.0,1.6,0.6,1.6,14.0,1.4,2.2,0.4,3.0,52.4,3.710526315789474,64.5,1.973684210526316,0.1052631578947368,0.0,39.8,5.078947368421052,73.6,2.3157894736842106,0.0263157894736842,0.0
2026-04-04 19:00:00,Club Atlético de Madrid,Barcelona,1,2,False,1054,1637.1783972493442,1770.5052266525972,-133.326829403253,12.958333333333334,2.2,1.4,2.4,2.2,13.25,2.8,0.6,3.0,1.0,52.6,3.0526315789473686,74.1,1.973684210526316,0.0789473684210526,0.0,68.3,2.8421052631578947,63.9,1.6578947368421053,0.0789473684210526,0.0
2026-04-05 12:00:00,Getafe,Athletic Club,2,0,False,1055,1492.9637942503987,1515.3223771135376,-22.358582863138963,14.0,1.0,0.6,1.8,0.8,13.770833333333334,1.0,1.4,1.4,2.0,41.8,3.3157894736842106,69.0,2.8947368421052637,0.1842105263157894,0.0,48.4,2.973684210526316,74.3,1.6842105263157894,0.0789473684210526,0.0
2026-04-05 14:15:00,Valencia,RC Celta de Vigo,2,3,False,1056,1498.4410693221162,1530.1697393347235,-31.72867001260738,14.0,1.4,1.0,1.8,1.6,13.958333333333334,1.8,1.6,1.4,1.4,48.4,3.8947368421052633,63.5,2.263157894736842,0.0263157894736842,0.0,53.6,3.8157894736842106,60.7,2.210526315789474,0.1578947368421052,0.0
2026-04-05 16:30:00,Real Oviedo,Sevilla,1,0,False,1057,1374.491873744425,1418.1947291981576,-43.70285545373258,14.0,0.8,1.8,0.8,0.8,14.0,1.2,2.0,1.0,2.6,45.9,4.407894736842105,63.575,2.526315789473684,0.13815789473684204,1.0,50.5,3.8947368421052633,62.8,2.5789473684210527,0.2105263157894736,0.0
2026-04-05 19:00:00,Deportivo Alavés,CA Osasuna,2,2,False,1058,1436.4697961946035,1506.8480046690097,-70.37820847440616,14.0,1.8,2.2,1.0,1.2,14.0,1.2,1.4,1.4,1.2,45.3,3.473684210526316,63.6,2.8157894736842106,0.131578947368421,0.0,46.1,4.921052631578948,72.2,2.3157894736842106,0.0,0.0
2026-04-06 19:00:00,Girona,Villarreal,1,0,False,1059,1466.5618264165457,1624.8091843464063,-158.24735792986053,14.0,1.4,1.2,1.0,1.6,14.0,1.8,1.6,2.0,1.8,56.3,4.315789473684211,63.4,2.0,0.0526315789473684,0.0,47.6,4.2105263157894735,68.1,2.526315789473684,0.1052631578947368,0.0
2026-04-10 19:00:00,Real Madrid,Girona,1,1,False,1060,1710.417213766306,1479.183063783876,231.23414998243015,6.197916666666667,2.0,1.4,1.8,2.6,4.0,1.2,0.8,1.4,1.2,60.4,3.3157894736842106,69.8,1.5,0.1052631578947368,0.0,56.3,4.315789473684211,63.4,2.0,0.0526315789473684,0.0
2026-04-11 12:00:00,Real Sociedad de Fútbol,Deportivo Alavés,3,3,False,1061,1523.9734025745145,1436.6245811147633,87.3488214597512,7.0,1.8,1.4,1.8,2.8,5.708333333333333,1.8,2.2,1.0,2.0,53.8,3.736842105263158,67.6,2.236842105263158,0.1052631578947368,0.0,45.3,3.473684210526316,63.6,2.8157894736842106,0.131578947368421,0.0
2026-04-11 14:15:00,Elche,Valencia,1,0,False,1062,1421.8266352885892,1487.4863600622473,-65.65972477365813,7.802083333333333,1.2,2.0,0.8,1.4,6.0,1.6,1.2,1.8,1.0,45.9,4.407894736842105,63.575,2.526315789473684,0.13815789473684204,1.0,48.4,3.8947368421052633,63.5,2.263157894736842,0.0263157894736842,0.0
2026-04-11 16:30:00,Barcelona,RCD Espanyol de Barcelona,4,1,False,1063,1778.5635892652813,1444.0970745284196,334.46651473686165,6.895833333333333,2.6,0.8,3.0,3.2,7.0,1.0,1.4,0.6,2.4,68.3,2.8421052631578947,63.9,1.6578947368421053,0.0789473684210526,0.0,39.8,5.078947368421052,73.6,2.3157894736842106,0.0263157894736842,0.0
2026-04-11 19:00:00,Sevilla,Club Atlético de Madrid,2,1,False,1064,1408.8069436944816,1629.1200346366602,-220.31309094217863,6.104166666666667,1.0,2.2,0.4,1.0,7.0,1.6,1.4,1.8,1.4,50.5,3.8947368421052633,62.8,2.5789473684210527,0.2105263157894736,0.0,52.6,3.0526315789473686,74.1,1.973684210526316,0.0789473684210526,0.0
2026-04-12 12:00:00,CA Osasuna,Real Betis Balompié,1,1,False,1065,1506.69321974885,1544.8990100185592,-38.20579026970927,6.708333333333333,1.2,1.6,1.0,2.0,7.8125,0.8,1.4,0.6,1.4,46.1,4.921052631578948,72.2,2.3157894736842106,0.0,0.0,52.4,3.710526315789474,64.5,1.973684210526316,0.1052631578947368,0.0
2026-04-12 14:15:00,RCD Mallorca,Rayo Vallecano de Madrid,3,0,False,1066,1455.2461018131198,1487.0801508475938,-31.834049034473992,8.0,1.4,1.4,1.4,1.8,8.802083333333334,1.2,0.6,1.6,1.6,46.8,4.342105263157895,73.3,2.131578947368421,0.1578947368421052,0.0,51.7,4.026315789473684,70.6,2.526315789473684,0.0789473684210526,0.0
2026-04-12 16:30:00,RC Celta de Vigo,Real Oviedo,0,3,False,1067,1541.1244485945924,1383.879659248101,157.24478934649142,7.09375,2.0,2.0,1.4,2.0,7.0,1.0,1.6,1.4,2.8,53.6,3.8157894736842106,60.7,2.210526315789474,0.1578947368421052,0.0,45.9,4.407894736842105,63.575,2.526315789473684,0.13815789473684204,1.0
2026-04-12 19:00:00,Athletic Club,Villarreal,1,2,False,1068,1501.0568159594638,1612.187946979076,-111.13113101961221,7.291666666666667,0.6,1.6,0.8,1.8,6.0,1.4,1.6,1.4,1.6,48.4,2.973684210526316,74.3,1.6842105263157894,0.0789473684210526,0.0,47.6,4.2105263157894735,68.1,2.526315789473684,0.1052631578947368,0.0
2026-04-13 19:00:00,Levante UD,Getafe,1,0,False,1069,1415.6305229742952,1507.2293554044725,-91.59883243017725,9.291666666666666,1.6,1.2,1.6,1.4,8.291666666666666,1.4,0.4,2.4,0.6,45.9,4.407894736842105,63.575,2.526315789473684,0.13815789473684204,1.0,41.8,3.3157894736842106,69.0,2.8947368421052637,0.1842105263157894,0.0
2026-04-21 17:00:00,Athletic Club,CA Osasuna,1,0,False,1070,1492.3768286957052,1505.923545670238,-13.546716974532728,8.916666666666666,0.6,1.8,0.6,1.8,9.208333333333334,1.4,1.6,1.2,1.4,48.4,2.973684210526316,74.3,1.6842105263157894,0.0789473684210526,0.0,46.1,4.921052631578948,72.2,2.3157894736842106,0.0,0.0
2026-04-21 17:00:00,RCD Mallorca,Valencia,1,1,False,1071,1471.0806202222288,1477.4673716797024,-6.386751457473565,9.114583333333334,2.0,1.2,2.0,1.6,10.114583333333334,1.4,1.4,1.2,0.8,46.8,4.342105263157895,73.3,2.131578947368421,0.1578947368421052,0.0,48.4,3.8947368421052633,63.5,2.263157894736842,0.0263157894736842,0.0
2026-04-21 19:30:00,Real Madrid,Deportivo Alavés,2,1,False,1072,1703.4928021039561,1440.748544155244,262.7442579487122,11.020833333333334,2.2,1.4,2.0,2.4,10.3125,2.4,2.4,1.2,2.4,60.4,3.3157894736842106,69.8,1.5,0.1052631578947368,0.0,45.3,3.473684210526316,63.6,2.8157894736842106,0.131578947368421,0.0
2026-04-21 19:30:00,Girona,Real Betis Balompié,2,3,False,1073,1486.1074754462259,1545.6686840971713,-59.561208650945446,11.020833333333334,1.2,0.6,1.6,1.6,9.3125,0.6,1.2,0.6,1.2,56.3,4.315789473684211,63.4,2.0,0.0526315789473684,0.0,52.4,3.710526315789474,64.5,1.973684210526316,0.1052631578947368,0.0
2026-04-22 17:00:00,Elche,Club Atlético de Madrid,3,2,False,1074,1431.845623671134,1614.9255132179753,-183.0798895468413,11.114583333333334,1.0,1.6,1.2,1.2,10.916666666666666,1.6,1.8,1.2,1.6,45.9,4.407894736842105,63.575,2.526315789473684,0.13815789473684204,1.0,52.6,3.0526315789473686,74.1,1.973684210526316,0.0789473684210526,0.0
2026-04-22 18:00:00,Real Sociedad de Fútbol,Getafe,0,1,False,1075,1519.8494395340338,1496.465271664983,23.38416786905077,11.25,2.2,2.0,1.4,2.8,8.958333333333334,1.2,0.6,1.8,0.6,53.8,3.736842105263158,67.6,2.236842105263158,0.1052631578947368,0.0,41.8,3.3157894736842106,69.0,2.8947368421052637,0.1842105263157894,0.0
2026-04-22 19:30:00,Barcelona,RC Celta de Vigo,1,0,False,1076,1781.7543016372422,1513.7426163536165,268.01168528362564,11.125,2.6,0.8,3.0,3.4,10.125,1.6,2.4,0.8,1.2,68.3,2.8421052631578947,63.9,1.6578947368421053,0.0789473684210526,0.0,53.6,3.8157894736842106,60.7,2.210526315789474,0.1578947368421052,0.0
2026-04-23 17:00:00,Levante UD,Sevilla,2,0,False,1077,1426.3946067137847,1423.0014651131664,3.3931416006182644,9.916666666666666,1.4,1.2,1.6,1.6,11.916666666666666,1.0,2.0,0.8,2.4,45.9,4.407894736842105,63.575,2.526315789473684,0.13815789473684204,1.0,50.5,3.8947368421052633,62.8,2.5789473684210527,0.2105263157894736,0.0
2026-04-23 18:00:00,Rayo Vallecano de Madrid,RCD Espanyol de Barcelona,1,0,False,1078,1471.2456324384848,1440.9063621564587,30.339270282026064,11.15625,0.6,1.2,1.0,1.8,12.0625,0.8,1.8,0.4,2.4,51.7,4.026315789473684,70.6,2.526315789473684,0.0789473684210526,0.0,39.8,5.078947368421052,73.6,2.3157894736842106,0.0263157894736842,0.0
2026-04-23 19:30:00,Real Oviedo,Villarreal,1,1,False,1079,1411.261491489077,1620.8679342428347,-209.60644275375785,11.125,1.6,1.0,2.0,0.8,11.020833333333334,1.6,1.0,2.0,1.4,45.9,4.407894736842105,63.575,2.526315789473684,0.13815789473684204,1.0,47.6,4.2105263157894735,68.1,2.526315789473684,0.1052631578947368,0.0
2026-04-24 19:00:00,Real Betis Balompié,Real Madrid,1,1,False,1080,1555.8252123101431,1706.125345702552,-150.30013339240895,2.9791666666666665,1.2,1.2,1.2,1.2,2.9791666666666665,2.2,1.4,2.0,1.0,52.4,3.710526315789474,64.5,1.973684210526316,0.1052631578947368,0.0,60.4,3.3157894736842106,69.8,1.5,0.1052631578947368,0.0
2026-04-25 12:00:00,Deportivo Alavés,RCD Mallorca,2,1,False,1081,1438.116000556648,1469.4094197348918,-31.293419178243767,3.6875,2.2,2.2,1.2,1.4,3.7916666666666665,1.8,1.0,2.0,2.4,45.3,3.473684210526316,63.6,2.8157894736842106,0.131578947368421,0.0,46.8,4.342105263157895,73.3,2.131578947368421,0.1578947368421052,0.0
2026-04-25 14:15:00,Getafe,Barcelona,0,2,False,1082,1508.9556811445507,1784.3182997137724,-275.3626185692217,2.84375,1.0,0.6,1.8,1.2,2.78125,2.6,0.8,3.0,1.2,41.8,3.3157894736842106,69.0,2.8947368421052637,0.1842105263157894,0.0,68.3,2.8421052631578947,63.9,1.6578947368421053,0.0789473684210526,0.0
2026-04-25 16:30:00,Valencia,Girona,2,1,False,1083,1479.1385721670395,1475.950947233254,3.1876249337854006,3.9791666666666665,1.0,1.2,0.8,1.8,3.875,1.4,1.0,1.4,1.2,48.4,3.8947368421052633,63.5,2.263157894736842,0.0263157894736842,0.0,56.3,4.315789473684211,63.4,2.0,0.0526315789473684,0.0
2026-04-25 19:00:00,Club Atlético de Madrid,Athletic Club,3,2,False,1084,1601.6519781017312,1500.9066166958673,100.74536140586383,3.0833333333333335,1.4,2.0,0.6,1.8,4.083333333333333,0.8,1.6,1.2,1.8,52.6,3.0526315789473686,74.1,1.973684210526316,0.0789473684210526,0.0,48.4,2.973684210526316,74.3,1.6842105263157894,0.0789473684210526,0.0
2026-04-26 12:00:00,Rayo Vallecano de Madrid,Real Sociedad de Fútbol,3,3,False,1085,1478.5684109924032,1507.359030054466,-28.790619062062888,2.75,0.6,1.0,1.4,1.4,3.75,1.8,1.6,1.4,2.2,51.7,4.026315789473684,70.6,2.526315789473684,0.0789473684210526,0.0,53.8,3.736842105263158,67.6,2.236842105263158,0.1052631578947368,0.0
2026-04-26 14:15:00,Real Oviedo,Elche,1,2,False,1086,1415.1988258992517,1445.1191587873782,-29.920332888126495,2.78125,1.6,1.0,2.0,0.8,3.8854166666666665,1.4,1.6,1.8,2.4,45.9,4.407894736842105,63.575,2.526315789473684,0.13815789473684204,1.0,45.9,4.407894736842105,63.575,2.526315789473684,0.13815789473684204,1.0
2026-04-26 16:30:00,CA Osasuna,Sevilla,2,1,False,1087,1497.3937576700757,1409.9096103365573,87.48414733351842,4.979166666666667,1.0,1.4,1.0,1.6,2.9791666666666665,0.8,2.2,0.6,2.0,46.1,4.921052631578948,72.2,2.3157894736842106,0.0,0.0,50.5,3.8947368421052633,62.8,2.5789473684210527,0.2105263157894736,0.0
2026-04-26 19:00:00,Villarreal,RC Celta de Vigo,2,1,False,1088,1616.93059983266,1511.1786182770863,105.7519815555736,2.9791666666666665,1.4,1.0,1.6,2.2,3.9791666666666665,1.4,2.2,0.8,1.4,47.6,4.2105263157894735,68.1,2.526315789473684,0.1052631578947368,0.0,53.6,3.8157894736842106,60.7,2.210526315789474,0.1578947368421052,0.0
2026-04-27 19:00:00,RCD Espanyol de Barcelona,Levante UD,0,0,False,1089,1433.5835836025403,1439.4864614903938,-5.902877887853492,4.041666666666667,0.6,1.8,0.2,1.0,4.083333333333333,1.6,1.0,2.0,2.4,39.8,5.078947368421052,73.6,2.3157894736842106,0.0263157894736842,0.0,45.9,4.407894736842105,63.575,2.526315789473684,0.13815789473684204,1.0
2026-05-01 19:00:00,Girona,RCD Mallorca,0,1,False,1090,1467.8887287421617,1460.3765408452161,7.512187896945534,6.104166666666667,1.0,1.4,0.8,1.8,6.291666666666667,1.6,1.2,1.4,2.2,56.3,4.315789473684211,63.4,2.0,0.0526315789473684,0.0,46.8,4.342105263157895,73.3,2.131578947368421,0.1578947368421052,0.0
2026-05-02 12:00:00,Villarreal,Levante UD,5,1,False,1091,1622.3768259569708,1441.1711968508694,181.20562910610147,5.708333333333333,1.6,1.0,2.0,2.6,4.708333333333333,1.4,0.8,2.0,2.0,47.6,4.2105263157894735,68.1,2.526315789473684,0.1052631578947368,0.0,45.9,4.407894736842105,63.575,2.526315789473684,0.13815789473684204,1.0
2026-05-02 14:15:00,Valencia,Club Atlético de Madrid,0,2,False,1092,1487.2007906581318,1607.2131705505592,-120.01237989242736,6.90625,1.4,1.2,1.4,1.6,6.802083333333333,1.8,2.4,0.6,2.2,48.4,3.8947368421052633,63.5,2.263157894736842,0.0263157894736842,0.0,52.6,3.0526315789473686,74.1,1.973684210526316,0.0789473684210526,0.0
2026-05-02 16:30:00,Deportivo Alavés,Athletic Club,2,4,False,1093,1447.1488794463237,1495.3454242470393,-48.19654480071563,7.1875,2.4,2.2,1.6,1.4,6.895833333333333,1.2,1.6,1.2,2.0,45.3,3.473684210526316,63.6,2.8157894736842106,0.131578947368421,0.0,48.4,2.973684210526316,74.3,1.6842105263157894,0.0789473684210526,0.0
2026-05-02 19:00:00,CA Osasuna,Barcelona,1,2,False,1094,1503.2665625811883,1791.7781534827523,-288.511590901564,6.104166666666667,1.2,1.0,1.6,1.6,7.197916666666667,2.0,0.4,3.0,0.8,46.1,4.921052631578948,72.2,2.3157894736842106,0.0,0.0,68.3,2.8421052631578947,63.9,1.6578947368421053,0.0789473684210526,0.0
2026-05-03 12:00:00,RC Celta de Vigo,Elche,3,1,False,1095,1505.7323921527754,1456.125415690707,49.60697646206836,6.708333333333333,1.4,2.4,0.6,1.4,6.90625,1.6,1.0,2.4,2.0,53.6,3.8157894736842106,60.7,2.210526315789474,0.1578947368421052,0.0,45.9,4.407894736842105,63.575,2.526315789473684,0.13815789473684204,1.0
2026-05-03 14:15:00,Getafe,Rayo Vallecano de Madrid,0,2,False,1096,1501.4958273755708,1477.529978191952,23.96584918361873,8.0,1.0,0.8,1.8,1.2,7.09375,1.0,1.4,1.4,1.6,41.8,3.3157894736842106,69.0,2.8947368421052637,0.1842105263157894,0.0,51.7,4.026315789473684,70.6,2.526315789473684,0.0789473684210526,0.0
2026-05-03 16:30:00,Real Betis Balompié,Real Oviedo,3,0,False,1097,1558.232179242366,1404.1925689959228,154.03961024644332,8.895833333333334,1.2,1.2,1.2,1.0,7.09375,1.6,1.4,1.4,2.2,52.4,3.710526315789474,64.5,1.973684210526316,0.1052631578947368,0.0,45.9,4.407894736842105,63.575,2.526315789473684,0.13815789473684204,1.0
2026-05-03 19:00:00,RCD Espanyol de Barcelona,Real Madrid,0,2,False,1098,1431.8988482420648,1703.718378770329,-271.8195305282643,6.0,0.4,1.4,0.4,1.0,9.0,1.6,1.4,1.6,1.2,39.8,5.078947368421052,73.6,2.3157894736842106,0.0263157894736842,0.0,60.4,3.3157894736842106,69.8,1.5,0.1052631578947368,0.0
2026-05-04 19:00:00,Sevilla,Real Sociedad de Fútbol,1,0,False,1099,1404.0368054254448,1508.3974628549172,-104.36065742947244,8.104166666666666,0.6,1.6,0.6,1.0,8.291666666666666,1.8,2.0,1.0,2.6,50.5,3.8947368421052633,62.8,2.5789473684210527,0.2105263157894736,0.0,53.8,3.736842105263158,67.6,2.236842105263158,0.1052631578947368,0.0
2026-05-08 19:00:00,Levante UD,CA Osasuna,3,2,False,1100,1433.8553456944574,1498.9381081277938,-65.08276243333648,6.291666666666667,0.8,1.4,1.4,2.0,6.0,1.2,1.4,1.0,1.4,45.9,4.407894736842105,63.575,2.526315789473684,0.13815789473684204,1.0,46.1,4.921052631578948,72.2,2.3157894736842106,0.0,0.0
2026-05-09 12:00:00,Elche,Deportivo Alavés,1,1,False,1101,1445.0494128084943,1430.1135728870966,14.935839921397701,6.0,1.4,1.4,1.8,1.6,6.8125,2.0,2.4,1.0,2.6,45.9,4.407894736842105,63.575,2.526315789473684,0.13815789473684204,1.0,45.3,3.473684210526316,63.6,2.8157894736842106,0.131578947368421,0.0
2026-05-09 14:15:00,Sevilla,RCD Espanyol de Barcelona,2,1,False,1102,1415.164874302938,1424.3211230132804,-9.156248710342425,4.802083333333333,0.8,1.2,1.2,1.0,5.802083333333333,0.2,1.4,0.4,1.8,50.5,3.8947368421052633,62.8,2.5789473684210527,0.2105263157894736,0.0,39.8,5.078947368421052,73.6,2.3157894736842106,0.0263157894736842,0.0
2026-05-09 16:30:00,Club Atlético de Madrid,RC Celta de Vigo,0,1,False,1103,1620.9114613505117,1516.8083950349883,104.10306631552339,7.09375,1.8,1.8,1.2,2.4,6.1875,1.4,1.8,1.2,1.4,52.6,3.0526315789473686,74.1,1.973684210526316,0.0789473684210526,0.0,53.6,3.8157894736842106,60.7,2.210526315789474,0.1578947368421052,0.0
2026-05-09 19:00:00,Real Sociedad de Fútbol,Real Betis Balompié,2,2,False,1104,1497.269393977424,1565.9608843088074,-68.69149033138342,5.0,1.6,1.6,1.0,2.2,6.104166666666667,1.6,0.8,1.8,1.6,53.8,3.736842105263158,67.6,2.236842105263158,0.1052631578947368,0.0,52.4,3.710526315789474,64.5,1.973684210526316,0.1052631578947368,0.0
2026-05-10 12:00:00,RCD Mallorca,Villarreal,1,1,False,1105,1472.4338249931754,1629.6926771133828,-157.2588521202074,8.708333333333334,1.6,0.8,2.0,1.6,8.0,2.0,1.0,2.0,1.6,46.8,4.342105263157895,73.3,2.131578947368421,0.1578947368421052,0.0,47.6,4.2105263157894735,68.1,2.526315789473684,0.1052631578947368,0.0
2026-05-10 14:15:00,Athletic Club,Valencia,0,1,False,1106,1512.3807308062665,1473.5024998581794,38.878230948087094,7.90625,1.6,1.8,1.2,1.2,8.0,1.0,1.6,0.8,1.0,48.4,2.973684210526316,74.3,1.6842105263157894,0.0789473684210526,0.0,48.4,3.8947368421052633,63.5,2.263157894736842,0.0263157894736842,0.0
2026-05-10 16:30:00,Real Oviedo,Getafe,0,0,False,1107,1396.4638639294815,1481.1734040148058,-84.7095400853243,7.0,1.2,1.2,1.4,0.8,7.09375,0.6,1.0,1.2,0.6,45.9,4.407894736842105,63.575,2.526315789473684,0.13815789473684204,1.0,41.8,3.3157894736842106,69.0,2.8947368421052637,0.1842105263157894,0.0
2026-05-10 19:00:00,Barcelona,Real Madrid,2,0,False,1108,1796.1066079361467,1711.2961039991135,84.81050393703322,8.0,2.2,0.6,3.0,3.0,7.0,1.4,1.0,1.6,1.2,68.3,2.8421052631578947,63.9,1.6578947368421053,0.0789473684210526,0.0,60.4,3.3157894736842106,69.8,1.5,0.1052631578947368,0.0
2026-05-11 19:00:00,Rayo Vallecano de Madrid,Girona,1,1,False,1109,1497.852401552717,1455.8314445942024,42.02095695851472,8.197916666666666,1.4,1.2,2.0,1.8,10.0,1.0,1.4,0.8,1.4,51.7,4.026315789473684,70.6,2.526315789473684,0.0789473684210526,0.0,56.3,4.315789473684211,63.4,2.0,0.0526315789473684,0.0
2026-05-12 17:00:00,RC Celta de Vigo,Levante UD,2,3,False,1110,1531.324469750806,1443.857727788728,87.466741962078,3.0208333333333335,1.0,1.4,1.2,1.8,3.9166666666666665,1.4,1.4,2.0,2.2,53.6,3.8157894736842106,60.7,2.210526315789474,0.1578947368421052,0.0,45.9,4.407894736842105,63.575,2.526315789473684,0.13815789473684204,1.0
2026-05-12 18:00:00,Real Betis Balompié,Elche,2,1,False,1111,1565.8546386741953,1442.7884286047915,123.06621006940372,2.9583333333333335,2.0,1.2,1.8,1.4,3.25,1.6,1.4,2.0,2.2,52.4,3.710526315789474,64.5,1.973684210526316,0.1052631578947368,0.0,45.9,4.407894736842105,63.575,2.526315789473684,0.13815789473684204,1.0
2026-05-12 19:30:00,CA Osasuna,Club Atlético de Madrid,1,2,False,1112,1488.9357260335232,1606.395386634694,-117.45966060117075,4.020833333333333,1.2,1.6,0.8,1.4,3.125,1.6,1.6,1.2,1.6,46.1,4.921052631578948,72.2,2.3157894736842106,0.0,0.0,52.6,3.0526315789473686,74.1,1.973684210526316,0.0789473684210526,0.0
2026-05-13 17:00:00,Villarreal,Sevilla,2,3,False,1113,1627.0979560652793,1423.5712617698616,203.52669429541766,3.2083333333333335,2.2,1.0,2.2,2.8,4.114583333333333,1.2,1.2,1.8,2.4,47.6,4.2105263157894735,68.1,2.526315789473684,0.1052631578947368,0.0,50.5,3.8947368421052633,62.8,2.5789473684210527,0.2105263157894736,0.0
2026-05-13 17:00:00,RCD Espanyol de Barcelona,Athletic Club,2,0,False,1114,1415.9147355463567,1499.4768907314256,-83.56215518506883,4.114583333333333,0.4,1.8,0.2,0.8,3.1145833333333335,1.6,1.6,1.2,2.2,39.8,5.078947368421052,73.6,2.3157894736842106,0.0263157894736842,0.0,48.4,2.973684210526316,74.3,1.6842105263157894,0.0789473684210526,0.0
2026-05-13 19:30:00,Deportivo Alavés,Barcelona,1,0,False,1115,1432.3745570907993,1805.753993450244,-373.37943635944475,4.3125,1.8,2.2,1.0,1.8,3.0208333333333335,2.2,0.4,3.0,0.8,45.3,3.473684210526316,63.6,2.8157894736842106,0.131578947368421,0.0,68.3,2.8421052631578947,63.9,1.6578947368421053,0.0789473684210526,0.0
2026-05-13 19:30:00,Getafe,RCD Mallorca,3,1,False,1116,1480.606725602271,1475.028546041279,5.5781795609918845,3.125,0.2,1.0,0.8,0.8,3.3125,1.4,0.8,1.6,1.6,41.8,3.3157894736842106,69.0,2.8947368421052637,0.1842105263157894,0.0,46.8,4.342105263157895,73.3,2.131578947368421,0.1578947368421052,0.0
2026-05-14 17:00:00,Valencia,Rayo Vallecano de Madrid,1,1,False,1117,1486.4063399330203,1494.8659532085805,-8.459613275560287,4.114583333333333,0.8,1.0,1.4,1.6,2.9166666666666665,1.4,1.4,1.6,1.2,48.4,3.8947368421052633,63.5,2.263157894736842,0.0263157894736842,0.0,51.7,4.026315789473684,70.6,2.526315789473684,0.0789473684210526,0.0
2026-05-14 18:00:00,Girona,Real Sociedad de Fútbol,1,1,False,1118,1458.817892938339,1497.3756396120361,-38.55774667369724,2.9583333333333335,1.0,1.6,0.4,1.4,4.958333333333333,1.6,2.0,0.6,2.0,56.3,4.315789473684211,63.4,2.0,0.0526315789473684,0.0,53.8,3.736842105263158,67.6,2.236842105263158,0.1052631578947368,0.0
2026-05-14 19:30:00,Real Madrid,Real Oviedo,2,0,False,1119,1701.6487184850162,1397.0305423420164,304.6181761429998,4.020833333333333,1.2,1.0,1.6,2.0,4.125,1.0,1.2,1.0,2.2,60.4,3.3157894736842106,69.8,1.5,0.1052631578947368,0.0,45.9,4.407894736842105,63.575,2.526315789473684,0.13815789473684204,1.0
2026-05-17 17:00:00,Levante UD,RCD Mallorca,2,0,False,1120,1457.9845072355506,1462.0349068298092,-4.050399594258579,5.0,1.8,1.8,2.0,2.2,3.8958333333333335,1.0,1.4,1.0,1.8,45.9,4.407894736842105,63.575,2.526315789473684,0.13815789473684204,1.0,46.8,4.342105263157895,73.3,2.131578947368421,0.1578947368421052,0.0
2026-05-17 17:00:00,Sevilla,Real Madrid,0,1,False,1121,1440.0572830952692,1705.1078292580783,-265.05054616280904,4.0,1.4,1.4,1.8,1.2,2.8958333333333335,1.4,0.8,2.0,1.2,50.5,3.8947368421052633,62.8,2.5789473684210527,0.2105263157894736,0.0,60.4,3.3157894736842106,69.8,1.5,0.1052631578947368,0.0
2026-05-17 17:00:00,CA Osasuna,RCD Espanyol de Barcelona,1,2,False,1122,1480.4342656614403,1433.0320858418347,47.402179819605635,4.895833333333333,1.2,1.8,0.6,1.2,4.0,0.6,1.0,0.8,1.8,46.1,4.921052631578948,72.2,2.3157894736842106,0.0,0.0,39.8,5.078947368421052,73.6,2.3157894736842106,0.0263157894736842,0.0
2026-05-17 17:00:00,Real Oviedo,Deportivo Alavés,0,1,False,1123,1393.5714315689543,1449.476557489851,-55.90512592089681,2.8958333333333335,0.4,1.6,0.4,0.8,3.8958333333333335,1.4,1.6,1.4,2.4,45.9,4.407894736842105,63.575,2.526315789473684,0.13815789473684204,1.0,45.3,3.473684210526316,63.6,2.8157894736842106,0.131578947368421,0.0
2026-05-17 17:00:00,Real Sociedad de Fútbol,Valencia,3,4,False,1124,1498.1352427999068,1484.7931920984602,13.342050701446624,2.9583333333333335,1.2,1.6,0.6,2.0,3.0,1.0,1.0,1.6,0.6,53.8,3.736842105263158,67.6,2.236842105263158,0.1052631578947368,0.0,48.4,3.8947368421052633,63.5,2.263157894736842,0.0263157894736842,0.0
2026-05-17 17:00:00,Elche,Getafe,1,0,False,1125,1437.728127850317,1493.6003648137407,-55.8722369634238,4.958333333333333,1.6,1.8,1.4,1.8,3.8958333333333335,0.8,1.0,1.4,0.6,45.9,4.407894736842105,63.575,2.526315789473684,0.13815789473684204,1.0,41.8,3.3157894736842106,69.0,2.8947368421052637,0.1842105263157894,0.0
2026-05-17 17:00:00,Club Atlético de Madrid,Girona,1,0,False,1126,1614.8968470067769,1458.0582897504682,156.8385572563086,4.895833333333333,1.8,1.4,1.8,1.6,2.9583333333333335,1.0,1.6,0.4,1.2,52.6,3.0526315789473686,74.1,1.973684210526316,0.0789473684210526,0.0,56.3,4.315789473684211,63.4,2.0,0.0526315789473684,0.0
2026-05-17 17:00:00,Athletic Club,RC Celta de Vigo,1,1,False,1127,1482.3595404359476,1517.1976903039833,-34.83814986803577,4.0,1.4,1.6,1.2,0.8,5.0,1.4,1.4,1.2,1.2,48.4,2.973684210526316,74.3,1.6842105263157894,0.0789473684210526,0.0,53.6,3.8157894736842106,60.7,2.210526315789474,0.1578947368421052,0.0
2026-05-17 17:00:00,Rayo Vallecano de Madrid,Villarreal,2,0,False,1128,1496.4791010431406,1610.6119347398717,-114.13283369673104,3.0,1.6,1.0,1.8,1.4,4.0,2.2,1.4,1.6,1.0,51.7,4.026315789473684,70.6,2.526315789473684,0.0789473684210526,0.0,47.6,4.2105263157894735,68.1,2.526315789473684,0.1052631578947368,0.0
2026-05-17 19:15:00,Barcelona,Real Betis Balompié,3,1,False,1129,1788.6519930511922,1570.9149394286699,217.73705362252235,3.9895833333333335,1.4,0.4,2.4,2.6,5.052083333333333,2.2,1.2,2.2,1.8,68.3,2.8421052631578947,63.9,1.6578947368421053,0.0789473684210526,0.0,52.4,3.710526315789474,64.5,1.973684210526316,0.1052631578947368,0.0
2026-05-23 19:00:00,Valencia,Barcelona,3,1,False,1130,1497.0106035212402,1793.9873283185473,-296.97672479730704,6.083333333333333,1.6,1.4,2.0,1.6,5.989583333333333,1.8,0.6,2.4,0.6,48.4,3.8947368421052633,63.5,2.263157894736842,0.0263157894736842,0.0,68.3,2.8421052631578947,63.9,1.6578947368421053,0.0789473684210526,0.0
2026-05-23 19:00:00,Real Madrid,Athletic Club,4,2,False,1131,1709.9118285919685,1481.4935869204146,228.41824167155391,6.083333333333333,1.2,0.6,2.0,2.4,6.083333333333333,1.4,1.8,0.8,2.4,60.4,3.3157894736842106,69.8,1.5,0.1052631578947368,0.0,48.4,2.973684210526316,74.3,1.6842105263157894,0.0789473684210526,0.0
2026-05-23 19:00:00,Girona,Elche,1,1,False,1132,1453.6970816699793,1447.465470138284,6.231611531695307,6.083333333333333,0.6,1.2,0.4,1.4,6.083333333333333,1.2,1.4,1.4,2.2,56.3,4.315789473684211,63.4,2.0,0.0526315789473684,0.0,45.9,4.407894736842105,63.575,2.526315789473684,0.13815789473684204,1.0
2026-05-23 19:00:00,RCD Mallorca,Real Oviedo,3,0,False,1133,1448.6067089755518,1383.3097198264961,65.29698914905566,6.083333333333333,0.8,1.6,0.8,1.8,6.083333333333333,0.2,1.6,0.2,2.0,46.8,4.342105263157895,73.3,2.131578947368421,0.1578947368421052,0.0,45.9,4.407894736842105,63.575,2.526315789473684,0.13815789473684204,1.0
2026-05-23 19:00:00,RCD Espanyol de Barcelona,Real Sociedad de Fútbol,1,1,False,1134,1446.1589436221423,1485.9178313771267,-39.75888775498447,6.083333333333333,1.0,1.0,1.4,0.8,6.083333333333333,1.8,2.2,0.6,2.2,39.8,5.078947368421052,73.6,2.3157894736842106,0.0263157894736842,0.0,53.8,3.736842105263158,67.6,2.236842105263158,0.1052631578947368,0.0
2026-05-23 19:00:00,Getafe,CA Osasuna,1,0,False,1135,1483.8630225257737,1467.3074078811328,16.555614644640855,6.083333333333333,0.6,1.2,0.8,1.4,6.083333333333333,1.4,2.0,0.6,2.0,41.8,3.3157894736842106,69.0,2.8947368421052637,0.1842105263157894,0.0,46.1,4.921052631578948,72.2,2.3157894736842106,0.0,0.0
2026-05-23 19:00:00,RC Celta de Vigo,Sevilla,1,0,False,1136,1518.0636438195163,1435.253283761379,82.81036005813735,6.083333333333333,1.6,1.4,1.4,1.8,6.083333333333333,1.4,1.2,1.8,2.4,53.6,3.8157894736842106,60.7,2.210526315789474,0.1578947368421052,0.0,50.5,3.8947368421052633,62.8,2.5789473684210527,0.2105263157894736,0.0
2026-05-23 19:00:00,Real Betis Balompié,Levante UD,2,1,False,1137,1565.5796041613148,1471.412705089808,94.1668990715068,5.989583333333333,1.8,1.4,1.6,1.4,6.083333333333333,1.8,1.8,2.0,2.0,52.4,3.710526315789474,64.5,1.973684210526316,0.1052631578947368,0.0,45.9,4.407894736842105,63.575,2.526315789473684,0.13815789473684204,1.0
2026-05-23 19:00:00,Deportivo Alavés,Rayo Vallecano de Madrid,1,2,False,1138,1459.7382692323092,1515.0119083276873,-55.27363909537803,6.083333333333333,1.4,1.2,2.0,1.6,6.083333333333333,1.8,1.0,1.8,1.2,45.3,3.473684210526316,63.6,2.8157894736842106,0.131578947368421,0.0,51.7,4.026315789473684,70.6,2.526315789473684,0.0789473684210526,0.0
2026-05-24 19:00:00,Villarreal,Club Atlético de Madrid,5,1,False,1139,1592.079127455325,1619.2580550872658,-27.178927631940724,7.083333333333333,2.0,1.6,1.4,2.8,7.083333333333333,1.6,0.8,2.4,1.8,47.6,4.2105263157894735,68.1,2.526315789473684,0.1052631578947368,0.0,52.6,3.0526315789473686,74.1,1.973684210526316,0.0789473684210526,0.0
