Date,HomeTeam,AwayTeam,FTHG,FTAG,is_fixture,match_id,HomeElo,AwayElo,EloDiff,HomeRestDays,Home_GF5,Home_GA5,Home_PPM5,HomeGF_Home,AwayRestDays,Away_GF5,Away_GA5,Away_PPM5,AwayGA_Away,Home_PrevPoss,Home_PrevSoTA90,Home_PrevSavePct,Home_PrevCrdY90,Home_PrevCrdR90,HomeNoPrev,Away_PrevPoss,Away_PrevSoTA90,Away_PrevSavePct,Away_PrevCrdY90,Away_PrevCrdR90,AwayNoPrev
2024-08-15 17:00:00,Athletic Club,Getafe,1,1,False,380,1564.9318849590818,1448.521035040341,116.41084991874072,14.0,1.6,0.8,2.0,1.6,14.0,0.2,1.8,0.0,0.8,49.8,3.526315789473684,72.4,2.1052631578947367,0.131578947368421,0.0,44.8,4.552631578947368,68.8,3.5526315789473686,0.2631578947368421,0.0
2024-08-15 19:30:00,Real Betis Balompié,Girona,1,1,False,381,1518.9368014455472,1597.269024353384,-78.33222290783692,14.0,1.4,1.2,1.6,1.6,14.0,3.2,1.2,2.0,1.4,50.4,4.157894736842105,71.5,2.289473684210526,0.0789473684210526,0.0,56.9,4.421052631578948,72.6,1.973684210526316,0.0263157894736842,0.0
2024-08-16 17:00:00,RC Celta de Vigo,Deportivo Alavés,2,1,False,382,1476.9815207218367,1485.6292461568055,-8.647725434968834,14.0,1.8,1.4,2.0,2.2,14.0,1.0,1.6,1.6,2.0,46.1,4.315789473684211,65.2,1.736842105263158,0.131578947368421,0.0,41.8,3.8684210526315783,68.7,2.210526315789474,0.0263157894736842,0.0
2024-08-16 19:30:00,UD Las Palmas,Sevilla,2,2,False,383,1439.1713839400443,1474.0780705526531,-34.90668661260884,14.0,0.6,1.2,0.6,0.6,14.0,1.2,1.6,0.6,1.2,59.2,4.105263157894737,69.9,2.210526315789474,0.131578947368421,0.0,50.3,4.605263157894737,69.1,2.8421052631578947,0.1052631578947368,0.0
2024-08-17 17:00:00,CA Osasuna,CD Leganés,1,1,False,384,1468.9300162373736,1450.0,18.930016237373593,14.0,1.6,1.4,1.2,0.8,14.0,1.3229166666666667,1.3229166666666667,1.3567708333333333,1.3229166666666667,47.5,4.0,63.2,2.0526315789473686,0.131578947368421,0.0,45.45,4.565789473684211,68.5,2.776315789473684,0.131578947368421,1.0
2024-08-17 19:30:00,Valencia,Barcelona,1,2,False,385,1477.997384427551,1617.0544467409054,-139.05706231335444,14.0,0.6,1.4,0.4,0.4,14.0,2.2,1.0,2.4,1.6,44.3,4.2105263157894735,71.9,1.6842105263157894,0.131578947368421,0.0,64.3,3.710526315789474,68.8,2.289473684210526,0.0526315789473684,0.0
2024-08-18 17:00:00,Real Sociedad de Fútbol,Rayo Vallecano de Madrid,1,2,False,386,1528.7752551379776,1450.8186804250342,77.9565747129434,14.0,1.0,0.8,1.8,1.0,14.0,0.4,1.2,0.8,1.4,55.3,3.5526315789473686,71.1,2.5789473684210527,0.0526315789473684,0.0,49.4,3.973684210526316,68.2,2.8421052631578947,0.131578947368421,0.0
2024-08-18 19:30:00,RCD Mallorca,Real Madrid,1,1,False,387,1469.5680063095135,1666.4145632516284,-196.84655694211483,14.0,1.2,1.0,1.6,0.8,14.0,3.2,0.8,2.2,1.2,45.0,3.8947368421052633,70.3,2.763157894736842,0.1052631578947368,0.0,59.2,3.131578947368421,78.2,1.8157894736842104,0.1052631578947368,0.0
2024-08-19 17:00:00,Real Valladolid,RCD Espanyol de Barcelona,1,0,False,388,1450.0,1450.0,0.0,14.0,1.3221649484536082,1.3221649484536082,1.3556701030927836,1.3221649484536082,14.0,1.3221649484536082,1.3221649484536082,1.3556701030927836,1.3221649484536082,45.45,4.565789473684211,68.5,2.776315789473684,0.131578947368421,1.0,45.45,4.565789473684211,68.5,2.776315789473684,0.131578947368421,1.0
2024-08-19 19:30:00,Villarreal,Club Atlético de Madrid,2,2,False,389,1530.013063950106,1571.8131877083608,-41.80012375825481,14.0,2.2,2.0,1.6,2.4,14.0,1.6,0.8,2.4,0.6,49.6,5.631578947368421,69.6,2.8947368421052637,0.2105263157894736,0.0,50.8,3.789473684210526,70.1,2.3421052631578947,0.131578947368421,0.0
2024-08-23 17:00:00,RC Celta de Vigo,Valencia,3,1,False,390,1485.3736467570761,1470.0972124899067,15.276434267169407,7.0,1.6,1.2,2.0,2.6,5.895833333333333,0.8,1.6,0.4,1.4,46.1,4.315789473684211,65.2,1.736842105263158,0.131578947368421,0.0,44.3,4.2105263157894735,71.9,1.6842105263157894,0.131578947368421,0.0
2024-08-23 19:30:00,Sevilla,Villarreal,1,2,False,391,1474.9420661810761,1529.3463085279257,-54.404242346849514,7.0,1.0,2.0,0.2,1.4,4.0,2.2,1.8,1.8,1.2,50.3,4.605263157894737,69.1,2.8421052631578947,0.1052631578947368,0.0,49.6,5.631578947368421,69.6,2.8947368421052637,0.2105263157894736,0.0
2024-08-24 15:00:00,CA Osasuna,RCD Mallorca,1,0,False,392,1466.560234879388,1473.1906067612056,-6.630371881817609,6.916666666666667,1.8,1.2,1.4,0.6,5.8125,1.4,1.0,1.8,1.0,47.5,4.0,63.2,2.0526315789473686,0.131578947368421,0.0,45.0,3.8947368421052633,70.3,2.763157894736842,0.1052631578947368,0.0
2024-08-24 17:00:00,Barcelona,Athletic Club,2,1,False,393,1624.9546186785497,1560.1383666789843,64.81625199956534,6.895833333333333,2.2,0.4,3.0,2.2,9.0,1.4,1.0,1.6,1.4,64.3,3.710526315789474,68.8,2.289473684210526,0.0526315789473684,0.0,49.8,3.526315789473684,72.4,2.1052631578947367,0.131578947368421,0.0
2024-08-24 19:30:00,RCD Espanyol de Barcelona,Real Sociedad de Fútbol,0,1,False,394,1441.8493246116866,1514.8781208844803,-73.02879627279367,5.104166666666667,1.3223350253807107,1.3223350253807107,1.3565989847715736,1.3223350253807107,6.104166666666667,0.8,1.2,1.2,1.0,45.45,4.565789473684211,68.5,2.776315789473684,0.131578947368421,1.0,55.3,3.5526315789473686,71.1,2.5789473684210527,0.0526315789473684,0.0
2024-08-24 19:30:00,Getafe,Rayo Vallecano de Madrid,0,0,False,395,1453.3145533204386,1464.7158146785316,-11.401261358093052,9.104166666666666,0.4,1.6,0.2,0.4,6.104166666666667,0.8,1.2,1.4,1.4,44.8,4.552631578947368,68.8,3.5526315789473686,0.2631578947368421,0.0,49.4,3.973684210526316,68.2,2.8421052631578947,0.131578947368421,0.0
2024-08-25 15:00:00,Real Madrid,Real Valladolid,3,0,False,396,1662.7919627999363,1458.1506753883134,204.6412874116229,6.8125,2.8,1.0,1.8,2.6,5.916666666666667,1.3169191919191918,1.3169191919191918,1.356060606060606,1.3169191919191918,59.2,3.131578947368421,78.2,1.8157894736842104,0.1052631578947368,0.0,45.45,4.565789473684211,68.5,2.776315789473684,0.131578947368421,1.0
2024-08-25 17:00:00,CD Leganés,UD Las Palmas,2,1,False,397,1452.3697813579856,1438.3073883116213,14.062393046364377,8.0,1.3173803526448362,1.3173803526448362,1.3564231738035264,1.3173803526448362,8.895833333333334,1.0,1.2,0.8,1.6,45.45,4.565789473684211,68.5,2.776315789473684,0.131578947368421,1.0,59.2,4.105263157894737,69.9,2.210526315789474,0.131578947368421,0.0
2024-08-25 17:15:00,Deportivo Alavés,Real Betis Balompié,0,0,False,398,1477.237120121566,1519.3203454288698,-42.08322530730379,9.010416666666666,1.0,2.0,1.0,1.6,9.90625,1.2,1.4,1.2,1.2,41.8,3.8684210526315783,68.7,2.210526315789474,0.0263157894736842,0.0,50.4,4.157894736842105,71.5,2.289473684210526,0.0789473684210526,0.0
2024-08-25 19:30:00,Club Atlético de Madrid,Girona,3,0,False,399,1572.4799431305412,1596.8854803700615,-24.4055372395203,6.0,1.8,1.2,2.0,1.6,10.0,2.6,1.0,1.6,1.4,50.8,3.789473684210526,70.1,2.3421052631578947,0.131578947368421,0.0,56.9,4.421052631578948,72.6,1.973684210526316,0.0263157894736842,0.0
2024-08-26 19:30:00,Villarreal,RC Celta de Vigo,4,3,False,400,1539.6511844354482,1497.934435104749,41.71674933069926,3.0,2.0,1.6,1.8,2.6,3.1041666666666665,2.2,1.2,2.6,1.6,49.6,5.631578947368421,69.6,2.8947368421052637,0.2105263157894736,0.0,46.1,4.315789473684211,65.2,1.736842105263158,0.131578947368421,0.0
2024-08-27 17:00:00,RCD Mallorca,Sevilla,0,0,False,401,1464.8549903291507,1464.6371902735536,0.21780005559708115,3.0833333333333335,1.2,1.2,1.2,0.8,3.8958333333333335,0.8,1.8,0.2,1.6,45.0,3.8947368421052633,70.3,2.763157894736842,0.1052631578947368,0.0,50.3,4.605263157894737,69.1,2.8421052631578947,0.1052631578947368,0.0
2024-08-27 19:30:00,Rayo Vallecano de Madrid,Barcelona,1,2,False,402,1466.246387521569,1631.3828934131782,-165.1365058916092,3.0,0.8,1.2,1.4,0.8,3.1041666666666665,2.2,0.6,3.0,1.8,49.4,3.973684210526316,68.2,2.8421052631578947,0.131578947368421,0.0,64.3,3.710526315789474,68.8,2.289473684210526,0.0526315789473684,0.0
2024-08-28 17:00:00,Real Valladolid,CD Leganés,0,0,False,403,1452.0336684001609,1460.1326653326153,-8.098996932454384,3.0833333333333335,1.317617866004963,1.317617866004963,1.3560794044665012,1.317617866004963,3.0,1.317617866004963,1.317617866004963,1.3560794044665012,1.317617866004963,45.45,4.565789473684211,68.5,2.776315789473684,0.131578947368421,1.0,45.45,4.565789473684211,68.5,2.776315789473684,0.131578947368421,1.0
2024-08-28 17:00:00,Athletic Club,Valencia,1,0,False,404,1553.7100919443558,1457.536424142234,96.17366780212183,4.0,1.2,1.0,1.4,1.4,5.0,1.0,2.2,0.2,2.0,49.8,3.526315789473684,72.4,2.1052631578947367,0.131578947368421,0.0,44.3,4.2105263157894735,71.9,1.6842105263157894,0.131578947368421,0.0
2024-08-28 19:30:00,Real Sociedad de Fútbol,Deportivo Alavés,1,2,False,405,1524.6470746776295,1476.5784772315335,48.068597446095964,4.0,1.0,0.8,1.8,0.8,3.09375,0.6,1.6,1.0,2.0,55.3,3.5526315789473686,71.1,2.5789473684210527,0.0526315789473684,0.0,41.8,3.8684210526315783,68.7,2.210526315789474,0.0263157894736842,0.0
2024-08-28 19:30:00,Club Atlético de Madrid,RCD Espanyol de Barcelona,0,0,False,406,1587.944492647536,1432.0803708185374,155.86412182899858,3.0,2.2,1.2,2.0,2.2,4.0,1.312807881773399,1.312807881773399,1.3559113300492611,1.312807881773399,50.8,3.789473684210526,70.1,2.3421052631578947,0.131578947368421,0.0,45.45,4.565789473684211,68.5,2.776315789473684,0.131578947368421,1.0
2024-08-29 17:00:00,Girona,CA Osasuna,4,0,False,407,1581.4209308530667,1474.8958513114428,106.52507954162388,3.8958333333333335,2.2,1.2,1.4,3.6,5.083333333333333,1.6,0.8,1.8,1.6,56.9,4.421052631578948,72.6,1.973684210526316,0.0263157894736842,0.0,47.5,4.0,63.2,2.0526315789473686,0.131578947368421,0.0
2024-08-29 19:30:00,UD Las Palmas,Real Madrid,1,1,False,408,1430.5445043369916,1668.9089697880888,-238.3644654510972,4.104166666666667,1.2,1.4,0.8,1.0,4.1875,2.6,1.0,1.8,1.0,59.2,4.105263157894737,69.9,2.210526315789474,0.131578947368421,0.0,59.2,3.131578947368421,78.2,1.8157894736842104,0.1052631578947368,0.0
2024-08-31 15:00:00,Barcelona,Real Valladolid,7,0,False,409,1638.577973176564,1450.4104129856944,188.1675601908696,3.8125,2.2,0.8,3.0,2.4,2.9166666666666665,0.3333333333333333,1.0,1.3333333333333333,1.3105134474327629,64.3,3.710526315789474,68.8,2.289473684210526,0.0526315789473684,0.0,45.45,4.565789473684211,68.5,2.776315789473684,0.131578947368421,1.0
2024-08-31 17:00:00,Athletic Club,Club Atlético de Madrid,0,1,False,410,1559.377556894891,1582.3248598238288,-22.947302928937688,3.0,1.2,0.6,2.0,1.4,2.8958333333333335,1.6,1.2,1.6,0.8,49.8,3.526315789473684,72.4,2.1052631578947367,0.131578947368421,0.0,50.8,3.789473684210526,70.1,2.3421052631578947,0.131578947368421,0.0
2024-08-31 17:15:00,RCD Espanyol de Barcelona,Rayo Vallecano de Madrid,2,1,False,411,1437.7000036422446,1459.0513077581832,-21.351304115938547,2.90625,0.0,0.6666666666666666,0.3333333333333333,1.313868613138686,3.90625,0.6,1.4,0.8,1.4,45.45,4.565789473684211,68.5,2.776315789473684,0.131578947368421,1.0,49.4,3.973684210526316,68.2,2.8421052631578947,0.131578947368421,0.0
2024-08-31 19:30:00,Valencia,Villarreal,1,1,False,412,1451.8689591916987,1546.6727130558238,-94.80375386412516,3.1041666666666665,1.0,2.2,0.2,0.6,5.0,2.6,2.2,1.8,1.2,44.3,4.2105263157894735,71.9,1.6842105263157894,0.131578947368421,0.0,49.6,5.631578947368421,69.6,2.8947368421052637,0.2105263157894736,0.0
2024-08-31 19:30:00,CD Leganés,RCD Mallorca,0,1,False,413,1461.7559207470817,1462.9996120232443,-1.243691276162508,3.1041666666666665,1.0,0.6666666666666666,1.6666666666666667,1.3135593220338984,4.104166666666667,1.0,1.0,1.2,1.2,45.45,4.565789473684211,68.5,2.776315789473684,0.131578947368421,1.0,45.0,3.8947368421052633,70.3,2.763157894736842,0.1052631578947368,0.0
2024-09-01 15:00:00,Deportivo Alavés,UD Las Palmas,2,0,False,414,1489.7226302823603,1435.157674310825,54.564955971535255,3.8125,1.0,0.8,1.6,1.6,2.8125,1.0,1.2,0.8,1.8,41.8,3.8684210526315783,68.7,2.210526315789474,0.0263157894736842,0.0,59.2,4.105263157894737,69.9,2.210526315789474,0.131578947368421,0.0
2024-09-01 15:00:00,CA Osasuna,RC Celta de Vigo,3,2,False,415,1464.717213692942,1490.9129064843733,-26.195692791431156,2.9166666666666665,1.4,1.4,1.6,0.8,5.8125,2.4,1.8,2.0,2.2,47.5,4.0,63.2,2.0526315789473686,0.131578947368421,0.0,46.1,4.315789473684211,65.2,1.736842105263158,0.131578947368421,0.0
2024-09-01 17:00:00,Sevilla,Girona,0,2,False,416,1466.49256857946,1591.5995684715674,-125.1069998921073,5.0,0.8,1.6,0.4,1.4,3.0,3.0,1.0,2.0,1.4,50.3,4.605263157894737,69.1,2.8421052631578947,0.1052631578947368,0.0,56.9,4.421052631578948,72.6,1.973684210526316,0.0263157894736842,0.0
2024-09-01 17:15:00,Getafe,Real Sociedad de Fútbol,0,0,False,417,1451.7839804774012,1511.5029216268026,-59.71894114940142,7.90625,0.4,1.4,0.4,0.4,3.90625,1.0,1.2,1.2,0.6,44.8,4.552631578947368,68.8,3.5526315789473686,0.2631578947368421,0.0,55.3,3.5526315789473686,71.1,2.5789473684210527,0.0526315789473684,0.0
2024-09-01 19:30:00,Real Madrid,Real Betis Balompié,2,0,False,418,1664.2957998142554,1519.9789883189023,144.31681149535302,3.0,1.8,1.2,1.4,2.8,7.09375,0.6,1.0,0.8,0.6,59.2,3.131578947368421,78.2,1.8157894736842104,0.1052631578947368,0.0,50.4,4.157894736842105,71.5,2.289473684210526,0.0789473684210526,0.0
2024-09-13 19:00:00,Real Betis Balompié,CD Leganés,2,0,False,419,1512.484477029537,1449.9411909670466,62.543286062490324,11.979166666666666,0.2,1.0,0.6,1.4,12.979166666666666,0.75,0.75,1.25,1.3090692124105012,50.4,4.157894736842105,71.5,2.289473684210526,0.0789473684210526,0.0,45.45,4.565789473684211,68.5,2.776315789473684,0.131578947368421,1.0
2024-09-14 12:00:00,RCD Mallorca,Villarreal,1,2,False,420,1474.8143418032794,1545.8169900004036,-71.00264819712424,13.6875,0.8,0.6,1.6,0.8,13.6875,2.0,1.6,1.8,1.2,45.0,3.8947368421052633,70.3,2.763157894736842,0.1052631578947368,0.0,49.6,5.631578947368421,69.6,2.8947368421052637,0.2105263157894736,0.0
2024-09-14 14:15:00,RCD Espanyol de Barcelona,Deportivo Alavés,3,2,False,421,1446.4502612397646,1500.5912075073118,-54.14094626754718,13.875,0.5,0.75,1.0,1.3087885985748218,12.96875,1.2,0.8,1.6,1.8,45.45,4.565789473684211,68.5,2.776315789473684,0.131578947368421,1.0,41.8,3.8684210526315783,68.7,2.210526315789474,0.0263157894736842,0.0
2024-09-14 16:30:00,Sevilla,Getafe,1,0,False,422,1453.0261335674143,1451.6319910902907,1.3941424771235233,12.979166666666666,0.8,1.6,0.4,1.0,12.96875,0.4,0.8,0.6,0.8,50.3,4.605263157894737,69.1,2.8421052631578947,0.1052631578947368,0.0,44.8,4.552631578947368,68.8,3.5526315789473686,0.2631578947368421,0.0
2024-09-14 19:00:00,Real Sociedad de Fútbol,Real Madrid,0,2,False,423,1511.654911013913,1671.7903111036208,-160.13540008970767,13.072916666666666,0.6,1.2,0.8,1.0,12.979166666666666,1.4,0.4,1.8,1.2,55.3,3.5526315789473686,71.1,2.5789473684210527,0.0526315789473684,0.0,59.2,3.131578947368421,78.2,1.8157894736842104,0.1052631578947368,0.0
2024-09-15 12:00:00,RC Celta de Vigo,Real Valladolid,3,1,False,424,1482.0251632448703,1441.9111267322712,40.114036512599114,13.875,2.4,2.2,1.4,2.4,14.0,0.25,2.5,1.0,1.3089622641509433,46.1,4.315789473684211,65.2,1.736842105263158,0.131578947368421,0.0,45.45,4.565789473684211,68.5,2.776315789473684,0.131578947368421,1.0
2024-09-15 14:15:00,Girona,Barcelona,1,4,False,425,1605.0660034836133,1647.0772594299872,-42.01125594637392,13.885416666666666,2.8,0.8,2.0,3.8,14.0,3.0,0.8,3.0,1.4,56.9,4.421052631578948,72.6,1.973684210526316,0.0263157894736842,0.0,64.3,3.710526315789474,68.8,2.289473684210526,0.0526315789473684,0.0
2024-09-15 16:30:00,UD Las Palmas,Athletic Club,2,3,False,426,1424.2890970858737,1548.1730592244667,-123.883962138593,14.0,1.0,1.6,0.6,1.2,14.0,0.8,0.8,1.4,1.4,59.2,4.105263157894737,69.9,2.210526315789474,0.131578947368421,0.0,49.8,3.526315789473684,72.4,2.1052631578947367,0.131578947368421,0.0
2024-09-15 19:00:00,Club Atlético de Madrid,Valencia,3,0,False,427,1593.5293574942532,1452.7246822471188,140.80467524713436,14.0,1.6,0.4,2.2,1.6,14.0,1.0,1.8,0.4,2.2,50.8,3.789473684210526,70.1,2.3421052631578947,0.131578947368421,0.0,44.3,4.2105263157894735,71.9,1.6842105263157894,0.131578947368421,0.0
2024-09-16 19:00:00,Rayo Vallecano de Madrid,CA Osasuna,3,1,False,428,1450.3010501606632,1473.604956932445,-23.30390677178184,14.0,0.8,1.2,0.8,1.0,14.0,1.2,1.6,1.6,2.4,49.4,3.973684210526316,68.2,2.8421052631578947,0.131578947368421,0.0,47.5,4.0,63.2,2.0526315789473686,0.131578947368421,0.0
2024-09-17 17:00:00,RCD Mallorca,Real Sociedad de Fútbol,1,0,False,429,1464.9870947182042,1499.7465426498702,-34.759447931666045,3.2083333333333335,0.6,0.8,1.0,1.0,2.9166666666666665,0.6,1.2,0.8,0.6,45.0,3.8947368421052633,70.3,2.763157894736842,0.1052631578947368,0.0,55.3,3.5526315789473686,71.1,2.5789473684210527,0.0526315789473684,0.0
2024-09-18 17:00:00,Real Betis Balompié,Getafe,2,1,False,430,1523.0233867155373,1443.520041071284,79.50334564425339,4.916666666666667,0.6,0.6,1.2,1.4,4.020833333333333,0.4,0.8,0.6,1.0,50.4,4.157894736842105,71.5,2.289473684210526,0.0789473684210526,0.0,44.8,4.552631578947368,68.8,3.5526315789473686,0.2631578947368421,0.0
2024-09-19 17:00:00,CD Leganés,Athletic Club,0,2,False,431,1439.4022812810463,1556.494285578203,-117.09200429715679,5.916666666666667,0.6,1.0,1.0,1.3167053364269141,4.020833333333333,1.2,1.2,1.4,1.2,45.45,4.565789473684211,68.5,2.776315789473684,0.131578947368421,1.0,49.8,3.526315789473684,72.4,2.1052631578947367,0.131578947368421,0.0
2024-09-20 19:00:00,Deportivo Alavés,Sevilla,2,1,False,432,1490.903654464851,1461.138083586421,29.7655708784298,6.197916666666667,1.4,1.2,1.4,1.6,6.104166666666667,0.8,1.2,1.0,1.6,41.8,3.8684210526315783,68.7,2.210526315789474,0.0263157894736842,0.0,50.3,4.605263157894737,69.1,2.8421052631578947,0.1052631578947368,0.0
2024-09-21 12:00:00,Real Valladolid,Real Sociedad de Fútbol,0,0,False,433,1430.4327383267719,1490.6147443587247,-60.182006031952824,6.0,0.4,2.6,0.8,1.3163972286374135,3.7916666666666665,0.4,1.0,0.8,0.6,45.45,4.565789473684211,68.5,2.776315789473684,0.131578947368421,1.0,55.3,3.5526315789473686,71.1,2.5789473684210527,0.0526315789473684,0.0
2024-09-21 14:15:00,CA Osasuna,UD Las Palmas,2,1,False,434,1459.2958267880367,1415.9678707321373,43.32795605589945,4.802083333333333,1.2,2.0,1.4,1.4,5.90625,1.2,2.0,0.4,1.4,47.5,4.0,63.2,2.0526315789473686,0.131578947368421,0.0,59.2,4.105263157894737,69.9,2.210526315789474,0.131578947368421,0.0
2024-09-21 16:30:00,Valencia,Girona,2,0,False,435,1444.527439662022,1586.4097691728416,-141.88232951081955,5.895833333333333,0.6,2.0,0.2,0.6,6.09375,1.6,1.6,1.4,1.4,44.3,4.2105263157894735,71.9,1.6842105263157894,0.131578947368421,0.0,56.9,4.421052631578948,72.6,1.973684210526316,0.0263157894736842,0.0
2024-09-21 19:00:00,Real Madrid,RCD Espanyol de Barcelona,4,1,False,436,1683.6986794676636,1456.1378142822255,227.56086518543816,7.0,1.8,0.4,2.2,2.6,7.197916666666667,1.0,1.0,1.4,1.313073394495413,59.2,3.131578947368421,78.2,1.8157894736842104,0.1052631578947368,0.0,45.45,4.565789473684211,68.5,2.776315789473684,0.131578947368421,1.0
2024-09-22 12:00:00,Getafe,CD Leganés,1,1,False,437,1437.454867835294,1425.5705959195418,11.884271915752151,3.7916666666666665,0.4,0.8,0.6,0.2,2.7916666666666665,0.4,1.2,0.8,1.0,44.8,4.552631578947368,68.8,3.5526315789473686,0.2631578947368421,0.0,45.45,4.565789473684211,68.5,2.776315789473684,0.131578947368421,1.0
2024-09-22 14:15:00,Athletic Club,RC Celta de Vigo,3,1,False,438,1570.3259709397075,1493.5035516503697,76.82241928933786,2.8854166666666665,1.4,1.0,1.8,1.2,7.09375,2.6,2.0,1.8,2.4,49.8,3.526315789473684,72.4,2.1052631578947367,0.131578947368421,0.0,46.1,4.315789473684211,65.2,1.736842105263158,0.131578947368421,0.0
2024-09-22 16:30:00,Villarreal,Barcelona,1,5,False,439,1555.6442370854788,1665.7334937407588,-110.08925665528,8.1875,2.2,1.6,2.2,3.2,7.09375,3.4,0.8,3.0,0.8,49.6,5.631578947368421,69.6,2.8947368421052637,0.2105263157894736,0.0,64.3,3.710526315789474,68.8,2.289473684210526,0.0526315789473684,0.0
2024-09-22 19:00:00,Rayo Vallecano de Madrid,Club Atlético de Madrid,1,1,False,440,1464.6101803050715,1601.72660007935,-137.11641977427848,6.0,1.4,1.2,1.4,1.2,7.0,1.8,0.4,2.2,0.4,49.4,3.973684210526316,68.2,2.8421052631578947,0.131578947368421,0.0,50.8,3.789473684210526,70.1,2.3421052631578947,0.131578947368421,0.0
2024-09-23 19:00:00,Real Betis Balompié,RCD Mallorca,1,2,False,441,1529.0885599515273,1474.1188930093497,54.96966694217758,5.083333333333333,1.0,0.8,1.6,1.6,6.083333333333333,0.6,0.6,1.4,0.8,50.4,4.157894736842105,71.5,2.289473684210526,0.0789473684210526,0.0,45.0,3.8947368421052633,70.3,2.763157894736842,0.1052631578947368,0.0
2024-09-24 17:00:00,Valencia,CA Osasuna,0,0,False,442,1464.3157569981195,1466.2751537400682,-1.9593967419486944,3.0208333333333335,0.8,1.6,0.8,1.0,3.1145833333333335,1.4,2.0,1.8,2.6,44.3,4.2105263157894735,71.9,1.6842105263157894,0.131578947368421,0.0,47.5,4.0,63.2,2.0526315789473686,0.131578947368421,0.0
2024-09-24 17:00:00,Sevilla,Real Valladolid,2,1,False,443,1453.7999693992017,1430.294074201511,23.505895197690734,3.9166666666666665,0.6,1.2,0.8,0.6,3.2083333333333335,0.2,2.6,0.4,4.333333333333333,50.3,4.605263157894737,69.1,2.8421052631578947,0.1052631578947368,0.0,45.45,4.565789473684211,68.5,2.776315789473684,0.131578947368421,1.0
2024-09-24 19:00:00,Real Madrid,Deportivo Alavés,3,2,False,444,1689.1779731786733,1498.2417686520703,190.93620452660298,3.0,2.4,0.4,2.6,2.8,4.0,1.6,1.0,2.0,2.4,59.2,3.131578947368421,78.2,1.8157894736842104,0.1052631578947368,0.0,41.8,3.8684210526315783,68.7,2.210526315789474,0.0263157894736842,0.0
2024-09-25 17:00:00,Girona,Rayo Vallecano de Madrid,0,0,False,445,1566.6214518367442,1466.6565528983235,99.96489893842067,4.020833333333333,1.4,1.8,1.2,3.2,2.9166666666666665,1.2,1.2,1.0,1.2,56.9,4.421052631578948,72.6,1.973684210526316,0.0263157894736842,0.0,49.4,3.973684210526316,68.2,2.8421052631578947,0.131578947368421,0.0
2024-09-25 19:00:00,Barcelona,Getafe,1,0,False,446,1682.063738525,1435.2773885261172,246.78634999888277,3.1041666666666665,4.0,0.8,3.0,3.6,3.2916666666666665,0.4,0.8,0.6,1.2,64.3,3.710526315789474,68.8,2.289473684210526,0.0526315789473684,0.0,44.8,4.552631578947368,68.8,3.5526315789473686,0.2631578947368421,0.0
2024-09-26 17:00:00,UD Las Palmas,Real Betis Balompié,1,1,False,447,1408.9885437801058,1515.7665481445808,-106.77800436447501,5.114583333333333,1.0,2.0,0.2,1.6,2.9166666666666665,1.0,1.0,1.4,0.8,59.2,4.105263157894737,69.9,2.210526315789474,0.131578947368421,0.0,50.4,4.157894736842105,71.5,2.289473684210526,0.0789473684210526,0.0
2024-09-26 17:00:00,RCD Espanyol de Barcelona,Villarreal,1,2,False,448,1450.6585205712158,1539.3139923012377,-88.65547173002187,4.916666666666667,1.2,1.6,1.4,1.6666666666666667,4.020833333333333,2.0,2.2,2.0,0.8,45.45,4.565789473684211,68.5,2.776315789473684,0.131578947368421,1.0,49.6,5.631578947368421,69.6,2.8947368421052637,0.2105263157894736,0.0
2024-09-26 19:00:00,RC Celta de Vigo,Club Atlético de Madrid,0,1,False,449,1483.541348212844,1599.680227486098,-116.1388792732539,4.197916666666667,2.4,2.4,1.2,2.4,4.0,1.6,0.2,2.2,0.6,46.1,4.315789473684211,65.2,1.736842105263158,0.131578947368421,0.0,50.8,3.789473684210526,70.1,2.3421052631578947,0.131578947368421,0.0
2024-09-27 19:00:00,Real Valladolid,RCD Mallorca,1,2,False,450,1422.787769690589,1487.440904816296,-64.6531351257072,3.0833333333333335,0.4,2.4,0.4,0.3333333333333333,4.0,1.0,0.6,2.0,0.8,45.45,4.565789473684211,68.5,2.776315789473684,0.131578947368421,1.0,45.0,3.8947368421052633,70.3,2.763157894736842,0.1052631578947368,0.0
2024-09-28 12:00:00,Getafe,Deportivo Alavés,2,0,False,451,1432.4276508047785,1494.5128989255434,-62.085248120764845,2.7083333333333335,0.4,1.0,0.4,0.4,3.7083333333333335,2.0,1.6,1.8,2.0,44.8,4.552631578947368,68.8,3.5526315789473686,0.2631578947368421,0.0,41.8,3.8684210526315783,68.7,2.210526315789474,0.0263157894736842,0.0
2024-09-28 14:15:00,Rayo Vallecano de Madrid,CD Leganés,1,1,False,452,1471.077304950236,1427.7480752287186,43.32922972151755,2.8854166666666665,1.2,1.2,1.0,1.4,6.09375,0.2,1.2,0.4,1.0,49.4,3.973684210526316,68.2,2.8421052631578947,0.131578947368421,0.0,45.45,4.565789473684211,68.5,2.776315789473684,0.131578947368421,1.0
2024-09-28 16:30:00,Real Sociedad de Fútbol,Valencia,3,0,False,453,1490.7534084839856,1462.520955901928,28.232452582057704,7.1875,0.2,1.0,0.4,0.6,3.9791666666666665,0.6,1.0,1.0,2.0,55.3,3.5526315789473686,71.1,2.5789473684210527,0.0526315789473684,0.0,44.3,4.2105263157894735,71.9,1.6842105263157894,0.131578947368421,0.0
2024-09-28 19:00:00,CA Osasuna,Barcelona,4,2,False,454,1468.0699548362597,1684.9134762463386,-216.8435214100789,4.083333333333333,1.2,2.0,1.4,1.6,3.0,3.8,0.6,3.0,1.0,47.5,4.0,63.2,2.0526315789473686,0.131578947368421,0.0,64.3,3.710526315789474,68.8,2.289473684210526,0.0526315789473684,0.0
2024-09-29 12:00:00,RC Celta de Vigo,Girona,1,1,False,455,1475.0027053716337,1562.2006997848316,-87.19799441319788,2.7083333333333335,1.8,2.4,0.6,2.0,3.7916666666666665,1.4,1.2,1.4,1.4,46.1,4.315789473684211,65.2,1.736842105263158,0.131578947368421,0.0,56.9,4.421052631578948,72.6,1.973684210526316,0.0263157894736842,0.0
2024-09-29 14:15:00,Athletic Club,Sevilla,1,1,False,456,1580.2881743772332,1461.3062739101238,118.98190046710943,7.0,1.8,0.8,2.4,1.4,4.885416666666667,0.8,1.0,1.4,1.8,49.8,3.526315789473684,72.4,2.1052631578947367,0.131578947368421,0.0,50.3,4.605263157894737,69.1,2.8421052631578947,0.1052631578947368,0.0
2024-09-29 16:30:00,Real Betis Balompié,RCD Espanyol de Barcelona,1,0,False,457,1514.5698428006099,1441.338329640922,73.23151315968789,2.9791666666666665,1.2,1.2,1.4,1.2,2.9791666666666665,1.4,1.8,1.4,1.6666666666666667,50.4,4.157894736842105,71.5,2.289473684210526,0.0789473684210526,0.0,45.45,4.565789473684211,68.5,2.776315789473684,0.131578947368421,1.0
2024-09-29 19:00:00,Club Atlético de Madrid,Real Madrid,1,1,False,458,1608.2188703273082,1692.9068429052002,-84.68797257789197,3.0,1.2,0.2,2.2,1.6,5.0,2.4,0.8,2.6,1.2,50.8,3.789473684210526,70.1,2.3421052631578947,0.131578947368421,0.0,59.2,3.131578947368421,78.2,1.8157894736842104,0.1052631578947368,0.0
2024-09-30 19:00:00,Villarreal,UD Las Palmas,3,1,False,459,1548.6341832315316,1410.1852491240768,138.44893410745476,4.083333333333333,2.0,2.2,2.0,2.8,4.083333333333333,1.0,1.8,0.4,1.4,49.6,5.631578947368421,69.6,2.8947368421052637,0.2105263157894736,0.0,59.2,4.105263157894737,69.9,2.210526315789474,0.131578947368421,0.0
2024-10-04 19:00:00,CD Leganés,Valencia,0,0,False,460,1430.7687815907518,1449.6074221031226,-18.83864051237083,6.197916666666667,0.4,1.4,0.4,0.6666666666666666,6.104166666666667,0.6,1.4,1.0,2.4,45.45,4.565789473684211,68.5,2.776315789473684,0.131578947368421,1.0,44.3,4.2105263157894735,71.9,1.6842105263157894,0.131578947368421,0.0
2024-10-05 12:00:00,RCD Espanyol de Barcelona,RCD Mallorca,2,1,False,461,1435.1195132354308,1497.4508883865894,-62.33137515115868,5.8125,1.4,2.0,1.2,1.5,7.708333333333333,1.4,0.8,2.4,0.8,45.45,4.565789473684211,68.5,2.776315789473684,0.131578947368421,1.0,45.0,3.8947368421052633,70.3,2.763157894736842,0.1052631578947368,0.0
2024-10-05 14:15:00,Getafe,CA Osasuna,1,1,False,462,1448.5413273858412,1491.0017688693983,-42.46044148355713,7.09375,0.8,1.0,0.8,0.8,6.802083333333333,2.0,1.6,2.0,2.0,44.8,4.552631578947368,68.8,3.5526315789473686,0.2631578947368421,0.0,47.5,4.0,63.2,2.0526315789473686,0.131578947368421,0.0
2024-10-05 16:30:00,Real Valladolid,Rayo Vallecano de Madrid,1,2,False,463,1412.7777861202956,1468.0565985882029,-55.2788124679073,7.895833333333333,0.6,2.8,0.2,0.5,7.09375,1.2,1.0,1.2,1.2,45.45,4.565789473684211,68.5,2.776315789473684,0.131578947368421,1.0,49.4,3.973684210526316,68.2,2.8421052631578947,0.131578947368421,0.0
2024-10-05 16:30:00,UD Las Palmas,RC Celta de Vigo,0,1,False,464,1402.494193529904,1475.6407470718568,-73.14655354195293,4.895833333333333,1.0,2.2,0.2,1.4,6.1875,1.4,1.8,0.8,2.4,59.2,4.105263157894737,69.9,2.210526315789474,0.131578947368421,0.0,46.1,4.315789473684211,65.2,1.736842105263158,0.131578947368421,0.0
2024-10-05 19:00:00,Real Madrid,Villarreal,2,0,False,465,1692.3407832641842,1556.3252388257044,136.01554443847976,6.0,2.4,0.8,2.6,2.4,5.0,1.8,1.8,2.0,1.0,59.2,3.131578947368421,78.2,1.8157894736842104,0.1052631578947368,0.0,49.6,5.631578947368421,69.6,2.8947368421052637,0.2105263157894736,0.0
2024-10-06 12:00:00,Girona,Athletic Club,2,1,False,466,1561.5626580846085,1575.4378615793066,-13.875203494698098,7.0,0.8,1.4,1.0,2.4,6.90625,1.8,1.0,2.0,1.2,56.9,4.421052631578948,72.6,1.973684210526316,0.0263157894736842,0.0,49.8,3.526315789473684,72.4,2.1052631578947367,0.131578947368421,0.0
2024-10-06 14:15:00,Deportivo Alavés,Barcelona,0,3,False,467,1478.3992223444807,1661.9816622132,-183.58243986871935,8.09375,1.6,1.8,1.2,1.4,7.802083333333333,3.8,1.2,2.4,1.6,41.8,3.8684210526315783,68.7,2.210526315789474,0.0263157894736842,0.0,64.3,3.710526315789474,68.8,2.289473684210526,0.0526315789473684,0.0
2024-10-06 16:30:00,Sevilla,Real Betis Balompié,1,0,False,468,1466.1565867080503,1520.788659206101,-54.632072498050775,7.09375,1.0,1.2,1.4,1.0,7.0,1.4,0.8,2.0,1.0,50.3,4.605263157894737,69.1,2.8421052631578947,0.1052631578947368,0.0,50.4,4.157894736842105,71.5,2.289473684210526,0.0789473684210526,0.0
2024-10-06 19:00:00,Real Sociedad de Fútbol,Club Atlético de Madrid,1,1,False,469,1503.6669422827908,1608.7849299683241,-105.11798768553331,8.104166666666666,0.6,0.6,1.0,1.0,7.0,1.4,0.4,2.2,0.6,55.3,3.5526315789473686,71.1,2.5789473684210527,0.0526315789473684,0.0,50.8,3.789473684210526,70.1,2.3421052631578947,0.131578947368421,0.0
2024-10-18 19:00:00,Deportivo Alavés,Real Valladolid,2,3,False,470,1466.6504985203426,1402.4980608440083,64.15243767633433,12.197916666666666,1.2,2.4,0.6,1.0,13.104166666666666,0.8,1.8,0.2,3.75,41.8,3.8684210526315783,68.7,2.210526315789474,0.0263157894736842,0.0,45.45,4.565789473684211,68.5,2.776315789473684,0.131578947368421,1.0
2024-10-19 12:00:00,Athletic Club,RCD Espanyol de Barcelona,4,1,False,471,1566.8988220572862,1445.0427055484404,121.85611650884584,13.0,2.0,1.2,2.0,1.2,14.0,1.4,2.0,1.2,1.5,49.8,3.526315789473684,72.4,2.1052631578947367,0.131578947368421,0.0,45.45,4.565789473684211,68.5,2.776315789473684,0.131578947368421,1.0
2024-10-19 14:15:00,CA Osasuna,Real Betis Balompié,1,2,False,472,1491.6496009357652,1511.086983599842,-19.437382664076722,14.0,1.6,1.4,1.6,2.2,12.90625,1.0,1.0,1.4,0.8,47.5,4.0,63.2,2.0526315789473686,0.131578947368421,0.0,50.4,4.157894736842105,71.5,2.289473684210526,0.0789473684210526,0.0
2024-10-19 16:30:00,Girona,Real Sociedad de Fútbol,0,1,False,473,1570.101697606629,1504.8165261682539,65.28517143837507,13.1875,0.8,1.6,1.0,2.8,12.895833333333334,0.8,0.8,1.0,0.2,56.9,4.421052631578948,72.6,1.973684210526316,0.0263157894736842,0.0,55.3,3.5526315789473686,71.1,2.5789473684210527,0.0526315789473684,0.0
2024-10-19 19:00:00,RC Celta de Vigo,Real Madrid,1,2,False,474,1485.4063133743082,1700.114381081848,-214.70806770753984,14.0,1.2,1.2,1.4,1.8,14.0,2.4,0.8,2.6,1.4,46.1,4.315789473684211,65.2,1.736842105263158,0.131578947368421,0.0,59.2,3.131578947368421,78.2,1.8157894736842104,0.1052631578947368,0.0
2024-10-20 12:00:00,RCD Mallorca,Rayo Vallecano de Madrid,1,0,False,475,1487.5276960735798,1478.3363238644902,9.19137220908965,14.0,1.4,1.2,1.8,1.0,14.0,1.4,0.8,1.8,0.8,45.0,3.8947368421052633,70.3,2.763157894736842,0.1052631578947368,0.0,49.4,3.973684210526316,68.2,2.8421052631578947,0.131578947368421,0.0
2024-10-20 14:15:00,Club Atlético de Madrid,CD Leganés,3,1,False,476,1607.6353460828611,1429.4479139790435,178.18743210381763,13.802083333333334,1.4,0.6,1.8,1.6,14.0,0.4,1.2,0.6,1.0,50.8,3.789473684210526,70.1,2.3421052631578947,0.131578947368421,0.0,45.45,4.565789473684211,68.5,2.776315789473684,0.131578947368421,1.0
2024-10-20 16:30:00,Villarreal,Getafe,1,1,False,477,1548.5516410080406,1447.8934953194744,100.65814568856626,14.0,1.6,2.0,1.8,2.8,14.0,1.0,1.0,1.0,1.2,49.6,5.631578947368421,69.6,2.8947368421052637,0.2105263157894736,0.0,44.8,4.552631578947368,68.8,3.5526315789473686,0.2631578947368421,0.0
2024-10-20 19:00:00,Barcelona,Sevilla,5,1,False,478,1673.7303860373381,1475.8582623143095,197.8721237230286,14.0,3.0,1.2,2.4,3.0,14.0,1.2,0.8,2.0,1.4,64.3,3.710526315789474,68.8,2.289473684210526,0.0526315789473684,0.0,50.3,4.605263157894737,69.1,2.8421052631578947,0.1052631578947368,0.0
2024-10-21 19:00:00,Valencia,UD Las Palmas,2,3,False,479,1450.928289714831,1392.7286272274525,58.19966248737842,14.0,0.4,1.2,1.0,1.0,14.0,1.0,2.0,0.2,1.8,44.3,4.2105263157894735,71.9,1.6842105263157894,0.131578947368421,0.0,59.2,4.105263157894737,69.9,2.210526315789474,0.131578947368421,0.0
2024-10-25 19:00:00,RCD Espanyol de Barcelona,Sevilla,0,2,False,480,1436.1410212309495,1469.0908987471591,-32.94987751620965,6.291666666666667,1.0,2.4,0.6,1.6,5.0,1.2,1.8,1.4,2.0,45.45,4.565789473684211,68.5,2.776315789473684,0.131578947368421,1.0,50.3,4.605263157894737,69.1,2.8421052631578947,0.1052631578947368,0.0
2024-10-26 12:00:00,Real Valladolid,Villarreal,1,2,False,481,1416.0531060438489,1544.114849352744,-128.06174330889507,7.708333333333333,1.2,1.6,0.8,0.6,5.8125,1.4,2.0,1.4,1.2,45.45,4.565789473684211,68.5,2.776315789473684,0.131578947368421,1.0,49.6,5.631578947368421,69.6,2.8947368421052637,0.2105263157894736,0.0
2024-10-26 14:15:00,Rayo Vallecano de Madrid,Deportivo Alavés,1,0,False,482,1470.4398469246305,1453.095453320502,17.344393604128527,6.09375,0.8,0.8,1.2,1.2,7.802083333333333,1.2,2.4,0.6,2.2,49.4,3.973684210526316,68.2,2.8421052631578947,0.131578947368421,0.0,41.8,3.8684210526315783,68.7,2.210526315789474,0.0263157894736842,0.0
2024-10-26 16:30:00,UD Las Palmas,Girona,1,0,False,483,1406.133089178621,1556.518203224866,-150.385114046245,4.895833333333333,1.2,1.8,0.8,1.2,7.0,0.6,1.0,1.0,1.4,59.2,4.105263157894737,69.9,2.210526315789474,0.131578947368421,0.0,56.9,4.421052631578948,72.6,1.973684210526316,0.0263157894736842,0.0
2024-10-26 19:00:00,Real Madrid,Barcelona,0,4,False,484,1706.0536956041576,1680.4977496044885,25.55594599966912,7.0,2.4,1.0,2.6,2.8,6.0,3.2,1.2,2.4,1.4,59.2,3.131578947368421,78.2,1.8157894736842104,0.1052631578947368,0.0,64.3,3.710526315789474,68.8,2.289473684210526,0.0526315789473684,0.0
2024-10-27 13:00:00,CD Leganés,RC Celta de Vigo,3,0,False,485,1423.0183714691357,1479.4669988519986,-56.448627382862924,6.947916666666667,0.6,1.4,0.6,0.5,7.75,0.8,1.4,0.8,2.2,45.45,4.565789473684211,68.5,2.776315789473684,0.131578947368421,1.0,46.1,4.315789473684211,65.2,1.736842105263158,0.131578947368421,0.0
2024-10-27 15:15:00,Getafe,Valencia,1,1,False,486,1452.330286974771,1437.5238277636624,14.806459211108631,6.947916666666667,1.0,0.8,1.2,0.8,5.84375,0.8,1.2,1.0,2.0,44.8,4.552631578947368,68.8,3.5526315789473686,0.2631578947368421,0.0,44.3,4.2105263157894735,71.9,1.6842105263157894,0.131578947368421,0.0
2024-10-27 17:30:00,Real Betis Balompié,Club Atlético de Madrid,1,0,False,487,1522.3909148545815,1614.064888592769,-91.67397373818744,8.135416666666666,1.0,1.0,1.4,1.4,7.135416666666667,1.4,0.8,1.8,0.8,50.4,4.157894736842105,71.5,2.289473684210526,0.0789473684210526,0.0,50.8,3.789473684210526,70.1,2.3421052631578947,0.131578947368421,0.0
2024-10-27 20:00:00,Real Sociedad de Fútbol,CA Osasuna,0,2,False,488,1518.4000205500167,1480.3456696810256,38.05435086899115,8.145833333333334,1.0,0.4,1.6,1.2,8.239583333333334,1.6,1.2,1.6,1.8,55.3,3.5526315789473686,71.1,2.5789473684210527,0.0526315789473684,0.0,47.5,4.0,63.2,2.0526315789473686,0.131578947368421,0.0
2024-10-28 20:00:00,RCD Mallorca,Athletic Club,0,0,False,489,1495.4241730134395,1575.8005063747771,-80.37633336133763,8.333333333333334,1.4,0.8,2.4,0.8,9.333333333333334,2.2,1.0,2.0,1.2,45.0,3.8947368421052633,70.3,2.763157894736842,0.1052631578947368,0.0,49.8,3.526315789473684,72.4,2.1052631578947367,0.131578947368421,0.0
2024-11-01 20:00:00,Deportivo Alavés,RCD Mallorca,1,0,False,490,1445.4221134150337,1495.8664507450694,-50.44433733003575,6.239583333333333,0.8,2.4,0.0,1.2,4.0,1.2,0.8,2.0,1.0,41.8,3.8684210526315783,68.7,2.210526315789474,0.0263157894736842,0.0,45.0,3.8947368421052633,70.3,2.763157894736842,0.1052631578947368,0.0
2024-11-02 13:00:00,CA Osasuna,Real Valladolid,1,0,False,491,1501.2791009361358,1407.8484959928082,93.43060494332758,5.708333333333333,1.6,1.0,1.6,2.2,7.041666666666667,1.4,2.0,0.6,3.4,47.5,4.0,63.2,2.0526315789473686,0.131578947368421,0.0,45.45,4.565789473684211,68.5,2.776315789473684,0.131578947368421,1.0
2024-11-02 15:15:00,Girona,CD Leganés,4,3,False,492,1544.1089321937793,1440.087733918864,104.02119827491538,6.947916666666667,0.6,0.8,1.0,1.4,6.09375,1.2,1.0,1.2,1.4,56.9,4.421052631578948,72.6,1.973684210526316,0.0263157894736842,0.0,45.45,4.565789473684211,68.5,2.776315789473684,0.131578947368421,1.0
2024-11-03 13:00:00,Club Atlético de Madrid,UD Las Palmas,2,0,False,493,1603.2986547747455,1418.5423602097078,184.7562945650377,6.8125,1.2,0.8,1.6,2.0,7.854166666666667,1.2,1.4,1.4,2.2,50.8,3.789473684210526,70.1,2.3421052631578947,0.131578947368421,0.0,59.2,4.105263157894737,69.9,2.210526315789474,0.131578947368421,0.0
2024-11-03 15:15:00,Barcelona,RCD Espanyol de Barcelona,3,1,False,494,1704.0270299224178,1418.3962342544776,285.6307956679402,7.84375,3.0,1.0,2.4,3.6,8.84375,0.8,2.0,0.6,2.0,64.3,3.710526315789474,68.8,2.289473684210526,0.0526315789473684,0.0,45.45,4.565789473684211,68.5,2.776315789473684,0.131578947368421,1.0
2024-11-03 17:30:00,Sevilla,Real Sociedad de Fútbol,0,2,False,495,1486.835685723631,1497.4665892949065,-10.63090357127544,8.9375,1.4,1.4,2.0,1.0,6.895833333333333,1.0,0.6,1.6,0.2,50.3,4.605263157894737,69.1,2.8421052631578947,0.1052631578947368,0.0,55.3,3.5526315789473686,71.1,2.5789473684210527,0.0526315789473684,0.0
2024-11-03 20:00:00,Athletic Club,Real Betis Balompié,1,1,False,496,1575.3582286431472,1533.157148672605,42.201079970542196,6.0,1.8,1.0,1.6,1.8,7.104166666666667,1.0,0.6,2.0,1.0,49.8,3.526315789473684,72.4,2.1052631578947367,0.131578947368421,0.0,50.4,4.157894736842105,71.5,2.289473684210526,0.0789473684210526,0.0
2024-11-04 20:00:00,RC Celta de Vigo,Getafe,1,0,False,497,1462.3976364022703,1450.0728365782272,12.324799824043112,8.291666666666666,0.6,1.4,0.8,1.6,8.197916666666666,1.0,0.8,1.2,1.2,46.1,4.315789473684211,65.2,1.736842105263158,0.131578947368421,0.0,44.8,4.552631578947368,68.8,3.5526315789473686,0.2631578947368421,0.0
2024-11-08 20:00:00,Rayo Vallecano de Madrid,UD Las Palmas,1,3,False,498,1478.1131868300988,1412.3056172234633,65.80756960663552,13.239583333333334,0.8,0.6,1.6,1.4,5.291666666666667,1.0,1.6,1.2,2.2,49.4,3.973684210526316,68.2,2.8421052631578947,0.131578947368421,0.0,59.2,4.105263157894737,69.9,2.210526315789474,0.131578947368421,0.0
2024-11-09 13:00:00,Real Madrid,CA Osasuna,4,0,False,499,1682.5244152862283,1507.010916451169,175.5134988350594,13.75,1.6,1.6,2.0,2.2,7.0,1.8,1.0,2.0,1.6,59.2,3.131578947368421,78.2,1.8157894736842104,0.1052631578947368,0.0,47.5,4.0,63.2,2.0526315789473686,0.131578947368421,0.0
2024-11-09 15:15:00,Villarreal,Deportivo Alavés,3,0,False,500,1552.3194594037845,1455.0034126993348,97.31604670444972,14.0,1.6,1.2,2.0,2.2,7.802083333333333,0.6,1.8,0.6,2.0,49.6,5.631578947368421,69.6,2.8947368421052637,0.2105263157894736,0.0,41.8,3.8684210526315783,68.7,2.210526315789474,0.0263157894736842,0.0
2024-11-09 20:00:00,CD Leganés,Sevilla,1,0,False,501,1434.6019326597454,1468.0633303164857,-33.461397656740246,7.197916666666667,1.6,1.6,1.0,1.0,6.104166666666667,1.0,1.6,1.4,1.6,45.45,4.565789473684211,68.5,2.776315789473684,0.131578947368421,1.0,50.3,4.605263157894737,69.1,2.8421052631578947,0.1052631578947368,0.0
2024-11-10 13:00:00,Real Betis Balompié,RC Celta de Vigo,2,2,False,502,1536.1483182561115,1470.208082204614,65.94023605149755,6.708333333333333,1.0,0.6,2.0,1.4,5.708333333333333,0.8,1.2,1.4,2.6,50.4,4.157894736842105,71.5,2.289473684210526,0.0789473684210526,0.0,46.1,4.315789473684211,65.2,1.736842105263158,0.131578947368421,0.0
2024-11-10 15:15:00,RCD Mallorca,Club Atlético de Madrid,0,1,False,503,1486.2851514607682,1609.53539776099,-123.25024630022176,8.802083333333334,0.8,0.8,1.4,0.6,7.09375,1.4,0.8,1.6,0.6,45.0,3.8947368421052633,70.3,2.763157894736842,0.1052631578947368,0.0,50.8,3.789473684210526,70.1,2.3421052631578947,0.131578947368421,0.0
2024-11-10 17:30:00,Getafe,Girona,0,1,False,504,1442.2623907758837,1549.5947334528978,-107.33234267701414,5.895833333333333,1.0,0.8,1.2,1.0,8.09375,1.4,1.4,1.4,1.4,44.8,4.552631578947368,68.8,3.5526315789473686,0.2631578947368421,0.0,56.9,4.421052631578948,72.6,1.973684210526316,0.0263157894736842,0.0
2024-11-10 17:30:00,Real Valladolid,Athletic Club,1,1,False,505,1402.1166804777752,1572.3670590596407,-170.25037858186556,8.1875,1.2,1.8,0.6,0.6,6.895833333333333,1.4,1.0,1.2,1.2,45.45,4.565789473684211,68.5,2.776315789473684,0.131578947368421,1.0,49.8,3.526315789473684,72.4,2.1052631578947367,0.131578947368421,0.0
2024-11-10 20:00:00,Real Sociedad de Fútbol,Barcelona,1,0,False,506,1516.2389447020519,1707.838800520683,-191.5998558186311,7.104166666666667,1.4,0.6,2.0,1.0,7.197916666666667,3.4,1.2,2.4,1.2,55.3,3.5526315789473686,71.1,2.5789473684210527,0.0526315789473684,0.0,64.3,3.710526315789474,68.8,2.289473684210526,0.0526315789473684,0.0
2024-11-22 20:00:00,Getafe,Real Valladolid,2,0,False,507,1433.4748197493566,1405.0566423104808,28.418177438875773,12.104166666666666,0.6,1.0,0.6,1.0,12.104166666666666,1.2,1.6,0.8,3.0,44.8,4.552631578947368,68.8,3.5526315789473686,0.2631578947368421,0.0,45.45,4.565789473684211,68.5,2.776315789473684,0.131578947368421,1.0
2024-11-23 13:00:00,Valencia,Real Betis Balompié,4,2,False,508,1439.7812781602063,1532.548401872957,-92.76712371275062,14.0,0.6,1.4,0.6,1.2,13.0,1.2,1.0,1.6,1.2,44.3,4.2105263157894735,71.9,1.6842105263157894,0.131578947368421,0.0,50.4,4.157894736842105,71.5,2.289473684210526,0.0789473684210526,0.0
2024-11-23 15:15:00,Club Atlético de Madrid,Deportivo Alavés,2,1,False,509,1617.874355283434,1445.1320220644468,172.74233321898714,13.0,1.4,0.6,2.0,1.8,14.0,0.6,2.0,0.6,2.4,50.8,3.789473684210526,70.1,2.3421052631578947,0.131578947368421,0.0,41.8,3.8684210526315783,68.7,2.210526315789474,0.0263157894736842,0.0
2024-11-23 17:30:00,UD Las Palmas,RCD Mallorca,2,3,False,510,1434.400079754728,1477.9461939383243,-43.54611418359627,14.0,1.4,1.2,1.8,1.0,13.09375,0.4,0.8,0.8,1.0,59.2,4.105263157894737,69.9,2.210526315789474,0.131578947368421,0.0,45.0,3.8947368421052633,70.3,2.763157894736842,0.1052631578947368,0.0
2024-11-23 17:30:00,Girona,RCD Espanyol de Barcelona,4,1,False,511,1558.3823044794249,1414.5844636562124,143.79784082321248,13.0,1.4,1.2,1.8,1.4,14.0,0.8,2.2,0.6,2.4,56.9,4.421052631578948,72.6,1.973684210526316,0.0263157894736842,0.0,45.45,4.565789473684211,68.5,2.776315789473684,0.131578947368421,1.0
2024-11-23 20:00:00,RC Celta de Vigo,Barcelona,2,2,False,512,1473.8079985877685,1694.3481061568593,-220.54010756909088,13.291666666666666,1.0,1.4,1.4,1.2,13.0,3.0,0.6,2.4,1.2,46.1,4.315789473684211,65.2,1.736842105263158,0.131578947368421,0.0,64.3,3.710526315789474,68.8,2.289473684210526,0.0526315789473684,0.0
2024-11-24 13:00:00,CA Osasuna,Villarreal,2,2,False,513,1499.5001864900098,1562.1908500386726,-62.69066354866277,14.0,1.0,1.4,1.4,2.2,14.0,1.8,1.0,2.0,1.2,47.5,4.0,63.2,2.0526315789473686,0.131578947368421,0.0,49.6,5.631578947368421,69.6,2.8947368421052637,0.2105263157894736,0.0
2024-11-24 15:15:00,Sevilla,Rayo Vallecano de Madrid,1,0,False,514,1458.9685991029144,1456.018724298834,2.9498748040803093,14.0,0.8,1.6,1.2,0.8,14.0,1.0,1.2,1.4,0.8,50.3,4.605263157894737,69.1,2.8421052631578947,0.1052631578947368,0.0,49.4,3.973684210526316,68.2,2.8421052631578947,0.131578947368421,0.0
2024-11-24 17:30:00,CD Leganés,Real Madrid,0,3,False,515,1443.6966638733168,1690.0351452473874,-246.33848137407062,14.0,1.6,1.4,1.4,0.8,14.0,1.8,1.2,2.0,0.8,45.45,4.565789473684211,68.5,2.776315789473684,0.131578947368421,1.0,59.2,3.131578947368421,78.2,1.8157894736842104,0.1052631578947368,0.0
2024-11-24 20:00:00,Athletic Club,Real Sociedad de Fútbol,1,0,False,516,1569.427097226935,1529.7296390658755,39.69745816105956,14.0,1.4,1.0,1.2,1.8,14.0,1.0,0.6,2.0,0.2,49.8,3.526315789473684,72.4,2.1052631578947367,0.131578947368421,0.0,55.3,3.5526315789473686,71.1,2.5789473684210527,0.0526315789473684,0.0
2024-11-29 20:00:00,RCD Mallorca,Valencia,2,1,False,517,1488.5629027776777,1457.3272235176423,31.23567926003534,6.104166666666667,0.8,0.8,1.4,0.6,6.291666666666667,1.4,1.8,1.0,1.6,45.0,3.8947368421052633,70.3,2.763157894736842,0.1052631578947368,0.0,44.3,4.2105263157894735,71.9,1.6842105263157894,0.131578947368421,0.0
2024-11-30 13:00:00,Barcelona,UD Las Palmas,1,2,False,518,1690.1482017543342,1423.7833709153747,266.3648308389595,6.708333333333333,2.8,1.0,2.0,3.6,6.8125,1.8,1.6,1.8,2.0,64.3,3.710526315789474,68.8,2.289473684210526,0.0526315789473684,0.0,59.2,4.105263157894737,69.9,2.210526315789474,0.131578947368421,0.0
2024-11-30 15:15:00,Deportivo Alavés,CD Leganés,1,1,False,519,1441.0749535150585,1434.582513020825,6.492440494233506,7.0,0.8,1.8,0.6,1.4,5.90625,1.6,2.0,1.2,2.2,41.8,3.8684210526315783,68.7,2.210526315789474,0.0263157894736842,0.0,45.45,4.565789473684211,68.5,2.776315789473684,0.131578947368421,1.0
2024-11-30 17:30:00,RCD Espanyol de Barcelona,RC Celta de Vigo,3,1,False,520,1406.4948850923797,1478.0079029902936,-71.51301789791387,7.0,1.0,2.8,0.6,1.6,6.895833333333333,1.2,1.8,1.0,2.2,45.45,4.565789473684211,68.5,2.776315789473684,0.131578947368421,1.0,46.1,4.315789473684211,65.2,1.736842105263158,0.131578947368421,0.0
2024-11-30 20:00:00,Real Valladolid,Club Atlético de Madrid,0,5,False,521,1393.0735925711288,1621.9314238328225,-228.85783126169372,8.0,1.0,1.6,0.8,0.8,7.197916666666667,1.6,0.6,2.4,0.6,45.45,4.565789473684211,68.5,2.776315789473684,0.131578947368421,1.0,50.8,3.789473684210526,70.1,2.3421052631578947,0.131578947368421,0.0
2024-12-01 13:00:00,Villarreal,Girona,2,2,False,522,1562.2573171059314,1566.4718830432575,-4.214565937326142,7.0,1.6,1.2,1.6,2.4,7.8125,1.8,1.2,1.8,0.8,49.6,5.631578947368421,69.6,2.8947368421052637,0.2105263157894736,0.0,56.9,4.421052631578948,72.6,1.973684210526316,0.0263157894736842,0.0
2024-12-01 15:15:00,Real Madrid,Getafe,2,0,False,523,1699.1492960998792,1445.4578694887086,253.69142661117053,6.90625,2.2,1.0,2.4,2.6,8.802083333333334,0.8,0.8,1.0,1.2,59.2,3.131578947368421,78.2,1.8157894736842104,0.1052631578947368,0.0,44.8,4.552631578947368,68.8,3.5526315789473686,0.2631578947368421,0.0
2024-12-01 17:30:00,Rayo Vallecano de Madrid,Athletic Club,1,2,False,524,1447.9499188909347,1576.5016809812266,-128.55176209029196,7.09375,0.8,1.2,1.2,1.4,6.895833333333333,1.4,0.6,1.8,1.0,49.4,3.973684210526316,68.2,2.8421052631578947,0.131578947368421,0.0,49.8,3.526315789473684,72.4,2.1052631578947367,0.131578947368421,0.0
2024-12-01 20:00:00,Real Sociedad de Fútbol,Real Betis Balompié,2,0,False,525,1522.655055311584,1515.0024565155209,7.652598796063103,7.0,0.8,0.6,1.8,1.0,8.291666666666666,1.6,1.6,1.6,1.6,55.3,3.5526315789473686,71.1,2.5789473684210527,0.0526315789473684,0.0,50.4,4.157894736842105,71.5,2.289473684210526,0.0789473684210526,0.0
2024-12-02 20:00:00,Sevilla,CA Osasuna,1,1,False,526,1467.0374045108138,1499.433719422751,-32.396314911937225,8.197916666666666,0.8,1.6,1.2,1.0,8.291666666666666,1.2,1.6,1.4,1.6,50.3,4.605263157894737,69.1,2.8421052631578947,0.1052631578947368,0.0,47.5,4.0,63.2,2.0526315789473686,0.131578947368421,0.0
2024-12-03 18:00:00,RCD Mallorca,Barcelona,1,5,False,527,1495.8617464638667,1672.7334653364692,-176.87171887260251,3.9166666666666665,1.0,1.0,1.4,0.8,3.2083333333333335,2.0,1.2,1.4,1.4,45.0,3.8947368421052633,70.3,2.763157894736842,0.1052631578947368,0.0,64.3,3.710526315789474,68.8,2.289473684210526,0.0526315789473684,0.0
2024-12-04 20:00:00,Athletic Club,Real Madrid,2,1,False,528,1584.692645250246,1703.6245094848641,-118.93186423461816,3.1041666666666665,1.0,0.6,1.8,2.0,3.1979166666666665,2.2,1.0,2.4,0.6,49.8,3.526315789473684,72.4,2.1052631578947367,0.131578947368421,0.0,59.2,3.131578947368421,78.2,1.8157894736842104,0.1052631578947368,0.0
2024-12-06 20:00:00,RC Celta de Vigo,RCD Mallorca,2,0,False,529,1461.4533166162973,1482.9487641452122,-21.495447528914838,6.104166666666667,1.2,2.0,1.0,1.0,3.0833333333333335,1.2,2.0,1.2,1.4,46.1,4.315789473684211,65.2,1.736842105263158,0.131578947368421,0.0,45.0,3.8947368421052633,70.3,2.763157894736842,0.1052631578947368,0.0
2024-12-07 13:00:00,UD Las Palmas,Real Valladolid,2,1,False,530,1441.1981073332397,1381.863750965544,59.33435636769559,7.0,1.6,1.4,1.8,1.2,6.708333333333333,0.4,2.2,0.2,2.0,59.2,4.105263157894737,69.9,2.210526315789474,0.131578947368421,0.0,45.45,4.565789473684211,68.5,2.776315789473684,0.131578947368421,1.0
2024-12-07 15:15:00,Real Betis Balompié,Barcelona,2,2,False,531,1502.1018319762509,1685.6464476551237,-183.5446156788728,5.802083333333333,1.2,1.8,1.0,1.4,3.8854166666666665,2.2,1.4,1.4,0.8,50.4,4.157894736842105,71.5,2.289473684210526,0.0789473684210526,0.0,64.3,3.710526315789474,68.8,2.289473684210526,0.0526315789473684,0.0
2024-12-07 17:30:00,Valencia,Rayo Vallecano de Madrid,0,1,False,532,1450.0283798314533,1439.7589546219153,10.269425209537985,7.895833333333333,1.6,1.6,1.0,1.8,6.0,0.6,1.4,0.6,1.0,44.3,4.2105263157894735,71.9,1.6842105263157894,0.131578947368421,0.0,49.4,3.973684210526316,68.2,2.8421052631578947,0.131578947368421,0.0
2024-12-07 20:00:00,Girona,Real Madrid,0,3,False,533,1568.2037936892884,1692.0845745098472,-123.88078082055881,6.291666666666667,2.2,1.4,2.0,2.0,3.0,2.0,1.2,1.8,0.8,56.9,4.421052631578948,72.6,1.973684210526316,0.0263157894736842,0.0,59.2,3.131578947368421,78.2,1.8157894736842104,0.1052631578947368,0.0
2024-12-08 13:00:00,CD Leganés,Real Sociedad de Fútbol,0,3,False,534,1436.6116718209885,1535.555679850854,-98.94400802986547,7.90625,1.6,1.6,1.4,0.8,6.708333333333333,1.0,0.6,1.8,0.4,45.45,4.565789473684211,68.5,2.776315789473684,0.131578947368421,1.0,55.3,3.5526315789473686,71.1,2.5789473684210527,0.0526315789473684,0.0
2024-12-08 15:15:00,Athletic Club,Villarreal,2,0,False,535,1596.2325802252628,1560.5254064599005,35.70717376536231,3.8020833333333335,1.4,0.8,2.2,1.8,7.09375,2.0,1.2,1.8,1.4,49.8,3.526315789473684,72.4,2.1052631578947367,0.131578947368421,0.0,49.6,5.631578947368421,69.6,2.8947368421052637,0.2105263157894736,0.0
2024-12-08 17:30:00,CA Osasuna,Deportivo Alavés,2,2,False,536,1500.3693839985658,1439.045794714895,61.3235892836708,5.895833333333333,1.2,1.4,1.6,2.0,8.09375,0.6,1.4,0.8,2.2,47.5,4.0,63.2,2.0526315789473686,0.131578947368421,0.0,41.8,3.8684210526315783,68.7,2.210526315789474,0.0263157894736842,0.0
2024-12-08 20:00:00,Club Atlético de Madrid,Sevilla,4,3,False,537,1633.1412654384071,1466.101739934999,167.03952550340819,8.0,2.0,0.4,2.4,2.2,6.0,0.8,0.8,1.4,1.8,50.8,3.789473684210526,70.1,2.3421052631578947,0.131578947368421,0.0,50.3,4.605263157894737,69.1,2.8421052631578947,0.1052631578947368,0.0
2024-12-09 20:00:00,Getafe,RCD Espanyol de Barcelona,1,0,False,538,1440.9826561037237,1423.049471466376,17.933184637347722,8.197916666666666,0.6,1.0,0.8,1.2,9.104166666666666,1.2,2.8,0.6,3.2,44.8,4.552631578947368,68.8,3.5526315789473686,0.2631578947368421,0.0,45.45,4.565789473684211,68.5,2.776315789473684,0.131578947368421,1.0
2024-12-13 20:00:00,Real Valladolid,Valencia,1,0,False,539,1375.297054551871,1437.8952203183655,-62.5981657664945,6.291666666666667,0.4,2.2,0.2,0.8,6.104166666666667,1.6,1.8,0.8,1.8,45.45,4.565789473684211,68.5,2.776315789473684,0.131578947368421,1.0,44.3,4.2105263157894735,71.9,1.6842105263157894,0.131578947368421,0.0
2024-12-14 13:00:00,RCD Espanyol de Barcelona,CA Osasuna,0,0,False,540,1415.3921546085808,1496.8856742649814,-81.49351965640062,4.708333333333333,1.0,2.2,0.6,1.8,5.8125,1.2,1.8,1.2,1.2,45.45,4.565789473684211,68.5,2.776315789473684,0.131578947368421,1.0,47.5,4.0,63.2,2.0526315789473686,0.131578947368421,0.0
2024-12-14 15:15:00,RCD Mallorca,Girona,2,1,False,541,1468.722958733236,1553.6414918460594,-84.9185331128233,7.802083333333333,1.2,2.2,1.2,0.8,6.802083333333333,2.2,1.8,2.0,1.2,45.0,3.8947368421052633,70.3,2.763157894736842,0.1052631578947368,0.0,56.9,4.421052631578948,72.6,1.973684210526316,0.0263157894736842,0.0
2024-12-14 17:30:00,Sevilla,RC Celta de Vigo,1,0,False,542,1461.9374669405834,1475.6791220282735,-13.741655087690106,5.895833333333333,1.0,1.6,0.8,1.0,7.895833333333333,1.6,1.4,1.6,2.2,50.3,4.605263157894737,69.1,2.8421052631578947,0.1052631578947368,0.0,46.1,4.315789473684211,65.2,1.736842105263158,0.131578947368421,0.0
2024-12-14 20:00:00,Rayo Vallecano de Madrid,Real Madrid,3,3,False,543,1451.892114135003,1706.6468763530763,-254.7547622180732,7.104166666666667,0.8,1.2,1.2,1.0,7.0,2.6,0.4,2.4,0.8,49.4,3.973684210526316,68.2,2.8421052631578947,0.131578947368421,0.0,59.2,3.131578947368421,78.2,1.8157894736842104,0.1052631578947368,0.0
2024-12-15 13:00:00,Club Atlético de Madrid,Getafe,1,0,False,544,1637.3055384328227,1448.6399729615189,188.6655654713038,6.708333333333333,2.8,0.8,3.0,2.4,5.708333333333333,0.6,0.8,1.2,1.4,50.8,3.789473684210526,70.1,2.3421052631578947,0.131578947368421,0.0,44.8,4.552631578947368,68.8,3.5526315789473686,0.2631578947368421,0.0
2024-12-15 15:15:00,Deportivo Alavés,Athletic Club,1,1,False,545,1442.5295044484794,1607.9000052553924,-165.37050080691301,6.90625,1.0,1.6,1.0,1.2,7.0,1.6,0.6,2.6,0.8,41.8,3.8684210526315783,68.7,2.210526315789474,0.0263157894736842,0.0,49.8,3.526315789473684,72.4,2.1052631578947367,0.131578947368421,0.0
2024-12-15 17:30:00,Real Sociedad de Fútbol,UD Las Palmas,0,0,False,546,1551.3513715650442,1447.7648037469128,103.58656781813147,7.1875,1.6,0.2,2.4,1.4,8.1875,1.8,1.6,1.8,1.8,55.3,3.5526315789473686,71.1,2.5789473684210527,0.0526315789473684,0.0,59.2,4.105263157894737,69.9,2.210526315789474,0.131578947368421,0.0
2024-12-15 17:30:00,Villarreal,Real Betis Balompié,1,2,False,547,1548.857981429771,1505.3873043867297,43.47067704304118,7.09375,1.8,1.4,1.6,2.0,8.09375,1.4,2.2,0.6,1.8,49.6,5.631578947368421,69.6,2.8947368421052637,0.2105263157894736,0.0,50.4,4.157894736842105,71.5,2.289473684210526,0.0789473684210526,0.0
2024-12-15 20:00:00,Barcelona,CD Leganés,0,1,False,548,1682.3609752446448,1420.8159801067982,261.5449951378466,8.197916666666666,2.0,1.6,1.0,3.4,7.291666666666667,1.0,2.2,0.8,2.0,64.3,3.710526315789474,68.8,2.289473684210526,0.0526315789473684,0.0,45.45,4.565789473684211,68.5,2.776315789473684,0.131578947368421,1.0
2024-12-18 20:30:00,Villarreal,Rayo Vallecano de Madrid,1,1,False,549,1535.8335758234166,1456.8684667229886,78.96510910042798,3.125,1.6,1.6,1.0,2.0,4.020833333333333,1.2,1.8,0.8,0.6,49.6,5.631578947368421,69.6,2.8947368421052637,0.2105263157894736,0.0,49.4,3.973684210526316,68.2,2.8421052631578947,0.131578947368421,0.0
2024-12-18 20:30:00,RCD Espanyol de Barcelona,Valencia,1,1,False,550,1415.866519973963,1427.964349563413,-12.09782958944993,4.3125,1.0,1.8,0.8,1.2,5.020833333333333,1.2,1.4,0.8,1.4,45.45,4.565789473684211,68.5,2.776315789473684,0.131578947368421,1.0,44.3,4.2105263157894735,71.9,1.6842105263157894,0.131578947368421,0.0
2024-12-20 20:00:00,Girona,Real Valladolid,3,0,False,551,1543.0688176523643,1385.2279253068236,157.84089234554062,6.197916666666667,1.6,1.6,1.4,2.0,7.0,0.6,2.0,0.8,1.8,56.9,4.421052631578948,72.6,1.973684210526316,0.0263157894736842,0.0,45.45,4.565789473684211,68.5,2.776315789473684,0.131578947368421,1.0
2024-12-21 13:00:00,Getafe,RCD Mallorca,0,1,False,552,1444.8712882898694,1479.2956329269311,-34.42434463706172,6.0,0.6,0.8,1.2,1.0,6.90625,1.6,2.2,1.8,1.6,44.8,4.552631578947368,68.8,3.5526315789473686,0.2631578947368421,0.0,45.0,3.8947368421052633,70.3,2.763157894736842,0.1052631578947368,0.0
2024-12-21 15:15:00,RC Celta de Vigo,Real Sociedad de Fútbol,2,0,False,553,1467.1438440840036,1546.8471388976905,-79.70329481368685,6.90625,1.4,1.6,1.0,1.4,5.90625,1.2,0.2,2.0,0.2,46.1,4.315789473684211,65.2,1.736842105263158,0.131578947368421,0.0,55.3,3.5526315789473686,71.1,2.5789473684210527,0.0526315789473684,0.0
2024-12-21 17:30:00,CA Osasuna,Athletic Club,1,2,False,554,1496.4113088995991,1605.0888811512982,-108.67757225169908,7.1875,1.0,1.8,0.8,2.0,6.09375,1.6,0.6,2.6,1.0,47.5,4.0,63.2,2.0526315789473686,0.131578947368421,0.0,49.8,3.526315789473684,72.4,2.1052631578947367,0.131578947368421,0.0
2024-12-21 20:00:00,Barcelona,Club Atlético de Madrid,1,2,False,555,1665.009340646321,1641.0742231044721,23.935117541848967,6.0,2.0,1.6,1.0,2.0,6.291666666666667,2.6,0.8,3.0,0.4,64.3,3.710526315789474,68.8,2.289473684210526,0.0526315789473684,0.0,50.8,3.789473684210526,70.1,2.3421052631578947,0.131578947368421,0.0
2024-12-22 13:00:00,Valencia,Deportivo Alavés,2,2,False,556,1429.4753372523485,1445.3406285525737,-15.86529130022518,3.6875,1.2,1.4,0.8,1.6,6.90625,1.0,1.8,0.6,2.0,44.3,4.2105263157894735,71.9,1.6842105263157894,0.131578947368421,0.0,41.8,3.8684210526315783,68.7,2.210526315789474,0.0263157894736842,0.0
2024-12-22 15:15:00,Real Madrid,Sevilla,4,2,False,557,1701.6705237650908,1470.4727448848532,231.1977788802376,7.802083333333333,2.4,1.0,2.0,2.2,7.90625,1.2,1.2,1.4,2.2,59.2,3.131578947368421,78.2,1.8157894736842104,0.1052631578947368,0.0,50.3,4.605263157894737,69.1,2.8421052631578947,0.1052631578947368,0.0
2024-12-22 17:30:00,CD Leganés,Villarreal,2,5,False,558,1438.1676147051219,1531.9118501706153,-93.74423546549338,6.895833333333333,0.6,1.4,1.4,0.8,3.875,1.2,1.8,0.6,1.6,45.45,4.565789473684211,68.5,2.776315789473684,0.131578947368421,1.0,49.6,5.631578947368421,69.6,2.8947368421052637,0.2105263157894736,0.0
2024-12-22 17:30:00,UD Las Palmas,RCD Espanyol de Barcelona,1,0,False,559,1452.2690364142666,1414.3555322850275,37.91350412923907,7.0,1.8,1.2,2.0,1.2,3.875,1.0,1.4,1.0,2.6,59.2,4.105263157894737,69.9,2.210526315789474,0.131578947368421,0.0,45.45,4.565789473684211,68.5,2.776315789473684,0.131578947368421,1.0
2024-12-22 20:00:00,Real Betis Balompié,Rayo Vallecano de Madrid,1,1,False,560,1518.411709993084,1460.79019237579,57.6215176172941,7.104166666666667,1.6,2.2,1.0,1.4,3.9791666666666665,1.2,1.4,1.0,0.8,50.4,4.157894736842105,71.5,2.289473684210526,0.0789473684210526,0.0,49.4,3.973684210526316,68.2,2.8421052631578947,0.131578947368421,0.0
2025-01-03 20:00:00,Valencia,Real Madrid,1,2,False,561,1428.070479867689,1706.669240355021,-278.5987604873319,12.291666666666666,0.8,1.4,0.4,1.6,12.197916666666666,2.6,1.4,2.0,1.2,44.3,4.2105263157894735,71.9,1.6842105263157894,0.131578947368421,0.0,59.2,3.131578947368421,78.2,1.8157894736842104,0.1052631578947368,0.0
2025-01-10 20:00:00,Rayo Vallecano de Madrid,RC Celta de Vigo,2,1,False,562,1464.1799343307816,1484.08112546023,-19.901191129448307,14.0,1.4,1.4,1.2,1.4,14.0,1.4,1.2,1.4,1.8,49.4,3.973684210526316,68.2,2.8421052631578947,0.131578947368421,0.0,46.1,4.315789473684211,65.2,1.736842105263158,0.131578947368421,0.0
2025-01-11 13:00:00,Deportivo Alavés,Girona,0,1,False,563,1446.745485937233,1550.666553875317,-103.92106793808398,14.0,1.4,1.6,0.8,1.0,14.0,2.0,1.6,1.4,1.2,41.8,3.8684210526315783,68.7,2.210526315789474,0.0263157894736842,0.0,56.9,4.421052631578948,72.6,1.973684210526316,0.0263157894736842,0.0
2025-01-11 15:15:00,Real Valladolid,Real Betis Balompié,1,0,False,564,1377.6301890838708,1515.0219680380924,-137.39177895422154,14.0,0.4,2.4,0.6,0.8,14.0,1.4,2.0,1.0,1.8,45.45,4.565789473684211,68.5,2.776315789473684,0.131578947368421,1.0,50.4,4.157894736842105,71.5,2.289473684210526,0.0789473684210526,0.0
2025-01-11 17:30:00,RCD Espanyol de Barcelona,CD Leganés,1,1,False,565,1407.233926236946,1422.1121402400654,-14.87821400311941,14.0,0.8,0.8,1.0,1.2,14.0,0.8,2.4,0.8,1.8,45.45,4.565789473684211,68.5,2.776315789473684,0.131578947368421,1.0,45.45,4.565789473684211,68.5,2.776315789473684,0.131578947368421,1.0
2025-01-11 20:00:00,Sevilla,Valencia,1,1,False,566,1465.474028294923,1423.5453575445501,41.92867075037293,14.0,1.6,1.8,1.4,0.8,8.0,0.8,1.4,0.4,1.0,50.3,4.605263157894737,69.1,2.8421052631578947,0.1052631578947368,0.0,44.3,4.2105263157894735,71.9,1.6842105263157894,0.131578947368421,0.0
2025-01-12 13:00:00,UD Las Palmas,Getafe,1,2,False,567,1459.390642462348,1433.9935150392396,25.397127423108486,14.0,1.4,1.0,2.0,1.2,14.0,0.6,0.8,1.2,1.2,59.2,4.105263157894737,69.9,2.210526315789474,0.131578947368421,0.0,44.8,4.552631578947368,68.8,3.5526315789473686,0.2631578947368421,0.0
2025-01-12 15:15:00,Club Atlético de Madrid,CA Osasuna,1,0,False,568,1653.5795007952836,1487.6618694412164,165.91763135406723,14.0,2.8,1.0,3.0,2.4,14.0,1.2,1.4,0.8,1.2,50.8,3.789473684210526,70.1,2.3421052631578947,0.131578947368421,0.0,47.5,4.0,63.2,2.0526315789473686,0.131578947368421,0.0
2025-01-13 20:00:00,Real Sociedad de Fútbol,Villarreal,1,0,False,569,1529.9098575214641,1547.9673246356717,-18.05746711420761,14.0,1.0,0.6,1.4,0.8,14.0,1.8,1.8,1.0,1.8,55.3,3.5526315789473686,71.1,2.5789473684210527,0.0526315789473684,0.0,49.6,5.631578947368421,69.6,2.8947368421052637,0.2105263157894736,0.0
2025-01-17 20:00:00,RCD Espanyol de Barcelona,Real Valladolid,2,1,False,570,1405.8012303837704,1389.6841540280627,16.117076355707695,6.104166666666667,0.4,0.8,0.6,1.0,6.197916666666667,0.6,2.0,1.2,2.0,45.45,4.565789473684211,68.5,2.776315789473684,0.131578947368421,1.0,45.45,4.565789473684211,68.5,2.776315789473684,0.131578947368421,1.0
2025-01-18 13:00:00,Girona,Sevilla,1,2,False,571,1559.5509781700969,1462.4899994491811,97.06097872091573,7.0,1.4,1.4,1.4,2.2,6.708333333333333,1.6,2.0,1.0,2.8,56.9,4.421052631578948,72.6,1.973684210526316,0.0263157894736842,0.0,50.3,4.605263157894737,69.1,2.8421052631578947,0.1052631578947368,0.0
2025-01-18 15:15:00,CD Leganés,Club Atlético de Madrid,1,0,False,572,1423.544836093241,1657.7651077963894,-234.22027170314846,6.90625,1.0,2.0,1.0,1.2,6.0,2.6,0.8,3.0,0.6,45.45,4.565789473684211,68.5,2.776315789473684,0.131578947368421,1.0,50.8,3.789473684210526,70.1,2.3421052631578947,0.131578947368421,0.0
2025-01-18 17:30:00,Real Betis Balompié,Deportivo Alavés,1,3,False,573,1502.9680030939005,1437.8610616424533,65.10694145144726,7.09375,1.0,1.4,1.0,1.4,7.1875,1.2,1.4,0.8,2.0,50.4,4.157894736842105,71.5,2.289473684210526,0.0789473684210526,0.0,41.8,3.8684210526315783,68.7,2.210526315789474,0.0263157894736842,0.0
2025-01-18 20:00:00,Getafe,Barcelona,1,1,False,574,1446.5381898735,1652.5040629555097,-205.9658730820097,6.291666666666667,0.6,1.0,1.2,0.8,14.0,1.8,1.6,0.8,1.2,44.8,4.552631578947368,68.8,3.5526315789473686,0.2631578947368421,0.0,64.3,3.710526315789474,68.8,2.289473684210526,0.0526315789473684,0.0
2025-01-19 13:00:00,RC Celta de Vigo,Athletic Club,1,2,False,575,1475.3719319302036,1613.838320609681,-138.4663886794774,8.708333333333334,1.2,1.2,1.2,1.6,14.0,1.8,0.8,2.6,0.8,46.1,4.315789473684211,65.2,1.736842105263158,0.131578947368421,0.0,49.8,3.526315789473684,72.4,2.1052631578947367,0.131578947368421,0.0
2025-01-19 15:15:00,Real Madrid,UD Las Palmas,4,1,False,576,1711.19436267816,1446.8459676280877,264.3483950500722,14.0,2.6,1.6,2.0,2.4,7.09375,1.2,0.8,2.0,1.2,59.2,3.131578947368421,78.2,1.8157894736842104,0.1052631578947368,0.0,59.2,4.105263157894737,69.9,2.210526315789474,0.131578947368421,0.0
2025-01-19 17:30:00,CA Osasuna,Rayo Vallecano de Madrid,1,1,False,577,1483.4762624401105,1472.889127860808,10.587134579302528,7.09375,0.8,1.2,0.6,1.4,8.895833333333334,1.6,1.2,1.8,0.8,47.5,4.0,63.2,2.0526315789473686,0.131578947368421,0.0,49.4,3.973684210526316,68.2,2.8421052631578947,0.131578947368421,0.0
2025-01-19 20:00:00,Valencia,Real Sociedad de Fútbol,1,0,False,578,1426.529386390292,1538.5669048041068,-112.03751841381472,8.0,1.0,1.4,0.6,1.8,6.0,1.2,0.4,2.0,0.6,44.3,4.2105263157894735,71.9,1.6842105263157894,0.131578947368421,0.0,55.3,3.5526315789473686,71.1,2.5789473684210527,0.0526315789473684,0.0
2025-01-20 20:00:00,Villarreal,RCD Mallorca,4,0,False,579,1539.310277353029,1490.173406177561,49.13687117546806,7.0,1.4,1.6,0.8,1.6,14.0,1.2,1.8,1.8,1.4,49.6,5.631578947368421,69.6,2.8947368421052637,0.2105263157894736,0.0,45.0,3.8947368421052633,70.3,2.763157894736842,0.1052631578947368,0.0
2025-01-24 20:00:00,UD Las Palmas,CA Osasuna,1,1,False,580,1442.2758325469238,1481.3343763254522,-39.058543778528474,5.197916666666667,1.0,1.4,1.4,1.4,5.104166666666667,0.8,1.2,0.6,1.2,59.2,4.105263157894737,69.9,2.210526315789474,0.131578947368421,0.0,47.5,4.0,63.2,2.0526315789473686,0.131578947368421,0.0
2025-01-25 13:00:00,RCD Mallorca,Real Betis Balompié,0,1,False,581,1477.3705949248124,1480.9020916327338,-3.5314967079214057,4.708333333333333,0.8,2.4,1.2,1.0,6.8125,1.2,1.6,1.0,1.8,45.0,3.8947368421052633,70.3,2.763157894736842,0.1052631578947368,0.0,50.4,4.157894736842105,71.5,2.289473684210526,0.0789473684210526,0.0
2025-01-25 15:15:00,Club Atlético de Madrid,Villarreal,1,1,False,582,1643.2463480587091,1552.1130886057776,91.1332594529315,7.0,1.6,1.0,2.4,2.0,4.802083333333333,2.2,1.2,1.4,1.6,50.8,3.789473684210526,70.1,2.3421052631578947,0.131578947368421,0.0,49.6,5.631578947368421,69.6,2.8947368421052637,0.2105263157894736,0.0
2025-01-25 17:30:00,Sevilla,RCD Espanyol de Barcelona,1,1,False,583,1476.8432565224011,1413.5080103978337,63.33524612456745,7.1875,1.8,2.0,1.4,0.8,7.895833333333333,0.8,0.8,1.2,2.6,50.3,4.605263157894737,69.1,2.8421052631578947,0.1052631578947368,0.0,45.45,4.565789473684211,68.5,2.776315789473684,0.131578947368421,1.0
2025-01-25 20:00:00,Real Valladolid,Real Madrid,0,3,False,584,1381.9773740139995,1715.7644977593238,-333.7871237453244,8.0,0.8,1.4,1.2,0.8,6.197916666666667,3.2,1.4,2.6,1.2,45.45,4.565789473684211,68.5,2.776315789473684,0.131578947368421,1.0,59.2,3.131578947368421,78.2,1.8157894736842104,0.1052631578947368,0.0
2025-01-26 13:00:00,Rayo Vallecano de Madrid,Girona,2,1,False,585,1475.0310139754663,1545.1977210968769,-70.16670712141058,6.8125,1.6,1.4,1.4,1.6,8.0,1.2,1.4,1.2,1.0,49.4,3.973684210526316,68.2,2.8421052631578947,0.131578947368421,0.0,56.9,4.421052631578948,72.6,1.973684210526316,0.0263157894736842,0.0
2025-01-26 15:15:00,Real Sociedad de Fútbol,Getafe,0,3,False,586,1527.2212675886637,1450.3866209806806,76.83464660798313,6.802083333333333,0.8,0.6,1.4,0.8,7.802083333333333,0.8,0.8,1.4,1.2,55.3,3.5526315789473686,71.1,2.5789473684210527,0.0526315789473684,0.0,44.8,4.552631578947368,68.8,3.5526315789473686,0.2631578947368421,0.0
2025-01-26 17:30:00,Athletic Club,CD Leganés,0,0,False,587,1621.7547496698107,1438.0635958309213,183.69115383888948,7.1875,1.8,0.8,2.6,2.0,8.09375,1.0,1.8,1.4,1.8,49.8,3.526315789473684,72.4,2.1052631578947367,0.131578947368421,0.0,45.45,4.565789473684211,68.5,2.776315789473684,0.131578947368421,1.0
2025-01-26 20:00:00,Barcelona,Valencia,7,1,False,588,1648.655631848329,1437.8750236057351,210.78060824259387,8.0,1.8,1.4,1.0,2.0,7.0,1.2,1.2,1.2,1.2,64.3,3.710526315789474,68.8,2.289473684210526,0.0526315789473684,0.0,44.3,4.2105263157894735,71.9,1.6842105263157894,0.131578947368421,0.0
2025-01-27 20:00:00,Deportivo Alavés,RC Celta de Vigo,1,1,False,589,1459.92697310362,1467.4555028700738,-7.5285297664538575,9.104166666666666,1.6,1.4,1.2,1.0,8.291666666666666,1.2,1.0,1.2,2.2,41.8,3.8684210526315783,68.7,2.210526315789474,0.0263157894736842,0.0,46.1,4.315789473684211,65.2,1.736842105263158,0.131578947368421,0.0
2025-01-31 20:00:00,CD Leganés,Rayo Vallecano de Madrid,0,1,False,590,1444.206547635662,1485.1797127992147,-40.97316516355272,5.104166666666667,1.0,1.2,1.6,0.8,5.291666666666667,1.4,1.0,1.8,0.8,45.45,4.565789473684211,68.5,2.776315789473684,0.131578947368421,1.0,49.4,3.973684210526316,68.2,2.8421052631578947,0.131578947368421,0.0
2025-02-01 13:00:00,Getafe,Sevilla,0,0,False,591,1474.6586178615596,1473.3087765212783,1.349841340281273,5.90625,1.2,0.8,1.4,0.8,6.8125,1.4,1.4,1.6,2.0,44.8,4.552631578947368,68.8,3.5526315789473686,0.2631578947368421,0.0,50.3,4.605263157894737,69.1,2.8421052631578947,0.1052631578947368,0.0
2025-02-01 15:15:00,Villarreal,Real Valladolid,5,1,False,592,1556.3270437898066,1375.8355068558647,180.49153693394192,7.0,2.2,1.0,1.6,2.2,6.802083333333333,0.6,1.6,1.2,2.0,49.6,5.631578947368421,69.6,2.8947368421052637,0.2105263157894736,0.0,45.45,4.565789473684211,68.5,2.776315789473684,0.131578947368421,1.0
2025-02-01 17:30:00,Club Atlético de Madrid,RCD Mallorca,2,0,False,593,1639.0323928746802,1465.6196201957632,173.412772678917,7.09375,1.0,0.6,2.0,1.8,7.1875,0.6,1.6,1.2,1.8,50.8,3.789473684210526,70.1,2.3421052631578947,0.131578947368421,0.0,45.0,3.8947368421052633,70.3,2.763157894736842,0.1052631578947368,0.0
2025-02-01 20:00:00,RCD Espanyol de Barcelona,Real Madrid,1,0,False,594,1417.0424903989565,1721.9063649174586,-304.86387451850214,7.104166666666667,1.0,1.0,1.2,1.4,7.0,3.2,1.4,2.6,1.2,45.45,4.565789473684211,68.5,2.776315789473684,0.131578947368421,1.0,59.2,3.131578947368421,78.2,1.8157894736842104,0.1052631578947368,0.0
2025-02-02 13:00:00,Barcelona,Deportivo Alavés,1,0,False,595,1655.8692839169146,1458.2877352417759,197.58154867513872,6.708333333333333,2.2,1.4,1.0,2.4,5.708333333333333,1.4,1.2,1.2,2.0,64.3,3.710526315789474,68.8,2.289473684210526,0.0526315789473684,0.0,41.8,3.8684210526315783,68.7,2.210526315789474,0.0263157894736842,0.0
2025-02-02 15:15:00,Valencia,RC Celta de Vigo,2,1,False,596,1430.6613715371495,1469.094740731918,-38.433369194768375,6.802083333333333,1.2,2.4,1.0,1.6,5.802083333333333,1.0,1.2,0.8,1.8,44.3,4.2105263157894735,71.9,1.6842105263157894,0.131578947368421,0.0,46.1,4.315789473684211,65.2,1.736842105263158,0.131578947368421,0.0
2025-02-02 17:30:00,CA Osasuna,Real Sociedad de Fútbol,2,1,False,597,1482.079647023554,1502.9492707077848,-20.869623684230874,8.895833333333334,0.6,1.0,0.6,1.4,7.09375,0.2,1.2,0.8,0.8,47.5,4.0,63.2,2.0526315789473686,0.131578947368421,0.0,55.3,3.5526315789473686,71.1,2.5789473684210527,0.0526315789473684,0.0
2025-02-02 20:00:00,Real Betis Balompié,Athletic Club,2,2,False,598,1492.653066361783,1615.61179786507,-122.95873150328703,8.291666666666666,1.0,1.2,1.4,1.4,7.104166666666667,1.4,0.6,2.2,1.0,50.4,4.157894736842105,71.5,2.289473684210526,0.0789473684210526,0.0,49.8,3.526315789473684,72.4,2.1052631578947367,0.131578947368421,0.0
2025-02-03 20:00:00,Girona,UD Las Palmas,2,1,False,599,1535.0490222731285,1441.5305618488221,93.51846042430634,8.291666666666666,1.4,1.2,1.2,2.4,10.0,0.8,1.4,1.0,1.6,56.9,4.421052631578948,72.6,1.973684210526316,0.0263157894736842,0.0,59.2,4.105263157894737,69.9,2.210526315789474,0.131578947368421,0.0
2025-02-07 20:00:00,Rayo Vallecano de Madrid,Real Valladolid,1,0,False,600,1495.8701603845093,1368.495419385943,127.37474099856627,7.0,1.4,0.8,2.2,1.8,6.197916666666667,0.6,2.6,0.6,2.8,49.4,3.973684210526316,68.2,2.8421052631578947,0.131578947368421,0.0,45.45,4.565789473684211,68.5,2.776315789473684,0.131578947368421,1.0
2025-02-08 13:00:00,RC Celta de Vigo,Real Betis Balompié,3,2,False,601,1459.8579030387132,1494.3059487319508,-34.448045693237646,5.90625,1.2,1.4,0.8,1.6,5.708333333333333,1.0,1.4,1.0,1.6,46.1,4.315789473684211,65.2,1.736842105263158,0.131578947368421,0.0,50.4,4.157894736842105,71.5,2.289473684210526,0.0789473684210526,0.0
2025-02-08 15:15:00,Athletic Club,Girona,3,0,False,602,1613.9589154949022,1540.778769987821,73.18014550708108,5.802083333333333,1.4,1.0,1.8,1.2,4.802083333333333,1.6,1.0,1.8,1.2,49.8,3.526315789473684,72.4,2.1052631578947367,0.131578947368421,0.0,56.9,4.421052631578948,72.6,1.973684210526316,0.0263157894736842,0.0
2025-02-08 17:30:00,UD Las Palmas,Villarreal,1,2,False,603,1435.8008141341295,1563.6671312597282,-127.8663171255987,4.895833333333333,1.0,1.8,0.8,1.4,7.09375,3.0,1.0,2.0,1.6,59.2,4.105263157894737,69.9,2.210526315789474,0.131578947368421,0.0,49.6,5.631578947368421,69.6,2.8947368421052637,0.2105263157894736,0.0
2025-02-08 20:00:00,Real Madrid,Club Atlético de Madrid,1,1,False,604,1705.924080346891,1645.604870134274,60.31921021261701,7.0,2.6,1.0,2.4,2.8,7.104166666666667,1.2,0.6,2.0,0.6,59.2,3.131578947368421,78.2,1.8157894736842104,0.1052631578947368,0.0,50.8,3.789473684210526,70.1,2.3421052631578947,0.131578947368421,0.0
2025-02-09 13:00:00,Deportivo Alavés,Getafe,0,1,False,605,1454.6735243570324,1472.7717975458568,-18.09827318882435,7.0,1.2,1.2,1.0,0.8,8.0,1.2,0.6,1.6,1.0,41.8,3.8684210526315783,68.7,2.210526315789474,0.0263157894736842,0.0,44.8,4.552631578947368,68.8,3.5526315789473686,0.2631578947368421,0.0
2025-02-09 15:15:00,Valencia,CD Leganés,2,0,False,606,1439.8982092303543,1433.5161000503674,6.3821091799868555,7.0,1.2,2.2,1.4,1.2,8.802083333333334,0.8,1.4,1.0,1.2,44.3,4.2105263157894735,71.9,1.6842105263157894,0.131578947368421,0.0,45.45,4.565789473684211,68.5,2.776315789473684,0.131578947368421,1.0
2025-02-09 17:30:00,Real Sociedad de Fútbol,RCD Espanyol de Barcelona,2,1,False,607,1494.2126580808188,1433.024774969524,61.187883111294695,7.0,0.4,1.6,0.6,0.8,7.895833333333333,1.0,0.8,1.6,2.0,55.3,3.5526315789473686,71.1,2.5789473684210527,0.0526315789473684,0.0,45.45,4.565789473684211,68.5,2.776315789473684,0.131578947368421,1.0
2025-02-09 20:00:00,Sevilla,Barcelona,1,4,False,608,1475.1955968369812,1659.483494801658,-184.28789796467686,8.291666666666666,1.2,1.4,1.2,1.0,7.291666666666667,2.0,1.0,1.4,1.4,50.3,4.605263157894737,69.1,2.8421052631578947,0.1052631578947368,0.0,64.3,3.710526315789474,68.8,2.289473684210526,0.0526315789473684,0.0
2025-02-10 20:00:00,RCD Mallorca,CA Osasuna,1,1,False,609,1459.0471429361694,1490.81625965052,-31.769116714350503,9.104166666666666,0.6,1.6,1.2,1.0,8.104166666666666,1.0,1.2,1.0,1.4,45.0,3.8947368421052633,70.3,2.763157894736842,0.1052631578947368,0.0,47.5,4.0,63.2,2.0526315789473686,0.131578947368421,0.0
2025-02-14 20:00:00,Girona,Getafe,1,2,False,610,1529.8936237354633,1484.113596934033,45.78002680143027,6.197916666666667,1.0,1.6,1.2,2.0,5.291666666666667,1.4,0.4,2.2,0.8,56.9,4.421052631578948,72.6,1.973684210526316,0.0263157894736842,0.0,44.8,4.552631578947368,68.8,3.5526315789473686,0.2631578947368421,0.0
2025-02-15 13:00:00,CD Leganés,Deportivo Alavés,3,3,False,611,1420.5585349234216,1443.3317249688562,-22.773190045434603,5.90625,0.4,0.8,1.0,0.6,6.0,0.8,1.0,0.8,1.6,45.45,4.565789473684211,68.5,2.776315789473684,0.131578947368421,1.0,41.8,3.8684210526315783,68.7,2.210526315789474,0.0263157894736842,0.0
2025-02-15 15:15:00,CA Osasuna,Real Madrid,1,1,False,612,1491.7698153587892,1702.4657961162552,-210.69598075746603,4.802083333333333,1.0,1.0,1.2,1.6,6.802083333333333,2.0,0.8,2.0,1.0,47.5,4.0,63.2,2.0526315789473686,0.131578947368421,0.0,59.2,3.131578947368421,78.2,1.8157894736842104,0.1052631578947368,0.0
2025-02-15 17:30:00,Club Atlético de Madrid,RC Celta de Vigo,1,1,False,613,1649.06315436491,1468.9808067073357,180.08234765757425,6.895833333333333,1.0,0.6,1.6,1.8,7.1875,1.4,1.8,0.8,1.8,50.8,3.789473684210526,70.1,2.3421052631578947,0.131578947368421,0.0,46.1,4.315789473684211,65.2,1.736842105263158,0.131578947368421,0.0
2025-02-15 20:00:00,Villarreal,Valencia,1,1,False,614,1571.877185365897,1452.8557743573,119.02141100859694,7.104166666666667,2.4,0.8,2.0,2.6,6.197916666666667,1.4,1.8,2.0,2.4,49.6,5.631578947368421,69.6,2.8947368421052637,0.2105263157894736,0.0,44.3,4.2105263157894735,71.9,1.6842105263157894,0.131578947368421,0.0
2025-02-16 13:00:00,RCD Espanyol de Barcelona,Athletic Club,1,1,False,615,1426.5050523323262,1624.84406174726,-198.3390094149338,6.8125,1.2,1.0,1.6,1.0,7.90625,1.8,0.8,2.2,1.2,45.45,4.565789473684211,68.5,2.776315789473684,0.131578947368421,1.0,49.8,3.526315789473684,72.4,2.1052631578947367,0.131578947368421,0.0
2025-02-16 15:15:00,Real Valladolid,Sevilla,0,4,False,616,1363.5282934882716,1463.4785472423166,-99.95025375404498,8.802083333333334,0.6,2.2,0.6,0.6,6.802083333333333,1.0,1.4,1.2,2.0,45.45,4.565789473684211,68.5,2.776315789473684,0.131578947368421,1.0,50.3,4.605263157894737,69.1,2.8421052631578947,0.1052631578947368,0.0
2025-02-16 17:30:00,RCD Mallorca,UD Las Palmas,3,1,False,617,1458.0935872279001,1427.5907600279606,30.502827199939475,5.895833333333333,0.4,1.6,0.8,1.2,8.0,1.0,2.2,0.2,1.6,45.0,3.8947368421052633,70.3,2.763157894736842,0.1052631578947368,0.0,59.2,4.105263157894737,69.9,2.210526315789474,0.131578947368421,0.0
2025-02-16 20:00:00,Real Betis Balompié,Real Sociedad de Fútbol,3,0,False,618,1485.1830450633283,1500.7323807180167,-15.54933565468832,8.291666666666666,1.2,1.8,0.8,1.6,7.104166666666667,0.8,1.4,1.2,1.2,50.4,4.157894736842105,71.5,2.289473684210526,0.0789473684210526,0.0,55.3,3.5526315789473686,71.1,2.5789473684210527,0.0526315789473684,0.0
2025-02-17 20:00:00,Barcelona,Rayo Vallecano de Madrid,1,0,False,619,1671.2005443963226,1500.8372862821807,170.3632581141419,8.0,2.8,1.0,2.0,2.0,10.0,1.4,0.6,2.6,0.6,64.3,3.710526315789474,68.8,2.289473684210526,0.0526315789473684,0.0,49.4,3.973684210526316,68.2,2.8421052631578947,0.131578947368421,0.0
2025-02-21 20:00:00,RC Celta de Vigo,CA Osasuna,1,0,False,620,1475.0586719210207,1495.7336149027453,-20.674942981724598,6.104166666666667,1.4,1.6,1.0,2.0,6.197916666666667,1.2,1.0,1.4,0.8,46.1,4.315789473684211,65.2,1.736842105263158,0.131578947368421,0.0,47.5,4.0,63.2,2.0526315789473686,0.131578947368421,0.0
2025-02-22 13:00:00,Deportivo Alavés,RCD Espanyol de Barcelona,0,1,False,621,1444.5411610066908,1430.1649135600428,14.376247446647994,7.0,1.4,1.4,1.0,0.6,6.0,1.2,1.0,1.6,1.8,41.8,3.8684210526315783,68.7,2.210526315789474,0.0263157894736842,0.0,45.45,4.565789473684211,68.5,2.776315789473684,0.131578947368421,1.0
2025-02-22 15:15:00,Rayo Vallecano de Madrid,Villarreal,0,1,False,622,1496.7357465680648,1567.026002944647,-70.29025637658219,4.802083333333333,1.0,0.6,2.0,1.8,6.802083333333333,2.6,0.8,2.2,1.4,49.4,3.973684210526316,68.2,2.8421052631578947,0.131578947368421,0.0,49.6,5.631578947368421,69.6,2.8947368421052637,0.2105263157894736,0.0
2025-02-22 17:30:00,Valencia,Club Atlético de Madrid,0,3,False,623,1457.7069567785502,1642.9852891512248,-185.27833237267464,6.895833333333333,1.4,1.8,2.0,1.6,7.0,1.0,0.8,1.2,0.6,44.3,4.2105263157894735,71.9,1.6842105263157894,0.131578947368421,0.0,50.8,3.789473684210526,70.1,2.3421052631578947,0.131578947368421,0.0
2025-02-22 20:00:00,UD Las Palmas,Barcelona,0,2,False,624,1415.698345447616,1675.3020841104385,-259.6037386628225,6.104166666666667,1.0,2.4,0.2,1.2,5.0,2.8,0.6,2.6,1.4,59.2,4.105263157894737,69.9,2.210526315789474,0.131578947368421,0.0,64.3,3.710526315789474,68.8,2.289473684210526,0.0526315789473684,0.0
2025-02-23 13:00:00,Athletic Club,Real Valladolid,7,1,False,625,1621.1842005195433,1346.6581116104712,274.5260889090721,7.0,1.6,0.8,1.8,1.6,6.90625,0.4,3.0,0.0,2.6,49.8,3.526315789473684,72.4,2.1052631578947367,0.131578947368421,0.0,45.45,4.565789473684211,68.5,2.776315789473684,0.131578947368421,1.0
2025-02-23 15:15:00,Real Madrid,Girona,2,0,False,626,1698.501996572299,1516.808951626443,181.69304494585595,8.0,1.8,0.8,1.6,3.0,8.802083333333334,1.0,2.0,0.6,1.8,59.2,3.131578947368421,78.2,1.8157894736842104,0.1052631578947368,0.0,56.9,4.421052631578948,72.6,1.973684210526316,0.0263157894736842,0.0
2025-02-23 17:30:00,Getafe,Real Betis Balompié,1,2,False,627,1497.1982690430532,1500.208946342072,-3.01067729901888,8.895833333333334,1.4,0.4,2.2,0.8,6.895833333333333,1.8,1.6,1.4,1.4,44.8,4.552631578947368,68.8,3.5526315789473686,0.2631578947368421,0.0,50.4,4.157894736842105,71.5,2.289473684210526,0.0789473684210526,0.0
2025-02-23 20:00:00,Real Sociedad de Fútbol,CD Leganés,3,0,False,628,1485.706479439273,1419.349098885587,66.35738055368597,7.0,0.6,2.0,0.6,1.0,8.291666666666666,0.8,1.2,1.0,0.8,55.3,3.5526315789473686,71.1,2.5789473684210527,0.0526315789473684,0.0,45.45,4.565789473684211,68.5,2.776315789473684,0.131578947368421,1.0
2025-02-24 20:00:00,Sevilla,RCD Mallorca,1,1,False,629,1480.348729120117,1469.9860018082447,10.362727311872277,8.197916666666666,1.6,1.2,1.6,1.0,8.104166666666666,0.8,1.8,0.8,2.0,50.3,4.605263157894737,69.1,2.8421052631578947,0.1052631578947368,0.0,45.0,3.8947368421052633,70.3,2.763157894736842,0.1052631578947368,0.0
2025-02-28 20:00:00,Real Valladolid,UD Las Palmas,1,1,False,630,1341.385270649487,1407.7043601792188,-66.31908952973185,5.291666666666667,0.4,4.0,0.0,0.4,6.0,0.8,2.0,0.2,2.0,45.45,4.565789473684211,68.5,2.776315789473684,0.131578947368421,1.0,59.2,4.105263157894737,69.9,2.210526315789474,0.131578947368421,0.0
2025-03-01 13:00:00,Girona,RC Celta de Vigo,2,2,False,631,1510.482854281252,1483.7897710157508,26.693083265501173,5.90625,0.8,2.0,0.6,1.4,7.708333333333333,1.4,1.2,1.6,1.4,56.9,4.421052631578948,72.6,1.973684210526316,0.0263157894736842,0.0,46.1,4.315789473684211,65.2,1.736842105263158,0.131578947368421,0.0
2025-03-01 15:15:00,Rayo Vallecano de Madrid,Sevilla,1,1,False,632,1486.8880006199927,1478.2130065014585,8.674994118534187,7.0,0.8,0.6,1.8,1.6,4.802083333333333,1.4,1.2,1.2,1.8,49.4,3.973684210526316,68.2,2.8421052631578947,0.131578947368421,0.0,50.3,4.605263157894737,69.1,2.8421052631578947,0.1052631578947368,0.0
2025-03-01 17:30:00,Real Betis Balompié,Real Madrid,2,1,False,633,1511.9744480426523,1704.8280939174902,-192.85364587483787,6.0,2.0,1.2,2.0,1.8,6.09375,1.4,0.6,1.6,1.2,50.4,4.157894736842105,71.5,2.289473684210526,0.0789473684210526,0.0,59.2,3.131578947368421,78.2,1.8157894736842104,0.1052631578947368,0.0
2025-03-01 20:00:00,Club Atlético de Madrid,Athletic Club,1,0,False,634,1654.6579411397324,1626.4570414805276,28.20089965920488,7.104166666666667,1.6,0.6,1.8,1.2,6.291666666666667,2.6,0.8,1.8,1.2,50.8,3.789473684210526,70.1,2.3421052631578947,0.131578947368421,0.0,49.8,3.526315789473684,72.4,2.1052631578947367,0.131578947368421,0.0
2025-03-02 13:00:00,CD Leganés,Getafe,1,0,False,635,1408.1672328966565,1485.432767342473,-77.26553444581646,6.708333333333333,0.6,1.8,0.4,1.2,6.8125,1.4,0.6,2.0,0.6,45.45,4.565789473684211,68.5,2.776315789473684,0.131578947368421,1.0,44.8,4.552631578947368,68.8,3.5526315789473686,0.2631578947368421,0.0
2025-03-02 15:15:00,Barcelona,Real Sociedad de Fútbol,4,0,False,636,1683.2960693788357,1496.8883454282034,186.40772395063232,7.802083333333333,3.0,0.4,3.0,2.0,6.802083333333333,1.2,1.8,1.2,1.6,64.3,3.710526315789474,68.8,2.289473684210526,0.0526315789473684,0.0,55.3,3.5526315789473686,71.1,2.5789473684210527,0.0526315789473684,0.0
2025-03-02 17:30:00,RCD Mallorca,Deportivo Alavés,1,1,False,637,1472.1217244269033,1432.2954653579955,39.8262590689078,5.895833333333333,1.0,1.2,1.0,1.4,8.1875,0.8,1.4,0.4,1.8,45.0,3.8947368421052633,70.3,2.763157894736842,0.1052631578947368,0.0,41.8,3.8684210526315783,68.7,2.210526315789474,0.0263157894736842,0.0
2025-03-02 20:00:00,CA Osasuna,Valencia,3,3,False,638,1487.0025158080152,1446.0343047900426,40.968211017972635,9.0,1.0,1.0,1.2,1.4,8.104166666666666,1.2,2.4,1.4,2.2,47.5,4.0,63.2,2.0526315789473686,0.131578947368421,0.0,44.3,4.2105263157894735,71.9,1.6842105263157894,0.131578947368421,0.0
2025-03-08 13:00:00,RC Celta de Vigo,CD Leganés,2,1,False,639,1486.3692978627635,1418.5201167681748,67.84918109458863,7.0,1.6,1.4,1.6,1.8,6.0,0.8,1.8,0.8,1.2,46.1,4.315789473684211,65.2,1.736842105263158,0.131578947368421,0.0,45.45,4.565789473684211,68.5,2.776315789473684,0.131578947368421,1.0
2025-03-08 15:15:00,Deportivo Alavés,Villarreal,1,0,False,640,1435.2242711606864,1576.873748892719,-141.64947773203266,5.90625,0.8,1.4,0.4,0.4,14.0,2.0,0.8,2.2,1.0,41.8,3.8684210526315783,68.7,2.210526315789474,0.0263157894736842,0.0,49.6,5.631578947368421,69.6,2.8947368421052637,0.2105263157894736,0.0
2025-03-08 17:30:00,Valencia,Real Valladolid,2,1,False,641,1448.9931302187663,1341.423236915659,107.56989330310739,5.895833333333333,1.6,1.6,1.6,1.2,7.895833333333333,0.6,3.6,0.2,3.6,44.3,4.2105263157894735,71.9,1.6842105263157894,0.131578947368421,0.0,45.45,4.565789473684211,68.5,2.776315789473684,0.131578947368421,1.0
2025-03-09 13:00:00,Getafe,Club Atlético de Madrid,2,1,False,642,1475.0798834709547,1662.0379491166977,-186.9580656457431,7.0,0.8,0.8,1.4,0.6,7.708333333333333,1.6,0.4,2.2,0.6,44.8,4.552631578947368,68.8,3.5526315789473686,0.2631578947368421,0.0,50.8,3.789473684210526,70.1,2.3421052631578947,0.131578947368421,0.0
2025-03-09 15:15:00,Real Madrid,Rayo Vallecano de Madrid,2,1,False,643,1691.3057497604711,1484.7986869081703,206.5070628523008,7.90625,1.0,1.0,1.0,2.6,8.0,0.6,0.6,1.4,0.8,59.2,3.131578947368421,78.2,1.8157894736842104,0.1052631578947368,0.0,49.4,3.973684210526316,68.2,2.8421052631578947,0.131578947368421,0.0
2025-03-09 17:30:00,Athletic Club,RCD Mallorca,1,1,False,644,1619.0770335035622,1469.1929186242123,149.8841148793499,7.895833333333333,2.6,1.0,1.6,2.8,7.0,1.2,1.2,1.2,1.8,49.8,3.526315789473684,72.4,2.1052631578947367,0.131578947368421,0.0,45.0,3.8947368421052633,70.3,2.763157894736842,0.1052631578947368,0.0
2025-03-09 17:30:00,Real Betis Balompié,UD Las Palmas,1,0,False,645,1525.4967921996713,1407.666393913047,117.83039828662436,8.0,2.2,1.4,2.0,1.8,8.895833333333334,0.8,2.0,0.2,2.0,50.4,4.157894736842105,71.5,2.289473684210526,0.0789473684210526,0.0,59.2,4.105263157894737,69.9,2.210526315789474,0.131578947368421,0.0
2025-03-09 20:00:00,Real Sociedad de Fútbol,Sevilla,0,1,False,646,1489.7472240359325,1480.3023202132808,9.444903822651668,7.197916666666667,1.2,2.0,1.2,1.2,8.197916666666666,1.4,1.2,1.2,1.2,55.3,3.5526315789473686,71.1,2.5789473684210527,0.0526315789473684,0.0,50.3,4.605263157894737,69.1,2.8421052631578947,0.1052631578947368,0.0
2025-03-10 20:00:00,RCD Espanyol de Barcelona,Girona,1,1,False,647,1442.4106092087382,1507.9033274342394,-65.49271822550122,14.0,1.0,0.8,1.6,1.2,9.291666666666666,1.0,2.0,0.8,1.8,45.45,4.565789473684211,68.5,2.776315789473684,0.131578947368421,1.0,56.9,4.421052631578948,72.6,1.973684210526316,0.0263157894736842,0.0
2025-03-14 20:00:00,UD Las Palmas,Deportivo Alavés,2,2,False,648,1402.491320140773,1447.3953120246715,-44.90399188389847,5.104166666666667,0.6,1.8,0.2,0.8,6.197916666666667,1.0,1.2,1.0,1.6,59.2,4.105263157894737,69.9,2.210526315789474,0.131578947368421,0.0,41.8,3.8684210526315783,68.7,2.210526315789474,0.0263157894736842,0.0
2025-03-15 13:00:00,Real Valladolid,RC Celta de Vigo,0,1,False,649,1336.018385244991,1492.7216529016425,-156.70326765665163,6.8125,0.6,3.0,0.2,0.6,7.0,1.8,1.2,2.2,1.6,45.45,4.565789473684211,68.5,2.776315789473684,0.131578947368421,1.0,46.1,4.315789473684211,65.2,1.736842105263158,0.131578947368421,0.0
2025-03-15 15:15:00,RCD Mallorca,RCD Espanyol de Barcelona,2,1,False,650,1474.6936501617097,1442.4247907697445,32.26885939196518,5.90625,1.4,1.0,1.4,1.4,4.802083333333333,1.0,0.8,1.6,1.0,45.0,3.8947368421052633,70.3,2.763157894736842,0.1052631578947368,0.0,45.45,4.565789473684211,68.5,2.776315789473684,0.131578947368421,1.0
2025-03-15 17:30:00,Villarreal,Real Madrid,1,2,False,651,1564.702708028734,1694.770309837618,-130.0676018088841,7.09375,1.8,0.8,2.0,2.4,6.09375,1.4,1.0,1.6,1.0,49.6,5.631578947368421,69.6,2.8947368421052637,0.2105263157894736,0.0,59.2,3.131578947368421,78.2,1.8157894736842104,0.1052631578947368,0.0
2025-03-15 20:00:00,Girona,Valencia,1,1,False,652,1507.889145873233,1454.3979818894343,53.49116398379874,5.0,0.8,2.0,0.4,1.8,7.104166666666667,1.6,1.6,1.6,2.6,56.9,4.421052631578948,72.6,1.973684210526316,0.0263157894736842,0.0,44.3,4.2105263157894735,71.9,1.6842105263157894,0.131578947368421,0.0
2025-03-16 13:00:00,CD Leganés,Real Betis Balompié,2,3,False,653,1412.1677617292958,1530.6718659719452,-118.50410424264942,8.0,1.0,2.0,0.8,1.4,6.8125,2.0,1.0,2.4,1.2,45.45,4.565789473684211,68.5,2.776315789473684,0.131578947368421,1.0,50.4,4.157894736842105,71.5,2.289473684210526,0.0789473684210526,0.0
2025-03-16 15:15:00,Sevilla,Athletic Club,0,1,False,654,1492.4128165398693,1613.5763019660649,-121.16348542619562,6.802083333333333,1.6,1.2,1.6,1.0,6.90625,2.4,0.8,1.6,1.2,50.3,4.605263157894737,69.1,2.8421052631578947,0.1052631578947368,0.0,49.8,3.526315789473684,72.4,2.1052631578947367,0.131578947368421,0.0
2025-03-16 17:30:00,CA Osasuna,Getafe,1,2,False,655,1484.0436903792915,1488.452712977307,-4.409022598015554,13.895833333333334,1.4,1.4,1.2,1.6,7.1875,1.2,1.0,1.8,0.6,47.5,4.0,63.2,2.0526315789473686,0.131578947368421,0.0,44.8,4.552631578947368,68.8,3.5526315789473686,0.2631578947368421,0.0
2025-03-16 17:30:00,Rayo Vallecano de Madrid,Real Sociedad de Fútbol,2,2,False,656,1481.3341268310235,1477.636727709344,3.697399121679382,7.09375,0.6,1.0,0.8,1.2,6.895833333333333,1.0,1.8,1.2,2.4,49.4,3.973684210526316,68.2,2.8421052631578947,0.131578947368421,0.0,55.3,3.5526315789473686,71.1,2.5789473684210527,0.0526315789473684,0.0
2025-03-16 20:00:00,Club Atlético de Madrid,Barcelona,2,4,False,657,1648.6651196103453,1690.4371907711065,-41.77207116076124,7.291666666666667,1.4,0.8,1.6,1.2,14.0,2.4,0.2,3.0,1.0,50.8,3.789473684210526,70.1,2.3421052631578947,0.131578947368421,0.0,64.3,3.710526315789474,68.8,2.289473684210526,0.0526315789473684,0.0
2025-03-27 20:00:00,Barcelona,CA Osasuna,3,0,False,658,1707.7719745475279,1472.3172092913974,235.4547652561305,11.0,3.0,0.6,3.0,2.8,11.104166666666666,1.2,1.6,0.6,0.8,64.3,3.710526315789474,68.8,2.289473684210526,0.0526315789473684,0.0,47.5,4.0,63.2,2.0526315789473686,0.131578947368421,0.0
2025-03-29 13:00:00,Real Sociedad de Fútbol,Real Valladolid,2,1,False,659,1479.5886267235649,1328.598185715503,150.9904410080619,12.8125,1.0,2.0,0.8,1.2,14.0,0.6,3.0,0.2,3.4,55.3,3.5526315789473686,71.1,2.5789473684210527,0.0526315789473684,0.0,45.45,4.565789473684211,68.5,2.776315789473684,0.131578947368421,1.0
2025-03-29 15:15:00,RCD Espanyol de Barcelona,Club Atlético de Madrid,1,1,False,660,1435.1534924836474,1631.330335833924,-196.1768433502766,14.0,1.0,1.2,1.0,1.2,12.802083333333334,1.6,1.4,1.4,1.0,45.45,4.565789473684211,68.5,2.776315789473684,0.131578947368421,1.0,50.8,3.789473684210526,70.1,2.3421052631578947,0.131578947368421,0.0
2025-03-29 17:30:00,Deportivo Alavés,Rayo Vallecano de Madrid,0,2,False,661,1447.9730774577592,1479.3822278168027,-31.40915035904345,14.0,1.4,1.4,1.2,0.4,13.0,0.8,1.4,0.4,1.0,41.8,3.8684210526315783,68.7,2.210526315789474,0.0263157894736842,0.0,49.4,3.973684210526316,68.2,2.8421052631578947,0.131578947368421,0.0
2025-03-29 20:00:00,Real Madrid,CD Leganés,3,2,False,662,1702.919106101321,1403.6956744736551,299.22343162766583,14.0,1.6,1.0,2.0,2.6,13.291666666666666,1.4,2.2,0.8,1.6,59.2,3.131578947368421,78.2,1.8157894736842104,0.1052631578947368,0.0,45.45,4.565789473684211,68.5,2.776315789473684,0.131578947368421,1.0
2025-03-30 12:00:00,Getafe,Villarreal,1,2,False,663,1500.1791940652013,1556.553911765031,-56.374717699829716,13.770833333333334,1.4,1.2,1.8,0.8,14.0,1.0,1.0,1.4,0.8,44.8,4.552631578947368,68.8,3.5526315789473686,0.2631578947368421,0.0,49.6,5.631578947368421,69.6,2.8947368421052637,0.2105263157894736,0.0
2025-03-30 14:15:00,Barcelona,Girona,4,1,False,664,1713.0445249321942,1504.605045928763,208.4394790034312,2.7604166666666665,2.8,0.4,3.0,3.2,14.0,1.0,1.6,0.6,1.6,64.3,3.710526315789474,68.8,2.289473684210526,0.0526315789473684,0.0,56.9,4.421052631578948,72.6,1.973684210526316,0.0263157894736842,0.0
2025-03-30 16:30:00,Athletic Club,CA Osasuna,0,0,False,665,1621.9737217740205,1467.044658906731,154.92906286728953,14.0,2.0,0.8,1.6,2.6,2.8541666666666665,1.0,2.0,0.4,1.4,49.8,3.526315789473684,72.4,2.1052631578947367,0.131578947368421,0.0,47.5,4.0,63.2,2.0526315789473686,0.131578947368421,0.0
2025-03-30 16:30:00,Valencia,RCD Mallorca,1,0,False,666,1457.6820818339042,1481.9649484478068,-24.28286661390257,14.0,1.4,1.8,1.2,1.4,14.0,1.6,1.0,1.8,1.6,44.3,4.2105263157894735,71.9,1.6842105263157894,0.131578947368421,0.0,45.0,3.8947368421052633,70.3,2.763157894736842,0.1052631578947368,0.0
2025-03-30 19:00:00,Real Betis Balompié,Sevilla,2,1,False,667,1539.1439532275858,1484.0153967319136,55.12855649567223,14.0,2.2,0.8,3.0,1.8,14.0,1.4,0.6,1.6,0.4,50.4,4.157894736842105,71.5,2.289473684210526,0.0789473684210526,0.0,50.3,4.605263157894737,69.1,2.8421052631578947,0.1052631578947368,0.0
2025-03-31 19:00:00,RC Celta de Vigo,UD Las Palmas,1,1,False,668,1500.1418524311305,1401.9135547076853,98.22829772344517,14.0,1.4,0.8,2.2,1.8,14.0,0.8,1.8,0.4,2.2,46.1,4.315789473684211,65.2,1.736842105263158,0.131578947368421,0.0,59.2,4.105263157894737,69.9,2.210526315789474,0.131578947368421,0.0
2025-04-04 19:00:00,Rayo Vallecano de Madrid,RCD Espanyol de Barcelona,0,4,False,669,1497.1984371834621,1438.7593349698698,58.43910221359238,6.0625,1.2,1.2,1.0,1.2,6.15625,1.0,1.0,1.2,1.2,49.4,3.973684210526316,68.2,2.8421052631578947,0.131578947368421,0.0,45.45,4.565789473684211,68.5,2.776315789473684,0.131578947368421,1.0
2025-04-05 12:00:00,Girona,Deportivo Alavés,0,1,False,670,1498.5976239738047,1430.1568680910998,68.44075588270493,5.90625,1.0,2.0,0.6,1.4,6.770833333333333,0.8,1.2,1.0,1.6,56.9,4.421052631578948,72.6,1.973684210526316,0.0263157894736842,0.0,41.8,3.8684210526315783,68.7,2.210526315789474,0.0263157894736842,0.0
2025-04-05 14:15:00,Real Madrid,Valencia,1,2,False,671,1705.107585301412,1466.5154844360998,238.5921008653122,6.760416666666667,2.0,1.2,2.4,2.4,5.90625,1.4,1.6,1.6,2.6,59.2,3.131578947368421,78.2,1.8157894736842104,0.1052631578947368,0.0,44.3,4.2105263157894735,71.9,1.6842105263157894,0.131578947368421,0.0
2025-04-05 16:30:00,RCD Mallorca,RC Celta de Vigo,1,2,False,672,1473.1315458456113,1495.7614042211455,-22.62985837553424,6.0,1.0,1.0,1.2,1.4,4.895833333333333,1.4,0.8,2.2,1.2,45.0,3.8947368421052633,70.3,2.763157894736842,0.1052631578947368,0.0,46.1,4.315789473684211,65.2,1.736842105263158,0.131578947368421,0.0
2025-04-05 19:00:00,Barcelona,Real Betis Balompié,1,1,False,673,1719.0519468871526,1545.8178735184404,173.2340733687122,6.197916666666667,3.4,0.6,3.0,2.6,6.0,2.0,1.0,3.0,1.4,64.3,3.710526315789474,68.8,2.289473684210526,0.0526315789473684,0.0,50.4,4.157894736842105,71.5,2.289473684210526,0.0789473684210526,0.0
2025-04-06 12:00:00,UD Las Palmas,Real Sociedad de Fútbol,1,3,False,674,1406.2940029176702,1484.065726422427,-77.77172350475666,5.708333333333333,0.8,1.4,0.6,1.0,7.958333333333333,1.4,1.6,1.4,2.4,59.2,4.105263157894737,69.9,2.210526315789474,0.131578947368421,0.0,55.3,3.5526315789473686,71.1,2.5789473684210527,0.0526315789473684,0.0
2025-04-06 14:15:00,Sevilla,Club Atlético de Madrid,1,2,False,675,1477.341476441059,1627.7244933477016,-150.38301690664252,6.802083333333333,0.8,1.0,1.0,0.8,7.958333333333333,1.6,1.4,1.4,1.0,50.3,4.605263157894737,69.1,2.8421052631578947,0.1052631578947368,0.0,50.8,3.789473684210526,70.1,2.3421052631578947,0.131578947368421,0.0
2025-04-06 16:30:00,Real Valladolid,Getafe,0,4,False,676,1324.121086016641,1489.930989472702,-165.8099034560612,8.145833333333334,0.8,2.6,0.2,0.4,7.1875,1.2,1.4,1.2,0.6,45.45,4.565789473684211,68.5,2.776315789473684,0.131578947368421,1.0,44.8,4.552631578947368,68.8,3.5526315789473686,0.2631578947368421,0.0
2025-04-06 19:00:00,Villarreal,Athletic Club,0,0,False,677,1566.8021163575302,1616.3725307082902,-49.570414350760075,7.291666666666667,1.0,1.0,1.4,2.4,7.104166666666667,1.8,0.6,1.6,1.0,49.6,5.631578947368421,69.6,2.8947368421052637,0.2105263157894736,0.0,49.8,3.526315789473684,72.4,2.1052631578947367,0.131578947368421,0.0
2025-04-07 19:00:00,CD Leganés,CA Osasuna,1,1,False,678,1401.507195273564,1472.6458499724613,-71.1386546988972,8.958333333333334,1.2,2.2,0.6,1.4,8.104166666666666,0.8,1.8,0.4,1.2,45.45,4.565789473684211,68.5,2.776315789473684,0.131578947368421,1.0,47.5,4.0,63.2,2.0526315789473686,0.131578947368421,0.0
2025-04-11 19:00:00,Valencia,Sevilla,1,0,False,679,1483.5485231394287,1469.7506906152125,13.797832524216119,6.197916666666667,1.8,1.2,2.2,1.4,5.197916666666667,0.8,1.2,0.8,0.6,44.3,4.2105263157894735,71.9,1.6842105263157894,0.131578947368421,0.0,50.3,4.605263157894737,69.1,2.8421052631578947,0.1052631578947368,0.0
2025-04-12 12:00:00,Real Sociedad de Fútbol,RCD Mallorca,0,2,False,680,1499.7186457455248,1461.9180449376815,37.80060080784324,6.0,1.4,1.8,1.4,1.4,6.8125,1.0,1.2,1.0,1.8,55.3,3.5526315789473686,71.1,2.5789473684210527,0.0526315789473684,0.0,45.0,3.8947368421052633,70.3,2.763157894736842,0.1052631578947368,0.0
2025-04-12 14:15:00,Getafe,UD Las Palmas,1,3,False,681,1503.3883002932537,1390.6410835945724,112.74721669868131,5.90625,1.8,1.0,1.8,1.0,6.09375,1.0,1.6,0.6,1.6,44.8,4.552631578947368,68.8,3.5526315789473686,0.2631578947368421,0.0,59.2,4.105263157894737,69.9,2.210526315789474,0.131578947368421,0.0
2025-04-12 16:30:00,RC Celta de Vigo,RCD Espanyol de Barcelona,0,2,False,682,1506.9749051290753,1463.9041225678513,43.07078256122395,7.0,1.6,1.0,2.2,1.6,7.895833333333333,1.6,0.8,1.6,1.0,46.1,4.315789473684211,65.2,1.736842105263158,0.131578947368421,0.0,45.45,4.565789473684211,68.5,2.776315789473684,0.131578947368421,1.0
2025-04-12 19:00:00,CD Leganés,Barcelona,0,1,False,683,1401.6838615753677,1713.0998684832389,-311.4160069078712,5.0,1.4,1.8,0.8,1.4,7.0,3.2,0.8,2.6,1.2,45.45,4.565789473684211,68.5,2.776315789473684,0.131578947368421,1.0,64.3,3.710526315789474,68.8,2.289473684210526,0.0526315789473684,0.0
2025-04-13 12:00:00,CA Osasuna,Girona,2,1,False,684,1472.4691836706577,1484.9352267794445,-12.466043108786835,5.708333333333333,1.0,1.8,0.6,1.6,8.0,1.0,1.8,0.6,2.4,47.5,4.0,63.2,2.0526315789473686,0.131578947368421,0.0,56.9,4.421052631578948,72.6,1.973684210526316,0.0263157894736842,0.0
2025-04-13 14:15:00,Deportivo Alavés,Real Madrid,0,1,False,685,1443.81926528546,1688.074546598083,-244.25528131262308,8.09375,1.0,1.0,1.6,0.4,8.0,1.8,1.6,1.8,1.0,41.8,3.8684210526315783,68.7,2.210526315789474,0.0263157894736842,0.0,59.2,3.131578947368421,78.2,1.8157894736842104,0.1052631578947368,0.0
2025-04-13 16:30:00,Real Betis Balompié,Villarreal,1,2,False,686,1551.769951922354,1566.3583089103836,-14.588356988029545,7.895833333333333,1.8,1.0,2.6,2.0,6.895833333333333,0.8,0.8,1.4,0.8,50.4,4.157894736842105,71.5,2.289473684210526,0.0789473684210526,0.0,49.6,5.631578947368421,69.6,2.8947368421052637,0.2105263157894736,0.0
2025-04-13 19:00:00,Athletic Club,Rayo Vallecano de Madrid,3,1,False,687,1616.8163381554368,1472.0536495854806,144.76268856995625,7.0,0.4,0.4,1.2,2.2,9.0,1.2,1.8,1.0,0.8,49.8,3.526315789473684,72.4,2.1052631578947367,0.131578947368421,0.0,49.4,3.973684210526316,68.2,2.8421052631578947,0.131578947368421,0.0
2025-04-14 19:00:00,Club Atlético de Madrid,Real Valladolid,4,2,False,688,1635.315279173548,1310.6637751960893,324.6515039774588,8.197916666666666,1.4,1.6,1.4,1.4,8.104166666666666,0.6,2.0,0.2,3.4,50.8,3.789473684210526,70.1,2.3421052631578947,0.131578947368421,0.0,45.45,4.565789473684211,68.5,2.776315789473684,0.131578947368421,1.0
2025-04-18 19:00:00,RCD Espanyol de Barcelona,Getafe,1,0,False,689,1485.051783020592,1479.4814782689643,5.570304751627646,6.104166666666667,1.8,0.8,1.6,1.2,6.197916666666667,2.0,1.4,1.8,0.6,45.45,4.565789473684211,68.5,2.776315789473684,0.131578947368421,1.0,44.8,4.552631578947368,68.8,3.5526315789473686,0.2631578947368421,0.0
2025-04-19 12:00:00,Rayo Vallecano de Madrid,Valencia,1,1,False,690,1464.5739282122772,1491.3186419188514,-26.744713706574203,5.708333333333333,1.2,2.2,0.8,0.8,7.708333333333333,1.4,0.6,2.6,2.6,49.4,3.973684210526316,68.2,2.8421052631578947,0.131578947368421,0.0,44.3,4.2105263157894735,71.9,1.6842105263157894,0.131578947368421,0.0
2025-04-19 14:15:00,Barcelona,RC Celta de Vigo,4,3,False,691,1716.9978538160053,1485.8272446763347,231.17060913967066,6.802083333333333,2.6,0.8,2.6,2.6,6.90625,1.2,1.0,2.0,1.2,64.3,3.710526315789474,68.8,2.289473684210526,0.0526315789473684,0.0,46.1,4.315789473684211,65.2,1.736842105263158,0.131578947368421,0.0
2025-04-19 16:30:00,RCD Mallorca,CD Leganés,0,0,False,692,1482.840591534356,1397.7858762426013,85.05471529175475,7.1875,1.2,1.0,1.4,1.6,6.895833333333333,1.2,2.0,0.2,2.0,45.0,3.8947368421052633,70.3,2.763157894736842,0.1052631578947368,0.0,45.45,4.565789473684211,68.5,2.776315789473684,0.131578947368421,1.0
2025-04-19 19:00:00,UD Las Palmas,Club Atlético de Madrid,1,0,False,693,1414.5479056188617,1638.4337756390194,-223.88587002015765,7.197916666666667,1.4,1.6,1.0,1.0,5.0,2.0,2.0,1.4,1.0,59.2,4.105263157894737,69.9,2.210526315789474,0.131578947368421,0.0,50.8,3.789473684210526,70.1,2.3421052631578947,0.131578947368421,0.0
2025-04-20 12:00:00,Real Valladolid,CA Osasuna,2,3,False,694,1307.545278730618,1480.9685537114224,-173.4232749808043,5.708333333333333,0.8,2.6,0.0,0.2,7.0,0.8,1.4,1.0,1.2,45.45,4.565789473684211,68.5,2.776315789473684,0.131578947368421,1.0,47.5,4.0,63.2,2.0526315789473686,0.131578947368421,0.0
2025-04-20 14:15:00,Villarreal,Real Sociedad de Fútbol,2,2,False,695,1577.7991752957432,1478.7960991488503,99.00307614689291,6.90625,1.0,1.0,1.4,2.2,8.09375,1.4,1.4,1.4,2.4,49.6,5.631578947368421,69.6,2.8947368421052637,0.2105263157894736,0.0,55.3,3.5526315789473686,71.1,2.5789473684210527,0.0526315789473684,0.0
2025-04-20 16:30:00,Sevilla,Deportivo Alavés,1,1,False,696,1461.9805718357898,1438.5648553453034,23.415716490486375,8.895833333333334,0.6,1.2,0.6,0.8,7.09375,0.8,1.0,1.4,1.4,50.3,4.605263157894737,69.1,2.8421052631578947,0.1052631578947368,0.0,41.8,3.8684210526315783,68.7,2.210526315789474,0.0263157894736842,0.0
2025-04-20 19:00:00,Real Madrid,Athletic Club,1,0,False,697,1693.3289565382397,1624.2960595286402,69.03289700959954,7.197916666666667,1.8,1.2,2.4,1.8,7.0,1.0,0.4,1.8,0.8,59.2,3.131578947368421,78.2,1.8157894736842104,0.1052631578947368,0.0,49.8,3.526315789473684,72.4,2.1052631578947367,0.131578947368421,0.0
2025-04-21 19:00:00,Girona,Real Betis Balompié,1,3,False,698,1476.4358567386798,1540.3290855369944,-63.89322879831457,8.291666666666666,0.8,1.8,0.4,1.2,8.104166666666666,1.6,1.2,2.0,1.4,56.9,4.421052631578948,72.6,1.973684210526316,0.0263157894736842,0.0,50.4,4.157894736842105,71.5,2.289473684210526,0.0789473684210526,0.0
2025-04-22 17:00:00,Valencia,RCD Espanyol de Barcelona,1,1,False,699,1492.4152893467292,1493.0480862436777,-0.6327968969485482,3.2083333333333335,1.2,0.6,2.2,1.2,3.9166666666666665,1.8,0.6,2.0,0.8,44.3,4.2105263157894735,71.9,1.6842105263157894,0.131578947368421,0.0,45.45,4.565789473684211,68.5,2.776315789473684,0.131578947368421,1.0
2025-04-22 19:30:00,Barcelona,RCD Mallorca,1,0,False,700,1720.0743942380673,1478.7715772911383,241.30281694692894,3.21875,2.6,1.0,2.6,3.2,3.125,1.0,0.8,1.4,1.0,64.3,3.710526315789474,68.8,2.289473684210526,0.0526315789473684,0.0,45.0,3.8947368421052633,70.3,2.763157894736842,0.1052631578947368,0.0
2025-04-23 17:00:00,Athletic Club,UD Las Palmas,1,0,False,701,1617.9732046654515,1428.8268005579087,189.14640410754282,2.9166666666666665,0.8,0.4,1.6,2.8,3.9166666666666665,1.6,1.4,1.6,1.4,49.8,3.526315789473684,72.4,2.1052631578947367,0.131578947368421,0.0,59.2,4.105263157894737,69.9,2.210526315789474,0.131578947368421,0.0
2025-04-23 17:00:00,RC Celta de Vigo,Villarreal,3,0,False,702,1482.7507042542727,1573.4007237669125,-90.6500195126398,4.114583333333333,1.4,1.6,1.4,1.4,3.1145833333333335,1.4,1.2,1.6,0.8,46.1,4.315789473684211,65.2,1.736842105263158,0.131578947368421,0.0,49.6,5.631578947368421,69.6,2.8947368421052637,0.2105263157894736,0.0
2025-04-23 19:30:00,Deportivo Alavés,Real Sociedad de Fútbol,1,0,False,703,1441.056116529876,1483.194550677681,-42.13843414780513,3.125,0.8,1.2,1.0,0.2,3.21875,1.8,1.6,1.6,2.4,41.8,3.8684210526315783,68.7,2.210526315789474,0.0263157894736842,0.0,55.3,3.5526315789473686,71.1,2.5789473684210527,0.0526315789473684,0.0
2025-04-23 19:30:00,Getafe,Real Madrid,0,1,False,704,1471.4851750458786,1699.6518114014284,-228.16663635554983,5.020833333333333,1.6,1.4,1.2,1.0,3.0208333333333335,1.6,1.0,2.4,1.0,44.8,4.552631578947368,68.8,3.5526315789473686,0.2631578947368421,0.0,59.2,3.131578947368421,78.2,1.8157894736842104,0.1052631578947368,0.0
2025-04-24 17:00:00,CA Osasuna,Sevilla,1,0,False,705,1487.9453877005608,1459.4893106512172,28.45607704934355,4.208333333333333,1.2,1.4,1.6,1.8,4.020833333333333,0.6,1.4,0.2,0.8,47.5,4.0,63.2,2.0526315789473686,0.131578947368421,0.0,50.3,4.605263157894737,69.1,2.8421052631578947,0.1052631578947368,0.0
2025-04-24 17:00:00,CD Leganés,Girona,1,1,False,706,1401.854890485819,1460.1340918304736,-58.279201344654666,5.020833333333333,1.0,1.6,0.4,1.4,2.9166666666666665,0.8,2.2,0.2,2.4,45.45,4.565789473684211,68.5,2.776315789473684,0.131578947368421,1.0,56.9,4.421052631578948,72.6,1.973684210526316,0.0263157894736842,0.0
2025-04-24 19:30:00,Real Betis Balompié,Real Valladolid,5,1,False,707,1556.6308504452006,1300.5684447414797,256.06240570372097,3.0208333333333335,2.0,1.4,2.0,1.8,4.3125,1.0,2.8,0.0,3.2,50.4,4.157894736842105,71.5,2.289473684210526,0.0789473684210526,0.0,45.45,4.565789473684211,68.5,2.776315789473684,0.131578947368421,1.0
2025-04-24 19:30:00,Club Atlético de Madrid,Rayo Vallecano de Madrid,3,0,False,708,1624.1548806999724,1463.4772807843995,160.67759991557296,5.020833333333333,1.8,1.8,1.4,2.0,5.3125,1.2,2.0,1.0,1.2,50.8,3.789473684210526,70.1,2.3421052631578947,0.131578947368421,0.0,49.4,3.973684210526316,68.2,2.8421052631578947,0.131578947368421,0.0
2025-04-27 14:15:00,Villarreal,RCD Espanyol de Barcelona,1,0,False,709,1554.611098810791,1494.8798144863142,59.731284324476746,3.8854166666666665,1.2,1.4,1.6,1.8,4.885416666666667,1.8,0.4,2.2,0.6,49.6,5.631578947368421,69.6,2.8947368421052637,0.2105263157894736,0.0,45.45,4.565789473684211,68.5,2.776315789473684,0.131578947368421,1.0
2025-05-02 19:00:00,Rayo Vallecano de Madrid,Getafe,1,0,False,710,1455.976230089493,1465.8641889336752,-9.887958844182322,7.979166666666667,0.8,2.2,0.8,0.8,8.979166666666666,1.2,1.4,0.6,0.8,49.4,3.973684210526316,68.2,2.8421052631578947,0.131578947368421,0.0,44.8,4.552631578947368,68.8,3.5526315789473686,0.2631578947368421,0.0
2025-05-03 12:00:00,Deportivo Alavés,Club Atlético de Madrid,0,0,False,711,1450.3990558011396,1631.655931394879,-181.25687559373932,9.6875,0.6,0.8,1.4,0.4,8.6875,2.0,1.0,2.0,1.0,41.8,3.8684210526315783,68.7,2.210526315789474,0.0263157894736842,0.0,50.8,3.789473684210526,70.1,2.3421052631578947,0.131578947368421,0.0
2025-05-03 14:15:00,Villarreal,CA Osasuna,4,2,False,712,1561.1677213471705,1495.318556558466,65.84916478870446,6.0,1.0,1.2,1.6,1.0,8.885416666666666,1.4,0.8,2.2,1.4,49.6,5.631578947368421,69.6,2.8947368421052637,0.2105263157894736,0.0,47.5,4.0,63.2,2.0526315789473686,0.131578947368421,0.0
2025-05-03 16:30:00,UD Las Palmas,Valencia,2,3,False,713,1425.0665743974234,1490.5835611040927,-65.51698670666929,9.979166666666666,1.2,1.2,1.4,1.0,10.979166666666666,1.2,0.6,2.2,1.4,59.2,4.105263157894737,69.9,2.210526315789474,0.131578947368421,0.0,44.3,4.2105263157894735,71.9,1.6842105263157894,0.131578947368421,0.0
2025-05-03 19:00:00,Real Valladolid,Barcelona,1,2,False,714,1295.4652090954426,1723.0021426829958,-427.5369335875532,8.979166666666666,1.2,3.6,0.0,0.6,10.979166666666666,2.2,1.0,2.6,0.8,45.45,4.565789473684211,68.5,2.776315789473684,0.131578947368421,1.0,64.3,3.710526315789474,68.8,2.289473684210526,0.0526315789473684,0.0
2025-05-04 12:00:00,Real Madrid,RC Celta de Vigo,3,2,False,715,1705.2727975136318,1501.5403292103942,203.7324683032375,10.6875,1.4,0.8,2.4,1.8,10.791666666666666,1.8,1.6,1.4,1.6,59.2,3.131578947368421,78.2,1.8157894736842104,0.1052631578947368,0.0,46.1,4.315789473684211,65.2,1.736842105263158,0.131578947368421,0.0
2025-05-04 14:15:00,Sevilla,CD Leganés,2,2,False,716,1452.116141793312,1401.6614744750914,50.45466731822057,9.885416666666666,0.6,1.4,0.2,0.8,9.885416666666666,0.8,1.2,0.6,2.0,50.3,4.605263157894737,69.1,2.8421052631578947,0.1052631578947368,0.0,45.45,4.565789473684211,68.5,2.776315789473684,0.131578947368421,1.0
2025-05-04 16:30:00,RCD Espanyol de Barcelona,Real Betis Balompié,1,2,False,717,1488.3231919499347,1561.7340860912377,-73.41089414130306,7.09375,1.6,0.4,2.0,1.0,9.875,2.4,1.2,2.0,1.6,45.45,4.565789473684211,68.5,2.776315789473684,0.131578947368421,1.0,50.4,4.157894736842105,71.5,2.289473684210526,0.0789473684210526,0.0
2025-05-04 19:00:00,Real Sociedad de Fútbol,Athletic Club,0,0,False,718,1473.8516114064173,1621.7334308259367,-147.8818194195194,10.979166666666666,1.4,1.4,1.4,1.4,11.083333333333334,0.8,0.4,1.6,0.6,55.3,3.5526315789473686,71.1,2.5789473684210527,0.0526315789473684,0.0,49.8,3.526315789473684,72.4,2.1052631578947367,0.131578947368421,0.0
2025-05-05 19:00:00,Girona,RCD Mallorca,1,0,False,719,1460.3275078412012,1475.8438288462098,-15.516321005008649,11.083333333333334,0.8,2.2,0.2,1.0,12.979166666666666,0.6,0.8,0.8,0.8,56.9,4.421052631578948,72.6,1.973684210526316,0.0263157894736842,0.0,45.0,3.8947368421052633,70.3,2.763157894736842,0.1052631578947368,0.0
2025-05-09 19:00:00,UD Las Palmas,Rayo Vallecano de Madrid,0,1,False,720,1415.0814544599918,1464.4031498798577,-49.32169541986582,6.104166666666667,1.4,1.6,1.2,1.2,7.0,0.6,2.2,0.8,1.8,59.2,4.105263157894737,69.9,2.210526315789474,0.131578947368421,0.0,49.4,3.973684210526316,68.2,2.8421052631578947,0.131578947368421,0.0
2025-05-10 12:00:00,Valencia,Getafe,3,0,False,721,1500.5686810415243,1457.4372691433105,43.131411898213855,6.8125,1.6,1.0,2.2,1.0,7.708333333333333,1.0,1.2,0.6,0.8,44.3,4.2105263157894735,71.9,1.6842105263157894,0.131578947368421,0.0,44.8,4.552631578947368,68.8,3.5526315789473686,0.2631578947368421,0.0
2025-05-10 14:15:00,RC Celta de Vigo,Sevilla,3,2,False,722,1498.029780300661,1448.9102356079525,49.11954469270859,6.09375,2.0,2.0,1.2,1.4,6.0,0.8,1.4,0.4,1.0,46.1,4.315789473684211,65.2,1.736842105263158,0.131578947368421,0.0,50.3,4.605263157894737,69.1,2.8421052631578947,0.1052631578947368,0.0
2025-05-10 16:30:00,Girona,Villarreal,0,1,False,723,1468.9128059107102,1571.571565084178,-102.65875917346784,4.895833333333333,0.8,1.4,0.8,1.0,7.09375,1.8,1.6,2.0,1.2,56.9,4.421052631578948,72.6,1.973684210526316,0.0263157894736842,0.0,49.6,5.631578947368421,69.6,2.8947368421052637,0.2105263157894736,0.0
2025-05-10 16:30:00,RCD Mallorca,Real Valladolid,2,1,False,724,1467.2585307767008,1293.257736551155,174.00079422554586,4.895833333333333,0.6,0.8,0.8,1.4,6.895833333333333,1.2,3.6,0.0,4.0,45.0,3.8947368421052633,70.3,2.763157894736842,0.1052631578947368,0.0,45.45,4.565789473684211,68.5,2.776315789473684,0.131578947368421,1.0
2025-05-10 19:00:00,Club Atlético de Madrid,Real Sociedad de Fútbol,4,0,False,725,1628.429324250823,1476.1928972279854,152.23642702283746,7.291666666666667,1.8,0.8,2.0,2.2,6.0,1.0,1.2,1.0,2.0,50.8,3.789473684210526,70.1,2.3421052631578947,0.131578947368421,0.0,55.3,3.5526315789473686,71.1,2.5789473684210527,0.0526315789473684,0.0
2025-05-11 12:00:00,CD Leganés,RCD Espanyol de Barcelona,3,2,False,726,1404.8673806604509,1478.5652296629548,-73.69784900250397,6.90625,0.8,1.0,0.8,1.0,6.8125,1.0,0.8,1.4,0.8,45.45,4.565789473684211,68.5,2.776315789473684,0.131578947368421,1.0,45.45,4.565789473684211,68.5,2.776315789473684,0.131578947368421,1.0
2025-05-11 14:15:00,Barcelona,Real Madrid,4,3,False,727,1725.2096152272834,1708.783346423365,16.426268803918447,7.802083333333333,1.8,1.0,2.6,2.6,7.09375,1.4,0.8,2.4,0.8,64.3,3.710526315789474,68.8,2.289473684210526,0.0526315789473684,0.0,59.2,3.131578947368421,78.2,1.8157894736842104,0.1052631578947368,0.0
2025-05-11 16:30:00,Athletic Club,Deportivo Alavés,1,0,False,728,1619.3921450043686,1453.6256629451957,165.76648205917286,6.895833333333333,0.8,0.4,1.6,2.4,8.1875,0.6,0.4,1.6,1.4,49.8,3.526315789473684,72.4,2.1052631578947367,0.131578947368421,0.0,41.8,3.8684210526315783,68.7,2.210526315789474,0.0263157894736842,0.0
2025-05-11 19:00:00,Real Betis Balompié,CA Osasuna,1,1,False,729,1571.4920483782175,1484.9147128214586,86.57733555675895,7.104166666666667,2.4,1.2,2.0,2.2,8.197916666666666,1.8,1.6,2.0,2.0,50.4,4.157894736842105,71.5,2.289473684210526,0.0789473684210526,0.0,47.5,4.0,63.2,2.0526315789473686,0.131578947368421,0.0
2025-05-13 17:00:00,Real Valladolid,Girona,0,1,False,730,1289.2240461566084,1459.9924872157476,-170.76844105913915,3.0208333333333335,1.4,3.2,0.0,0.8,3.0208333333333335,0.8,1.4,0.8,2.0,45.45,4.565789473684211,68.5,2.776315789473684,0.131578947368421,1.0,56.9,4.421052631578948,72.6,1.973684210526316,0.0263157894736842,0.0
2025-05-13 18:00:00,Real Sociedad de Fútbol,RC Celta de Vigo,0,1,False,731,1467.8449742234372,1504.8583948339913,-37.01342061055402,2.9583333333333335,0.4,1.8,0.4,1.0,3.15625,2.2,2.2,1.2,2.0,55.3,3.5526315789473686,71.1,2.5789473684210527,0.0526315789473684,0.0,46.1,4.315789473684211,65.2,1.736842105263158,0.131578947368421,0.0
2025-05-13 19:30:00,Sevilla,UD Las Palmas,1,0,False,732,1442.0816210746223,1404.6305026349155,37.45111843970676,3.21875,1.0,1.6,0.4,1.0,4.020833333333333,1.2,1.2,1.2,1.0,50.3,4.605263157894737,69.1,2.8421052631578947,0.1052631578947368,0.0,59.2,4.105263157894737,69.9,2.210526315789474,0.131578947368421,0.0
2025-05-14 17:00:00,Deportivo Alavés,Valencia,1,0,False,733,1449.4371755451343,1512.7915011878936,-63.35432564275925,3.0208333333333335,0.4,0.6,1.0,0.4,4.208333333333333,1.8,0.8,2.2,1.6,41.8,3.8684210526315783,68.7,2.210526315789474,0.0263157894736842,0.0,44.3,4.2105263157894735,71.9,1.6842105263157894,0.131578947368421,0.0
2025-05-14 17:00:00,Villarreal,CD Leganés,3,0,False,734,1580.4918837791406,1415.1176725929706,165.37421118617,4.020833333333333,1.6,1.4,2.0,1.6,3.2083333333333335,1.2,1.2,1.2,2.0,49.6,5.631578947368421,69.6,2.8947368421052637,0.2105263157894736,0.0,45.45,4.565789473684211,68.5,2.776315789473684,0.131578947368421,1.0
2025-05-14 19:30:00,Real Madrid,RCD Mallorca,2,1,False,735,1701.084995960625,1471.2922211712473,229.79277478937775,3.21875,1.8,1.2,2.4,2.0,4.125,0.8,0.6,1.4,0.8,59.2,3.131578947368421,78.2,1.8157894736842104,0.1052631578947368,0.0,45.0,3.8947368421052633,70.3,2.763157894736842,0.1052631578947368,0.0
2025-05-15 17:00:00,Rayo Vallecano de Madrid,Real Betis Balompié,2,2,False,736,1474.854101704934,1567.3865309023297,-92.53242919739569,5.916666666666667,0.8,1.4,1.4,1.0,3.9166666666666665,2.4,1.2,2.0,1.2,49.4,3.973684210526316,68.2,2.8421052631578947,0.131578947368421,0.0,50.4,4.157894736842105,71.5,2.289473684210526,0.0789473684210526,0.0
2025-05-15 17:00:00,CA Osasuna,Club Atlético de Madrid,2,0,False,737,1489.0202302973464,1636.777247255371,-147.75701695802468,3.9166666666666665,1.8,1.6,2.0,1.6,4.916666666666667,2.2,0.6,2.0,1.0,47.5,4.0,63.2,2.0526315789473686,0.131578947368421,0.0,50.8,3.789473684210526,70.1,2.3421052631578947,0.131578947368421,0.0
2025-05-15 19:30:00,Getafe,Athletic Club,0,2,False,738,1445.2144489969412,1623.58063240443,-178.36618340748873,5.3125,0.2,1.8,0.0,1.0,4.125,1.0,0.4,2.0,0.4,44.8,4.552631578947368,68.8,3.5526315789473686,0.2631578947368421,0.0,49.8,3.526315789473684,72.4,2.1052631578947367,0.131578947368421,0.0
2025-05-15 19:30:00,RCD Espanyol de Barcelona,Barcelona,0,2,False,739,1468.314937730435,1732.9079656900233,-264.5930279595882,4.3125,1.0,1.4,0.8,1.0,4.21875,2.4,1.4,3.0,0.8,45.45,4.565789473684211,68.5,2.776315789473684,0.131578947368421,1.0,64.3,3.710526315789474,68.8,2.289473684210526,0.0526315789473684,0.0
2025-05-18 17:00:00,CA Osasuna,RCD Espanyol de Barcelona,2,0,False,740,1509.069302096597,1460.492806735488,48.57649536110898,3.0,1.8,1.4,2.0,1.8,2.8958333333333335,0.8,1.8,0.2,1.0,47.5,4.0,63.2,2.0526315789473686,0.131578947368421,0.0,45.45,4.565789473684211,68.5,2.776315789473684,0.131578947368421,1.0
2025-05-18 17:00:00,UD Las Palmas,CD Leganés,0,1,False,741,1397.4966860184688,1407.7747258545949,-10.278039836126027,4.895833333333333,0.6,1.2,0.6,1.2,4.0,1.2,1.6,1.2,2.0,59.2,4.105263157894737,69.9,2.210526315789474,0.131578947368421,0.0,45.45,4.565789473684211,68.5,2.776315789473684,0.131578947368421,1.0
2025-05-18 17:00:00,Real Valladolid,Deportivo Alavés,0,1,False,742,1282.1776242299632,1459.3898095838267,-177.21218535386356,5.0,1.0,2.6,0.0,0.6,4.0,0.6,0.4,1.6,1.0,45.45,4.565789473684211,68.5,2.776315789473684,0.131578947368421,1.0,41.8,3.8684210526315783,68.7,2.210526315789474,0.0263157894736842,0.0
2025-05-18 17:00:00,RCD Mallorca,Getafe,1,2,False,743,1468.1949761769104,1434.086236856921,34.108739319989354,3.8958333333333335,0.6,1.0,0.8,1.2,2.8958333333333335,0.0,1.6,0.0,1.2,45.0,3.8947368421052633,70.3,2.763157894736842,0.1052631578947368,0.0,44.8,4.552631578947368,68.8,3.5526315789473686,0.2631578947368421,0.0
2025-05-18 17:00:00,Real Sociedad de Fútbol,Girona,3,2,False,744,1457.041193436403,1467.0389091423929,-9.997715705989776,4.958333333333333,0.4,1.6,0.4,0.4,5.0,0.8,1.0,1.4,1.6,55.3,3.5526315789473686,71.1,2.5789473684210527,0.0526315789473684,0.0,56.9,4.421052631578948,72.6,1.973684210526316,0.0263157894736842,0.0
2025-05-18 17:00:00,Sevilla,Real Madrid,0,2,False,745,1449.215437691069,1704.182240954962,-254.9668032638931,4.895833333333333,1.2,1.4,1.0,1.0,3.8958333333333335,2.0,1.4,2.4,1.4,50.3,4.605263157894737,69.1,2.8421052631578947,0.1052631578947368,0.0,59.2,3.131578947368421,78.2,1.8157894736842104,0.1052631578947368,0.0
2025-05-18 17:00:00,Barcelona,Villarreal,2,3,False,746,1740.7300966849702,1587.8348305175164,152.89526616745388,2.8958333333333335,2.6,1.4,3.0,2.8,4.0,1.8,1.0,2.4,1.2,64.3,3.710526315789474,68.8,2.289473684210526,0.0526315789473684,0.0,49.6,5.631578947368421,69.6,2.8947368421052637,0.2105263157894736,0.0
2025-05-18 17:00:00,RC Celta de Vigo,Rayo Vallecano de Madrid,1,2,False,747,1515.6621756210254,1475.644894091601,40.01728152942451,4.958333333333333,2.4,1.8,1.8,1.8,3.0,1.0,1.2,1.6,1.6,46.1,4.315789473684211,65.2,1.736842105263158,0.131578947368421,0.0,49.4,3.973684210526316,68.2,2.8421052631578947,0.131578947368421,0.0
2025-05-18 17:00:00,Club Atlético de Madrid,Real Betis Balompié,4,1,False,748,1616.7281754561204,1566.5957385156628,50.13243694045764,3.0,1.4,0.6,1.4,2.8,3.0,2.6,1.2,2.2,1.4,50.8,3.789473684210526,70.1,2.3421052631578947,0.131578947368421,0.0,50.4,4.157894736842105,71.5,2.289473684210526,0.0789473684210526,0.0
2025-05-18 17:00:00,Valencia,Athletic Club,0,1,False,749,1502.8388671492012,1634.7088445444501,-131.86997739524895,4.0,1.6,1.0,1.6,1.6,2.8958333333333335,0.8,0.2,2.0,0.2,44.3,4.2105263157894735,71.9,1.6842105263157894,0.131578947368421,0.0,49.8,3.526315789473684,72.4,2.1052631578947367,0.131578947368421,0.0
2025-05-23 19:00:00,Real Betis Balompié,Valencia,1,1,False,750,1554.691507712939,1494.7401211249098,59.95138658802921,5.083333333333333,2.2,1.8,1.6,2.0,5.083333333333333,1.4,1.0,1.4,1.2,50.4,4.157894736842105,71.5,2.289473684210526,0.0789473684210526,0.0,44.3,4.2105263157894735,71.9,1.6842105263157894,0.131578947368421,0.0
2025-05-24 14:15:00,Real Madrid,Real Sociedad de Fútbol,2,0,False,751,1712.3382087990278,1465.471194262778,246.86701453624983,5.885416666666667,2.2,1.4,2.4,2.0,5.885416666666667,0.6,1.6,0.8,2.0,59.2,3.131578947368421,78.2,1.8157894736842104,0.1052631578947368,0.0,55.3,3.5526315789473686,71.1,2.5789473684210527,0.0526315789473684,0.0
2025-05-24 16:30:00,RCD Espanyol de Barcelona,UD Las Palmas,2,0,False,752,1449.373452268404,1385.934557339943,63.43889492846097,5.979166666666667,0.6,2.0,0.0,0.8,5.979166666666667,0.4,1.4,0.0,1.0,45.45,4.565789473684211,68.5,2.776315789473684,0.131578947368421,1.0,59.2,4.105263157894737,69.9,2.210526315789474,0.131578947368421,0.0
2025-05-24 16:30:00,CD Leganés,Real Valladolid,3,0,False,753,1419.3368545331207,1275.2995473530914,144.0373071800293,5.979166666666667,1.4,1.6,1.6,1.4,5.979166666666667,0.6,2.2,0.0,3.0,45.45,4.565789473684211,68.5,2.776315789473684,0.131578947368421,1.0,45.45,4.565789473684211,68.5,2.776315789473684,0.131578947368421,1.0
2025-05-24 19:00:00,Rayo Vallecano de Madrid,RCD Mallorca,0,0,False,754,1488.5787255338973,1455.4173326456387,33.16139288825866,6.083333333333333,1.2,1.2,2.0,1.2,6.083333333333333,0.8,1.4,0.6,1.0,49.4,3.973684210526316,68.2,2.8421052631578947,0.131578947368421,0.0,45.0,3.8947368421052633,70.3,2.763157894736842,0.1052631578947368,0.0
2025-05-24 19:00:00,Getafe,RC Celta de Vigo,1,2,False,755,1446.8638803881927,1502.728344178729,-55.86446379053632,6.083333333333333,0.4,1.6,0.6,0.8,6.083333333333333,2.0,1.4,1.8,1.6,44.8,4.552631578947368,68.8,3.5526315789473686,0.2631578947368421,0.0,46.1,4.315789473684211,65.2,1.736842105263158,0.131578947368421,0.0
2025-05-24 19:00:00,Deportivo Alavés,CA Osasuna,1,1,False,756,1466.2678864606985,1520.1886565636812,-53.920770102982715,6.083333333333333,0.6,0.2,2.0,0.4,6.083333333333333,1.6,1.0,2.0,1.6,41.8,3.8684210526315783,68.7,2.210526315789474,0.0263157894736842,0.0,47.5,4.0,63.2,2.0526315789473686,0.131578947368421,0.0
2025-05-25 12:00:00,Girona,Club Atlético de Madrid,0,4,False,757,1458.608908316018,1628.6324062588442,-170.02349794282622,6.791666666666667,1.0,1.0,1.4,0.6,6.791666666666667,2.2,0.6,2.0,1.0,56.9,4.421052631578948,72.6,1.973684210526316,0.0263157894736842,0.0,50.8,3.789473684210526,70.1,2.3421052631578947,0.131578947368421,0.0
2025-05-25 14:15:00,Villarreal,Sevilla,4,2,False,758,1603.3957176512579,1441.0594698470031,162.33624780425475,6.885416666666667,2.4,0.8,3.0,2.0,6.885416666666667,1.0,1.6,0.8,1.4,49.6,5.631578947368421,69.6,2.8947368421052637,0.2105263157894736,0.0,50.3,4.605263157894737,69.1,2.8421052631578947,0.1052631578947368,0.0
2025-05-25 19:00:00,Athletic Club,Barcelona,0,3,False,759,1642.8075905687415,1725.1692095512287,-82.36161898248724,7.083333333333333,1.0,0.0,2.6,1.2,7.083333333333333,2.2,1.4,2.4,0.6,49.8,3.526315789473684,72.4,2.1052631578947367,0.131578947368421,0.0,64.3,3.710526315789474,68.8,2.289473684210526,0.0526315789473684,0.0
