Date,HomeTeam,AwayTeam,FTHG,FTAG,is_fixture,match_id,HomeElo,AwayElo,EloDiff,HomeRestDays,Home_GF5,Home_GA5,Home_PPM5,HomeGF_Home,AwayRestDays,Away_GF5,Away_GA5,Away_PPM5,AwayGA_Away,Home_PrevPoss,Home_PrevSoTA90,Home_PrevSavePct,Home_PrevCrdY90,Home_PrevCrdR90,HomeNoPrev,Away_PrevPoss,Away_PrevSoTA90,Away_PrevSavePct,Away_PrevCrdY90,Away_PrevCrdR90,AwayNoPrev
2023-08-11 17:30:00,UD Almería,Rayo Vallecano de Madrid,0,2,False,0,1500.0,1500.0,0.0,14.0,1.4,1.4,1.37,1.4,14.0,1.4,1.4,1.37,1.4,45.1,5.342105263157895,68.0,2.5789473684210527,0.1052631578947368,0.0,51.2,3.8947368421052633,64.2,2.3684210526315788,0.1578947368421052,0.0
2023-08-11 20:00:00,Sevilla,Valencia,1,2,False,1,1500.0,1500.0,0.0,14.0,1.0,1.0,1.5,1.0,14.0,1.0,1.0,1.5,1.0,52.6,4.2368421052631575,66.5,3.1842105263157894,0.3421052631578947,0.0,52.0,3.947368421052632,70.0,2.4473684210526314,0.2105263157894736,0.0
2023-08-12 15:00:00,Real Sociedad de Fútbol,Girona,1,1,False,2,1500.0,1500.0,0.0,14.0,1.25,1.25,1.5,1.25,14.0,1.25,1.25,1.5,1.25,54.6,3.5,73.7,2.3684210526315788,0.0526315789473684,0.0,51.3,4.421052631578948,67.3,2.421052631578948,0.0789473684210526,0.0
2023-08-12 17:30:00,UD Las Palmas,RCD Mallorca,1,1,False,3,1500.0,1500.0,0.0,14.0,1.1666666666666667,1.1666666666666667,1.3333333333333333,1.1666666666666667,14.0,1.1666666666666667,1.1666666666666667,1.3333333333333333,1.1666666666666667,45.4,4.519736842105264,67.1,2.6052631578947367,0.21710526315789463,1.0,41.1,3.8157894736842106,70.3,3.1578947368421053,0.131578947368421,0.0
2023-08-12 19:30:00,Athletic Club,Real Madrid,0,2,False,4,1500.0,1500.0,0.0,14.0,1.125,1.125,1.25,1.125,14.0,1.125,1.125,1.25,1.125,51.6,3.3157894736842106,65.9,2.131578947368421,0.131578947368421,0.0,60.9,3.5789473684210527,73.5,1.894736842105263,0.0789473684210526,0.0
2023-08-13 15:00:00,RC Celta de Vigo,CA Osasuna,0,2,False,5,1500.0,1500.0,0.0,14.0,1.1,1.1,1.3,1.1,14.0,1.1,1.1,1.3,1.1,50.2,3.526315789473684,60.4,2.236842105263158,0.1578947368421052,0.0,48.0,3.8947368421052633,71.6,2.4473684210526314,0.1842105263157894,0.0
2023-08-13 17:30:00,Villarreal,Real Betis Balompié,1,2,False,6,1500.0,1500.0,0.0,14.0,1.0833333333333333,1.0833333333333333,1.3333333333333333,1.0833333333333333,14.0,1.0833333333333333,1.0833333333333333,1.3333333333333333,1.0833333333333333,56.9,3.9210526315789473,73.2,2.3947368421052637,0.1052631578947368,0.0,50.6,3.842105263157895,71.9,2.1842105263157894,0.3947368421052631,0.0
2023-08-13 19:30:00,Getafe,Barcelona,0,0,False,7,1500.0,1500.0,0.0,14.0,1.1428571428571428,1.1428571428571428,1.3571428571428572,1.1428571428571428,14.0,1.1428571428571428,1.1428571428571428,1.3571428571428572,1.1428571428571428,39.9,4.368421052631579,72.9,3.3157894736842106,0.2368421052631578,0.0,64.3,2.763157894736842,81.0,2.210526315789474,0.1578947368421052,0.0
2023-08-14 17:30:00,Cádiz,Deportivo Alavés,1,0,False,8,1500.0,1500.0,0.0,14.0,1.0,1.0,1.3125,1.0,14.0,1.0,1.0,1.3125,1.0,41.9,5.315789473684211,73.8,3.0526315789473686,0.1842105263157894,0.0,45.4,4.519736842105264,67.1,2.6052631578947367,0.21710526315789463,1.0
2023-08-14 19:30:00,Club Atlético de Madrid,Granada,3,1,False,9,1500.0,1500.0,0.0,14.0,0.9444444444444444,0.9444444444444444,1.3333333333333333,0.9444444444444444,14.0,0.9444444444444444,0.9444444444444444,1.3333333333333333,0.9444444444444444,50.6,3.3684210526315788,74.2,2.421052631578948,0.2105263157894736,0.0,45.4,4.519736842105264,67.1,2.6052631578947367,0.21710526315789463,1.0
2023-08-18 17:30:00,RCD Mallorca,Villarreal,0,1,False,10,1501.8493246116866,1488.1506753883134,13.698649223373195,6.0,1.05,1.05,1.35,1.05,5.0,1.05,1.05,1.35,1.05,41.1,3.8157894736842106,70.3,3.1578947368421053,0.131578947368421,0.0,56.9,3.9210526315789473,73.2,2.3947368421052637,0.1052631578947368,0.0
2023-08-18 19:30:00,Valencia,UD Las Palmas,1,0,False,11,1511.8493246116866,1498.1506753883134,13.698649223373195,6.979166666666667,1.0,1.0,1.3636363636363635,1.0,6.083333333333333,1.0,1.0,1.3636363636363635,1.0,52.0,3.947368421052632,70.0,2.4473684210526314,0.2105263157894736,0.0,45.4,4.519736842105264,67.1,2.6052631578947367,0.21710526315789463,1.0
2023-08-19 15:00:00,Real Sociedad de Fútbol,RC Celta de Vigo,1,1,False,12,1498.1506753883134,1480.7448475060091,17.405827882304266,7.0,0.9583333333333334,0.9583333333333334,1.375,0.9583333333333334,6.0,0.9583333333333334,0.9583333333333334,1.375,0.9583333333333334,54.6,3.5,73.7,2.3684210526315788,0.0526315789473684,0.0,50.2,3.526315789473684,60.4,2.236842105263158,0.1578947368421052,0.0
2023-08-19 17:30:00,UD Almería,Real Madrid,1,3,False,13,1480.7448475060091,1519.2551524939909,-38.510304987981726,8.0,0.9615384615384616,0.9615384615384616,1.3461538461538463,0.9615384615384616,6.916666666666667,0.9615384615384616,0.9615384615384616,1.3461538461538463,0.9615384615384616,45.1,5.342105263157895,68.0,2.5789473684210527,0.1052631578947368,0.0,60.9,3.5789473684210527,73.5,1.894736842105263,0.0789473684210526,0.0
2023-08-19 19:30:00,CA Osasuna,Athletic Club,0,2,False,14,1519.2551524939909,1480.7448475060091,38.510304987981726,6.1875,1.0357142857142858,1.0357142857142858,1.3571428571428572,1.0357142857142858,7.0,1.0357142857142858,1.0357142857142858,1.3571428571428572,1.0357142857142858,48.0,3.8947368421052633,71.6,2.4473684210526314,0.1842105263157894,0.0,51.6,3.3157894736842106,65.9,2.131578947368421,0.131578947368421,0.0
2023-08-20 17:00:00,Girona,Getafe,3,0,False,15,1501.8493246116866,1498.1506753883134,3.698649223373195,8.083333333333334,1.0333333333333334,1.0333333333333334,1.3666666666666667,1.0333333333333334,6.895833333333333,1.0333333333333334,1.0333333333333334,1.3666666666666667,1.0333333333333334,51.3,4.421052631578948,67.3,2.421052631578948,0.0789473684210526,0.0,39.9,4.368421052631579,72.9,3.3157894736842106,0.2368421052631578,0.0
2023-08-20 17:30:00,Barcelona,Cádiz,2,0,False,16,1501.8493246116866,1508.1506753883134,-6.301350776626805,6.916666666666667,1.0625,1.0625,1.375,1.0625,6.0,1.0625,1.0625,1.375,1.0625,64.3,2.763157894736842,81.0,2.210526315789474,0.1578947368421052,0.0,41.9,5.315789473684211,73.8,3.0526315789473686,0.1842105263157894,0.0
2023-08-20 19:30:00,Real Betis Balompié,Club Atlético de Madrid,0,0,False,17,1511.8493246116866,1513.2448475060091,-1.3955228943225393,7.083333333333333,1.0588235294117647,1.0588235294117647,1.3823529411764706,1.0588235294117647,6.0,1.0588235294117647,1.0588235294117647,1.3823529411764706,1.0588235294117647,50.6,3.842105263157895,71.9,2.1842105263157894,0.3947368421052631,0.0,50.6,3.3684210526315788,74.2,2.421052631578948,0.2105263157894736,0.0
2023-08-21 17:00:00,Deportivo Alavés,Sevilla,4,3,False,18,1491.8493246116866,1488.1506753883134,3.698649223373195,6.979166666666667,1.0,1.0,1.3611111111111112,1.0,9.875,1.0,1.0,1.3611111111111112,1.0,45.4,4.519736842105264,67.1,2.6052631578947367,0.21710526315789463,1.0,52.6,4.2368421052631575,66.5,3.1842105263157894,0.3421052631578947,0.0
2023-08-21 19:30:00,Granada,Rayo Vallecano de Madrid,0,2,False,19,1486.7551524939909,1519.2551524939909,-32.5,7.0,1.131578947368421,1.131578947368421,1.368421052631579,1.131578947368421,10.083333333333334,1.131578947368421,1.131578947368421,1.368421052631579,1.131578947368421,45.4,4.519736842105264,67.1,2.6052631578947367,0.21710526315789463,1.0,51.2,3.8947368421052633,64.2,2.3684210526315788,0.1578947368421052,0.0
2023-08-25 17:30:00,UD Las Palmas,Real Sociedad de Fútbol,0,0,False,20,1490.3778436588818,1495.8223428618635,-5.44449920298166,6.916666666666667,1.125,1.125,1.375,1.125,6.104166666666667,1.125,1.125,1.375,1.125,45.4,4.519736842105264,67.1,2.6052631578947367,0.21710526315789463,1.0,54.6,3.5,73.7,2.3684210526315788,0.0526315789473684,0.0
2023-08-25 19:30:00,RC Celta de Vigo,Real Madrid,0,1,False,21,1483.073180032459,1536.7417137557588,-53.66853372329979,6.1875,1.0714285714285714,1.0714285714285714,1.3571428571428572,1.0714285714285714,6.083333333333333,1.0714285714285714,1.0714285714285714,1.3571428571428572,1.0714285714285714,50.2,3.526315789473684,60.4,2.236842105263158,0.1578947368421052,0.0,60.9,3.5789473684210527,73.5,1.894736842105263,0.0789473684210526,0.0
2023-08-26 17:00:00,Cádiz,UD Almería,1,1,False,22,1494.6202587609146,1463.2582862442412,31.361972516673404,5.979166666666667,1.0454545454545454,1.0454545454545454,1.3636363636363635,1.0454545454545454,6.979166666666667,1.0454545454545454,1.0454545454545454,1.3636363636363635,1.0454545454545454,41.9,5.315789473684211,73.8,3.0526315789473686,0.1842105263157894,0.0,45.1,5.342105263157895,68.0,2.5789473684210527,0.1052631578947368,0.0
2023-08-26 17:30:00,Granada,RCD Mallorca,3,2,False,23,1468.9895047188859,1489.6221563411182,-20.632651622232288,4.916666666666667,1.0434782608695652,1.0434782608695652,1.3478260869565217,1.0434782608695652,8.0,1.0434782608695652,1.0434782608695652,1.3478260869565217,1.0434782608695652,45.4,4.519736842105264,67.1,2.6052631578947367,0.21710526315789463,1.0,41.1,3.8157894736842106,70.3,3.1578947368421053,0.131578947368421,0.0
2023-08-26 19:30:00,Sevilla,Girona,1,2,False,24,1480.1026090124922,1515.9334407693736,-35.83083175688148,5.104166666666667,1.1041666666666667,1.1041666666666667,1.3541666666666667,1.1041666666666667,6.104166666666667,1.1041666666666667,1.1041666666666667,1.3541666666666667,1.1041666666666667,52.6,4.2368421052631575,66.5,3.1842105263157894,0.3421052631578947,0.0,51.3,4.421052631578948,67.3,2.421052631578948,0.0789473684210526,0.0
2023-08-27 15:30:00,Villarreal,Barcelona,3,4,False,25,1500.3778436588818,1515.3797412390854,-15.001897580203604,8.916666666666666,1.12,1.12,1.36,1.12,6.916666666666667,1.12,1.12,1.36,1.12,56.9,3.9210526315789473,73.2,2.3947368421052637,0.1052631578947368,0.0,64.3,2.763157894736842,81.0,2.210526315789474,0.1578947368421052,0.0
2023-08-27 17:30:00,Valencia,CA Osasuna,1,2,False,26,1519.6221563411182,1498.3021745157382,21.319981825379955,8.916666666666666,1.2115384615384615,1.2115384615384615,1.3653846153846154,1.2115384615384615,7.916666666666667,1.2115384615384615,1.2115384615384615,1.3653846153846154,1.2115384615384615,52.0,3.947368421052632,70.0,2.4473684210526314,0.2105263157894736,0.0,48.0,3.8947368421052633,71.6,2.4473684210526314,0.1842105263157894,0.0
2023-08-27 19:30:00,Athletic Club,Real Betis Balompié,4,2,False,27,1501.6978254842618,1510.0388213149013,-8.340995830639486,8.0,1.2222222222222223,1.2222222222222223,1.3703703703703705,1.2222222222222223,7.0,1.2222222222222223,1.2222222222222223,1.3703703703703705,1.2222222222222223,51.6,3.3157894736842106,65.9,2.131578947368421,0.131578947368421,0.0,50.6,3.842105263157895,71.9,2.1842105263157894,0.3947368421052631,0.0
2023-08-28 17:30:00,Getafe,Deportivo Alavés,1,0,False,28,1484.0665592306264,1499.8973909875078,-15.83083175688148,8.020833333333334,1.2857142857142858,1.2857142857142858,1.375,1.2857142857142858,7.020833333333333,1.2857142857142858,1.2857142857142858,1.375,1.2857142857142858,39.9,4.368421052631579,72.9,3.3157894736842106,0.2368421052631578,0.0,45.4,4.519736842105264,67.1,2.6052631578947367,0.21710526315789463,1.0
2023-08-28 19:30:00,Rayo Vallecano de Madrid,Club Atlético de Madrid,0,7,False,29,1537.0208002690958,1515.0553508027945,21.96544946630138,7.0,1.2586206896551724,1.2586206896551724,1.3793103448275863,1.2586206896551724,8.0,1.2586206896551724,1.2586206896551724,1.3793103448275863,1.2586206896551724,51.2,3.8947368421052633,64.2,2.3684210526315788,0.1578947368421052,0.0,50.6,3.3684210526315788,74.2,2.421052631578948,0.2105263157894736,0.0
2023-09-01 17:30:00,Cádiz,Villarreal,3,1,False,30,1491.9157329853708,1488.9486348117987,2.96709817357214,6.020833333333333,0.6666666666666666,1.0,1.3333333333333333,1.3333333333333333,5.083333333333333,1.6666666666666667,2.0,1.0,1.3333333333333333,41.9,5.315789473684211,73.8,3.0526315789473686,0.1842105263157894,0.0,56.9,3.9210526315789473,73.2,2.3947368421052637,0.1052631578947368,0.0
2023-09-01 20:00:00,UD Almería,RC Celta de Vigo,2,3,False,31,1465.962812019785,1472.7471498082693,-6.784337788484436,6.125,0.6666666666666666,2.0,0.3333333333333333,1.3548387096774193,7.020833333333333,0.3333333333333333,1.3333333333333333,0.3333333333333333,1.3548387096774193,45.1,5.342105263157895,68.0,2.5789473684210527,0.1052631578947368,0.0,50.2,3.526315789473684,60.4,2.236842105263158,0.1578947368421052,0.0
2023-09-02 12:00:00,Real Sociedad de Fútbol,Granada,5,3,False,32,1497.519894098442,1477.719406187894,19.800487910547872,7.770833333333333,0.6666666666666666,0.6666666666666666,1.0,1.390625,6.770833333333333,1.3333333333333333,2.3333333333333335,1.0,1.390625,54.6,3.5,73.7,2.3684210526315788,0.0526315789473684,0.0,45.4,4.519736842105264,67.1,2.6052631578947367,0.21710526315789463,1.0
2023-09-02 14:15:00,Real Madrid,Getafe,2,1,False,33,1547.0677439799485,1492.6607296090385,54.40701437091002,7.78125,2.0,0.3333333333333333,3.0,1.4696969696969697,4.864583333333333,0.3333333333333333,1.0,1.3333333333333333,1.4696969696969697,60.9,3.5789473684210527,73.5,1.894736842105263,0.0789473684210526,0.0,39.9,4.368421052631579,72.9,3.3157894736842106,0.2368421052631578,0.0
2023-09-02 16:30:00,Deportivo Alavés,Valencia,1,0,False,34,1491.3032206090957,1507.1875560123176,-15.88433540322194,4.958333333333333,1.3333333333333333,1.6666666666666667,1.0,1.4705882352941178,5.958333333333333,1.3333333333333333,1.0,2.0,1.4705882352941178,45.4,4.519736842105264,67.1,2.6052631578947367,0.21710526315789463,1.0,52.0,3.947368421052632,70.0,2.4473684210526314,0.2105263157894736,0.0
2023-09-02 19:00:00,Real Betis Balompié,Rayo Vallecano de Madrid,1,0,False,35,1496.4155897659225,1509.0036443741694,-12.588054608246921,5.979166666666667,1.3333333333333333,1.6666666666666667,1.3333333333333333,1.4428571428571428,4.979166666666667,1.3333333333333333,2.3333333333333335,2.0,1.4428571428571428,50.6,3.842105263157895,71.9,2.1842105263157894,0.3947368421052631,0.0,51.2,3.8947368421052633,64.2,2.3684210526315788,0.1578947368421052,0.0
2023-09-03 12:00:00,Girona,UD Las Palmas,1,0,False,36,1526.7710299147939,1488.6802924223034,38.09073749249046,7.6875,2.0,0.6666666666666666,2.3333333333333335,1.4166666666666667,8.770833333333334,0.3333333333333333,0.6666666666666666,0.6666666666666666,1.4166666666666667,51.3,4.421052631578948,67.3,2.421052631578948,0.0789473684210526,0.0,45.4,4.519736842105264,67.1,2.6052631578947367,0.21710526315789463,1.0
2023-09-03 14:15:00,RCD Mallorca,Athletic Club,0,0,False,37,1480.89225487211,1515.3210570332405,-34.428802161130534,7.864583333333333,1.0,1.6666666666666667,0.3333333333333333,1.3918918918918919,6.78125,2.0,1.3333333333333333,2.0,1.3918918918918919,41.1,3.8157894736842106,70.3,3.1578947368421053,0.131578947368421,0.0,51.6,3.3157894736842106,65.9,2.131578947368421,0.131578947368421,0.0
2023-09-03 19:00:00,CA Osasuna,Barcelona,1,2,False,38,1510.7367748445388,1526.8089500861686,-16.072175241629793,7.0625,1.3333333333333333,1.0,2.0,1.355263157894737,7.145833333333333,2.0,1.0,2.3333333333333335,1.355263157894737,48.0,3.8947368421052633,71.6,2.4473684210526314,0.1842105263157894,0.0,64.3,2.763157894736842,81.0,2.210526315789474,0.1578947368421052,0.0
2023-09-15 19:00:00,Rayo Vallecano de Madrid,Deportivo Alavés,2,0,False,39,1500.5008414606702,1499.8989005438266,0.6019409168436596,13.0,1.0,2.0,1.5,1.358974358974359,13.104166666666666,1.25,1.25,1.5,1.358974358974359,51.2,3.8947368421052633,64.2,2.3684210526315788,0.1578947368421052,0.0,45.4,4.519736842105264,67.1,2.6052631578947367,0.21710526315789463,1.0
2023-09-16 12:00:00,Athletic Club,Cádiz,3,0,False,40,1516.198702974388,1505.0267662653573,11.17193670903066,12.90625,1.5,1.0,1.75,1.35,14.0,1.25,1.0,1.75,1.35,51.6,3.3157894736842106,65.9,2.131578947368421,0.131578947368421,0.0,41.9,5.315789473684211,73.8,3.0526315789473686,0.1842105263157894,0.0
2023-09-16 14:15:00,Valencia,Club Atlético de Madrid,3,0,False,41,1498.5918760775867,1543.0725066977209,-44.48063062013421,13.90625,1.0,1.0,1.5,1.353658536585366,14.0,3.3333333333333335,0.3333333333333333,2.3333333333333335,1.353658536585366,52.0,3.947368421052632,70.0,2.4473684210526314,0.2105263157894736,0.0,50.6,3.3684210526315788,74.2,2.421052631578948,0.2105263157894736,0.0
2023-09-16 16:30:00,RC Celta de Vigo,RCD Mallorca,0,1,False,42,1484.4072243237179,1480.0146089309626,4.3926153927552605,14.0,1.0,1.5,1.0,1.3571428571428572,13.09375,0.75,1.25,0.5,1.3571428571428572,50.2,3.526315789473684,60.4,2.236842105263158,0.1578947368421052,0.0,41.1,3.8157894736842106,70.3,3.1578947368421053,0.131578947368421,0.0
2023-09-16 19:00:00,Barcelona,Real Betis Balompié,5,0,False,43,1538.2079699060923,1504.9183926794217,33.289577226670644,13.0,2.0,1.0,2.5,1.3372093023255813,14.0,1.25,1.25,1.75,1.3372093023255813,64.3,2.763157894736842,81.0,2.210526315789474,0.1578947368421052,0.0,50.6,3.842105263157895,71.9,2.1842105263157894,0.3947368421052631,0.0
2023-09-17 12:00:00,Getafe,CA Osasuna,3,2,False,44,1485.9683264110297,1499.337755024615,-13.369428613585342,14.0,0.5,1.25,1.0,1.3636363636363635,13.708333333333334,1.25,1.25,1.5,1.3636363636363635,39.9,4.368421052631579,72.9,3.3157894736842106,0.2368421052631578,0.0,48.0,3.8947368421052633,71.6,2.4473684210526314,0.1842105263157894,0.0
2023-09-17 14:15:00,Villarreal,UD Almería,2,1,False,45,1475.8376015318122,1454.3027375043364,21.534864027475805,14.0,1.5,2.25,0.75,1.3888888888888888,14.0,1.0,2.25,0.25,1.3888888888888888,56.9,3.9210526315789473,73.2,2.3947368421052637,0.1052631578947368,0.0,45.1,5.342105263157895,68.0,2.5789473684210527,0.1052631578947368,0.0
2023-09-17 16:30:00,Sevilla,UD Las Palmas,1,0,False,46,1469.265019867072,1481.5633642321866,-12.298344365114644,14.0,1.6666666666666667,2.6666666666666665,0.0,1.391304347826087,14.0,0.25,0.75,0.5,1.391304347826087,52.6,4.2368421052631575,66.5,3.1842105263157894,0.3421052631578947,0.0,45.4,4.519736842105264,67.1,2.6052631578947367,0.21710526315789463,1.0
2023-09-17 19:00:00,Real Madrid,Real Sociedad de Fútbol,2,1,False,47,1553.7601471779574,1509.8805956066071,43.87955157135025,14.0,2.0,0.5,3.0,1.372340425531915,14.0,1.75,1.25,1.5,1.372340425531915,60.9,3.5789473684210527,73.5,1.894736842105263,0.0789473684210526,0.0,54.6,3.5,73.7,2.3684210526315788,0.0526315789473684,0.0
2023-09-18 19:00:00,Granada,Girona,2,4,False,48,1465.3587046797288,1533.8879581049107,-68.52925342518188,14.0,1.75,3.0,0.75,1.375,14.0,1.75,0.5,2.5,1.375,45.4,4.519736842105264,67.1,2.6052631578947367,0.21710526315789463,1.0,51.3,4.421052631578948,67.3,2.421052631578948,0.0789473684210526,0.0
2023-09-22 19:00:00,Deportivo Alavés,Athletic Club,0,2,False,49,1486.681234985144,1529.9223078443704,-43.24107285922628,7.0,1.0,1.4,1.2,1.4081632653061225,6.291666666666667,1.8,0.8,2.0,1.4081632653061225,45.4,4.519736842105264,67.1,2.6052631578947367,0.21710526315789463,1.0,51.6,3.3157894736842106,65.9,2.131578947368421,0.131578947368421,0.0
2023-09-23 12:00:00,Girona,RCD Mallorca,5,3,False,50,1549.972896153683,1491.9857479772495,57.98714817643349,4.708333333333333,2.2,0.8,2.6,1.4,6.8125,0.8,1.0,1.0,1.3333333333333333,51.3,4.421052631578948,67.3,2.421052631578948,0.0789473684210526,0.0,41.1,3.8157894736842106,70.3,3.1578947368421053,0.131578947368421,0.0
2023-09-23 14:15:00,CA Osasuna,Sevilla,0,0,False,51,1490.8129591211716,1477.7596721853654,13.053286935806227,6.09375,1.4,1.6,1.2,1.4509803921568627,5.90625,1.5,2.0,0.75,1.4509803921568627,48.0,3.8947368421052633,71.6,2.4473684210526314,0.1842105263157894,0.0,52.6,4.2368421052631575,66.5,3.1842105263157894,0.3421052631578947,0.0
2023-09-23 16:30:00,Barcelona,RC Celta de Vigo,3,2,False,52,1552.6962279080144,1472.436085277431,80.26014263058346,6.895833333333333,2.6,0.8,2.6,1.4230769230769231,7.0,0.8,1.4,0.8,1.4230769230769231,64.3,2.763157894736842,81.0,2.210526315789474,0.1578947368421052,0.0,50.2,3.526315789473684,60.4,2.236842105263158,0.1578947368421052,0.0
2023-09-23 19:00:00,UD Almería,Valencia,2,2,False,53,1446.7431551726404,1515.0595349554455,-68.31637978280514,6.197916666666667,1.0,2.2,0.2,1.0,7.197916666666667,1.4,0.8,1.8,1.4433962264150944,45.1,5.342105263157895,68.0,2.5789473684210527,0.1052631578947368,0.0,52.0,3.947368421052632,70.0,2.4473684210526314,0.2105263157894736,0.0
2023-09-24 12:00:00,Real Sociedad de Fútbol,Getafe,4,3,False,54,1502.9156893039449,1494.493122314473,8.422566989471761,6.708333333333333,1.6,1.4,1.2,2.3333333333333335,7.0,1.0,1.4,1.4,1.4537037037037037,54.6,3.5,73.7,2.3684210526315788,0.0526315789473684,0.0,39.9,4.368421052631579,72.9,3.3157894736842106,0.2368421052631578,0.0
2023-09-24 14:15:00,Rayo Vallecano de Madrid,Villarreal,1,1,False,55,1513.7185070193527,1483.3971838635082,30.32132315584454,8.802083333333334,1.2,1.6,1.8,1.490909090909091,7.0,1.6,2.0,1.2,1.490909090909091,51.2,3.8947368421052633,64.2,2.3684210526315788,0.1578947368421052,0.0,56.9,3.9210526315789473,73.2,2.3947368421052637,0.1052631578947368,0.0
2023-09-24 16:30:00,UD Las Palmas,Granada,1,0,False,56,1473.0687119138931,1449.2737666309565,23.794945282936624,7.0,0.2,0.8,0.4,1.4821428571428572,5.895833333333333,1.8,3.2,0.6,1.4821428571428572,45.4,4.519736842105264,67.1,2.6052631578947367,0.21710526315789463,1.0,45.4,4.519736842105264,67.1,2.6052631578947367,0.21710526315789463,1.0
2023-09-24 16:30:00,Real Betis Balompié,Cádiz,1,1,False,57,1490.4301346774996,1491.303161395375,-0.8730267178752911,7.895833333333333,1.0,2.0,1.4,1.4649122807017543,8.1875,1.0,1.4,1.4,1.4649122807017543,50.6,3.842105263157895,71.9,2.1842105263157894,0.3947368421052631,0.0,41.9,5.315789473684211,73.8,3.0526315789473686,0.1842105263157894,0.0
2023-09-24 19:00:00,Club Atlético de Madrid,Real Madrid,3,1,False,58,1526.604847819862,1560.7250534806196,-34.12020566075762,8.197916666666666,2.5,1.0,1.75,1.456896551724138,7.0,2.0,0.6,3.0,0.3333333333333333,50.6,3.3684210526315788,74.2,2.421052631578948,0.2105263157894736,0.0,60.9,3.5789473684210527,73.5,1.894736842105263,0.0789473684210526,0.0
2023-09-26 17:00:00,Sevilla,UD Almería,5,1,False,59,1479.969179522899,1446.8386053568756,33.13057416602328,3.1145833333333335,1.2,1.6,0.8,1.0,2.9166666666666665,1.4,2.2,0.4,1.4661016949152543,52.6,4.2368421052631575,66.5,3.1842105263157894,0.3421052631578947,0.0,45.1,5.342105263157895,68.0,2.5789473684210527,0.1052631578947368,0.0
2023-09-26 19:30:00,RCD Mallorca,Barcelona,2,2,False,60,1481.2592092878167,1558.743007104301,-77.48379781648418,3.3125,1.2,1.8,0.8,1.4916666666666667,3.125,3.2,1.2,3.0,1.3333333333333333,41.1,3.8157894736842106,70.3,3.1578947368421053,0.131578947368421,0.0,64.3,2.763157894736842,81.0,2.210526315789474,0.1578947368421052,0.0
2023-09-27 17:00:00,Athletic Club,Getafe,2,2,False,61,1547.188671839856,1486.5754866889756,60.61318515088033,4.916666666666667,2.2,0.4,2.6,2.3333333333333335,3.2083333333333335,1.6,2.2,1.2,3.0,51.6,3.3157894736842106,65.9,2.131578947368421,0.131578947368421,0.0,39.9,4.368421052631579,72.9,3.3157894736842106,0.2368421052631578,0.0
2023-09-27 17:00:00,Villarreal,Girona,1,2,False,62,1486.073925767644,1560.6994348431158,-74.62550907547188,3.1145833333333335,1.6,1.8,1.4,2.0,4.208333333333333,3.0,1.2,3.0,1.3333333333333333,56.9,3.9210526315789473,73.2,2.3947368421052637,0.1052631578947368,0.0,51.3,4.421052631578948,67.3,2.421052631578948,0.0789473684210526,0.0
2023-09-27 17:00:00,Real Madrid,UD Las Palmas,2,0,False,63,1545.9155492864795,1480.5672158661473,65.34833342033221,2.9166666666666665,1.8,1.2,2.4,1.507936507936508,3.0208333333333335,0.2,0.6,0.8,1.0,60.9,3.5789473684210527,73.5,1.894736842105263,0.0789473684210526,0.0,45.4,4.519736842105264,67.1,2.6052631578947367,0.21710526315789463,1.0
2023-09-27 19:30:00,Valencia,Real Sociedad de Fútbol,0,1,False,64,1514.9640847712103,1510.8333249294424,4.13075984176794,4.020833333333333,1.4,1.0,1.4,1.6666666666666667,3.3125,2.2,1.8,1.6,1.5,52.0,3.947368421052632,70.0,2.4473684210526314,0.2105263157894736,0.0,54.6,3.5,73.7,2.3684210526315788,0.0526315789473684,0.0
2023-09-27 19:30:00,Cádiz,Rayo Vallecano de Madrid,0,0,False,65,1493.1282064154775,1511.041765115217,-17.913558699739497,3.125,1.0,1.6,1.0,1.6666666666666667,3.21875,1.0,1.8,1.4,0.3333333333333333,41.9,5.315789473684211,73.8,3.0526315789473686,0.1842105263157894,0.0,51.2,3.8947368421052633,64.2,2.3684210526315788,0.1578947368421052,0.0
2023-09-28 17:00:00,RC Celta de Vigo,Deportivo Alavés,1,1,False,66,1466.3893060811445,1469.4148709896585,-3.0255649085140703,5.020833333333333,1.2,1.6,0.8,0.0,5.916666666666667,1.0,1.6,1.2,1.3333333333333333,50.2,3.526315789473684,60.4,2.236842105263158,0.1578947368421052,0.0,45.4,4.519736842105264,67.1,2.6052631578947367,0.21710526315789463,1.0
2023-09-28 17:00:00,Granada,Real Betis Balompié,1,1,False,67,1441.7752626787023,1488.605089657397,-46.829826978694655,4.020833333333333,1.6,2.8,0.6,1.6666666666666667,4.020833333333333,0.8,2.0,1.0,3.3333333333333335,45.4,4.519736842105264,67.1,2.6052631578947367,0.21710526315789463,1.0,50.6,3.842105263157895,71.9,2.1842105263157894,0.3947368421052631,0.0
2023-09-28 19:30:00,CA Osasuna,Club Atlético de Madrid,0,2,False,68,1488.603451783638,1541.4143520140021,-52.81090023036404,5.21875,1.0,1.6,0.8,0.3333333333333333,4.020833333333333,2.6,1.0,2.0,1.0,48.0,3.8947368421052633,71.6,2.4473684210526314,0.1842105263157894,0.0,50.6,3.3684210526315788,74.2,2.421052631578948,0.2105263157894736,0.0
2023-09-29 19:00:00,Barcelona,Sevilla,1,0,False,69,1558.383849070845,1493.55985158799,64.82399748285502,2.9791666666666665,3.2,1.6,2.6,3.3333333333333335,3.0833333333333335,2.0,1.4,1.4,1.4420289855072463,64.3,2.763157894736842,81.0,2.210526315789474,0.1578947368421052,0.0,52.6,4.2368421052631575,66.5,3.1842105263157894,0.3421052631578947,0.0
2023-09-30 12:00:00,Getafe,Villarreal,0,0,False,70,1490.0412180714738,1476.3508993302364,13.690318741237434,2.7916666666666665,2.0,2.0,1.4,1.3333333333333333,2.7916666666666665,1.6,2.2,0.8,1.3333333333333333,39.9,4.368421052631579,72.9,3.3157894736842106,0.2368421052631578,0.0,56.9,3.9210526315789473,73.2,2.3947368421052637,0.1052631578947368,0.0
2023-09-30 14:15:00,Rayo Vallecano de Madrid,RCD Mallorca,2,2,False,71,1512.3887849210423,1481.6183673212727,30.770417599769644,2.78125,0.6,1.8,1.0,1.0,3.78125,1.6,2.0,1.0,2.25,51.2,3.8947368421052633,64.2,2.3684210526315788,0.1578947368421052,0.0,41.1,3.8157894736842106,70.3,3.1578947368421053,0.131578947368421,0.0
2023-09-30 16:30:00,Girona,Real Madrid,0,3,False,72,1570.4224612805233,1556.3397962755578,14.08266500496552,2.9791666666666665,2.8,1.4,3.0,3.0,2.9791666666666665,1.6,1.0,2.4,1.0,51.3,4.421052631578948,67.3,2.421052631578948,0.0789473684210526,0.0,60.9,3.5789473684210527,73.5,1.894736842105263,0.0789473684210526,0.0
2023-09-30 19:00:00,Real Sociedad de Fútbol,Athletic Club,3,0,False,73,1522.7972189265097,1543.7229404573577,-20.925721530848023,2.9791666666666665,2.2,1.6,2.0,2.75,3.0833333333333335,2.2,0.8,2.2,0.0,54.6,3.5,73.7,2.3684210526315788,0.0526315789473684,0.0,51.6,3.3157894736842106,65.9,2.131578947368421,0.131578947368421,0.0
2023-10-01 12:00:00,UD Almería,Granada,3,3,False,74,1433.2479332917846,1441.2527593349275,-8.004826043142884,4.791666666666667,1.4,2.6,0.4,1.25,2.7916666666666665,1.8,2.6,0.8,3.0,45.1,5.342105263157895,68.0,2.5789473684210527,0.1052631578947368,0.0,45.4,4.519736842105264,67.1,2.6052631578947367,0.21710526315789463,1.0
2023-10-01 14:15:00,Deportivo Alavés,CA Osasuna,0,2,False,75,1471.1799575435764,1471.783586014398,-0.6036284708216044,2.8854166666666665,0.4,1.2,0.8,1.6666666666666667,2.78125,1.0,1.6,0.8,1.3333333333333333,45.4,4.519736842105264,67.1,2.6052631578947367,0.21710526315789463,1.0,48.0,3.8947368421052633,71.6,2.4473684210526314,0.1842105263157894,0.0
2023-10-01 19:00:00,Club Atlético de Madrid,Cádiz,3,2,False,76,1558.2342177832422,1491.7811866096522,66.45303117359003,2.9791666666666665,2.4,0.8,2.0,1.4342105263157894,3.9791666666666665,1.0,1.2,1.2,2.0,50.6,3.3684210526315788,74.2,2.421052631578948,0.2105263157894736,0.0,41.9,5.315789473684211,73.8,3.0526315789473686,0.1842105263157894,0.0
2023-10-01 19:00:00,Real Betis Balompié,Valencia,3,0,False,77,1489.1275930011718,1503.000190774143,-13.872597772971176,3.0833333333333335,1.0,2.2,1.0,0.6666666666666666,3.9791666666666665,1.2,1.2,0.8,1.3333333333333333,50.6,3.842105263157895,71.9,2.1842105263157894,0.3947368421052631,0.0,52.0,3.947368421052632,70.0,2.4473684210526314,0.2105263157894736,0.0
2023-10-02 19:00:00,UD Las Palmas,RC Celta de Vigo,2,1,False,78,1470.142968877069,1464.6242195272266,5.518749349842437,5.083333333333333,0.2,0.8,0.8,0.6666666666666666,4.083333333333333,1.2,1.6,0.8,2.0,45.4,4.519736842105264,67.1,2.6052631578947367,0.21710526315789463,1.0,50.2,3.526315789473684,60.4,2.236842105263158,0.1578947368421052,0.0
2023-10-06 19:00:00,Athletic Club,UD Almería,3,0,False,79,1528.4310878089623,1431.622038956798,96.80904885216432,6.0,1.4,1.0,1.6,2.25,5.291666666666667,1.8,3.0,0.4,2.6666666666666665,51.6,3.3157894736842106,65.9,2.131578947368421,0.131578947368421,0.0,45.1,5.342105263157895,68.0,2.5789473684210527,0.1052631578947368,0.0
2023-10-07 12:00:00,Cádiz,Girona,0,1,False,80,1485.3939428580854,1549.0065382713458,-63.61259541326035,5.708333333333333,1.2,1.6,1.0,1.25,6.8125,2.4,1.8,2.4,1.25,41.9,5.315789473684211,73.8,3.0526315789473686,0.1842105263157894,0.0,51.3,4.421052631578948,67.3,2.421052631578948,0.0789473684210526,0.0
2023-10-07 14:15:00,Real Madrid,CA Osasuna,4,0,False,81,1577.7557192847353,1491.011462858935,86.74425642580036,6.90625,2.0,1.0,2.4,2.0,6.0,1.0,1.4,0.8,1.0,60.9,3.5789473684210527,73.5,1.894736842105263,0.0789473684210526,0.0,48.0,3.8947368421052633,71.6,2.4473684210526314,0.1842105263157894,0.0
2023-10-07 16:30:00,RCD Mallorca,Valencia,1,1,False,82,1484.30710490599,1488.0570000568327,-3.7498951508428036,7.09375,1.6,1.8,1.2,0.6666666666666666,5.895833333333333,1.0,1.4,0.8,1.75,41.1,3.8157894736842106,70.3,3.1578947368421053,0.131578947368421,0.0,52.0,3.947368421052632,70.0,2.4473684210526314,0.2105263157894736,0.0
2023-10-07 19:00:00,Sevilla,Rayo Vallecano de Madrid,2,2,False,83,1487.131771344695,1509.700047336325,-22.568275991630117,8.0,1.4,0.8,1.4,2.0,7.197916666666667,1.0,0.8,1.2,0.25,52.6,4.2368421052631575,66.5,3.1842105263157894,0.3421052631578947,0.0,51.2,3.8947368421052633,64.2,2.3684210526315788,0.1578947368421052,0.0
2023-10-08 12:00:00,Villarreal,UD Las Palmas,1,2,False,84,1478.5778397223253,1478.140696451263,0.43714327106226847,8.0,1.0,1.4,1.0,1.75,5.708333333333333,0.6,1.0,1.2,1.25,56.9,3.9210526315789473,73.2,2.3947368421052637,0.1052631578947368,0.0,45.4,4.519736842105264,67.1,2.6052631578947367,0.21710526315789463,1.0
2023-10-08 14:15:00,Club Atlético de Madrid,Real Sociedad de Fútbol,2,1,False,85,1564.621461534809,1538.0890715749051,26.532389959903867,6.802083333333333,3.0,1.2,2.4,3.0,7.802083333333333,2.8,1.6,2.4,0.6666666666666666,50.6,3.3684210526315788,74.2,2.421052631578948,0.2105263157894736,0.0,54.6,3.5,73.7,2.3684210526315788,0.0526315789473684,0.0
2023-10-08 16:30:00,RC Celta de Vigo,Getafe,2,2,False,86,1456.6264919530327,1487.814277679385,-31.18778572635233,5.895833333333333,1.4,1.8,0.8,0.25,8.1875,1.8,2.0,1.0,2.75,50.2,3.526315789473684,60.4,2.236842105263158,0.1578947368421052,0.0,39.9,4.368421052631579,72.9,3.3157894736842106,0.2368421052631578,0.0
2023-10-08 16:30:00,Deportivo Alavés,Real Betis Balompié,1,1,False,87,1451.9520806990395,1504.070783718482,-52.11870301944259,7.09375,0.4,1.4,0.8,1.25,6.895833333333333,1.2,1.4,1.6,2.75,45.4,4.519736842105264,67.1,2.6052631578947367,0.21710526315789463,1.0,50.6,3.842105263157895,71.9,2.1842105263157894,0.3947368421052631,0.0
2023-10-08 19:00:00,Granada,Barcelona,2,2,False,88,1442.8786536699142,1564.81192931414,-121.93327564422566,7.291666666666667,1.8,2.8,0.4,1.5,9.0,2.6,1.0,2.6,1.5,45.4,4.519736842105264,67.1,2.6052631578947367,0.21710526315789463,1.0,64.3,2.763157894736842,81.0,2.210526315789474,0.1578947368421052,0.0
2023-10-20 19:00:00,CA Osasuna,Granada,2,0,False,89,1479.9667964847913,1444.5028134745824,35.46398301020895,13.197916666666666,0.8,1.8,0.8,0.25,12.0,1.6,2.2,0.6,3.0,48.0,3.8947368421052633,71.6,2.4473684210526314,0.1842105263157894,0.0,45.4,4.519736842105264,67.1,2.6052631578947367,0.21710526315789463,1.0
2023-10-21 12:00:00,Real Sociedad de Fútbol,RCD Mallorca,1,0,False,90,1530.6642805358674,1482.5622241357237,48.10205640014374,12.90625,2.0,1.4,1.8,2.8,13.8125,1.8,2.0,1.2,2.2,54.6,3.5,73.7,2.3684210526315788,0.0526315789473684,0.0,41.1,3.8157894736842106,70.3,3.1578947368421053,0.131578947368421,0.0
2023-10-21 14:15:00,Getafe,Real Betis Balompié,1,1,False,91,1488.784410638866,1504.441367464889,-15.656956826023134,12.90625,2.0,2.0,1.2,1.0,12.90625,1.2,1.6,1.2,2.4,39.9,4.368421052631579,72.9,3.3157894736842106,0.2368421052631578,0.0,50.6,3.842105263157895,71.9,2.1842105263157894,0.3947368421052631,0.0
2023-10-21 16:30:00,Sevilla,Real Madrid,1,1,False,92,1485.9165240921725,1588.800385658879,-102.8838615667064,13.895833333333334,1.6,0.8,1.6,2.0,14.0,2.4,0.8,2.4,0.8,52.6,4.2368421052631575,66.5,3.1842105263157894,0.3421052631578947,0.0,60.9,3.5789473684210527,73.5,1.894736842105263,0.0789473684210526,0.0
2023-10-21 19:00:00,RC Celta de Vigo,Club Atlético de Madrid,0,3,False,93,1455.6563589935517,1572.0462525738467,-116.38989358029494,13.104166666666666,1.2,1.8,0.4,0.6,13.197916666666666,2.0,1.4,2.4,0.75,50.2,3.526315789473684,60.4,2.236842105263158,0.1578947368421052,0.0,50.6,3.3684210526315788,74.2,2.421052631578948,0.2105263157894736,0.0
2023-10-22 12:00:00,UD Las Palmas,Rayo Vallecano de Madrid,0,1,False,94,1490.002169920051,1510.9152945888475,-20.9131246687964,14.0,1.0,1.0,1.8,1.0,14.0,1.4,1.0,1.4,0.6,45.4,4.519736842105264,67.1,2.6052631578947367,0.21710526315789463,1.0,51.2,3.8947368421052633,64.2,2.3684210526315788,0.1578947368421052,0.0
2023-10-22 14:15:00,Girona,UD Almería,5,2,False,95,1559.0464707730807,1421.7299508830213,137.31651989005945,14.0,2.4,1.8,2.4,2.25,14.0,1.4,3.0,0.4,2.75,51.3,4.421052631578948,67.3,2.421052631578948,0.0789473684210526,0.0,45.1,5.342105263157895,68.0,2.5789473684210527,0.1052631578947368,0.0
2023-10-22 16:30:00,Villarreal,Deportivo Alavés,1,1,False,96,1466.7163662535372,1451.5814969526325,15.134869300904711,14.0,1.0,1.2,1.0,1.6,14.0,0.4,1.6,0.4,1.25,56.9,3.9210526315789473,73.2,2.3947368421052637,0.1052631578947368,0.0,45.4,4.519736842105264,67.1,2.6052631578947367,0.21710526315789463,1.0
2023-10-22 19:00:00,Barcelona,Athletic Club,1,0,False,97,1563.1877695094718,1538.323175882739,24.864593626732812,14.0,2.6,1.2,2.2,2.75,14.0,2.0,1.0,2.0,0.75,64.3,2.763157894736842,81.0,2.210526315789474,0.1578947368421052,0.0,51.6,3.3157894736842106,65.9,2.131578947368421,0.131578947368421,0.0
2023-10-23 19:00:00,Valencia,Cádiz,2,0,False,98,1489.801880827099,1475.3540103563505,14.447870470748512,14.0,1.2,1.4,1.0,1.25,14.0,0.6,1.6,0.4,2.25,52.0,3.947368421052632,70.0,2.4473684210526314,0.2105263157894736,0.0,41.9,5.315789473684211,73.8,3.0526315789473686,0.1842105263157894,0.0
2023-10-27 19:00:00,Girona,RC Celta de Vigo,1,0,False,99,1567.370431878213,1440.726106057987,126.64432582022596,5.197916666666667,2.6,1.8,2.4,2.8,6.0,1.2,2.2,0.4,2.0,51.3,4.421052631578948,67.3,2.421052631578948,0.0789473684210526,0.0,50.2,3.526315789473684,60.4,2.236842105263158,0.1578947368421052,0.0
2023-10-28 12:00:00,UD Almería,UD Las Palmas,1,2,False,100,1413.405989777889,1478.7400146407726,-65.33402486288355,5.90625,1.6,3.6,0.4,1.6,6.0,1.0,1.0,1.8,1.2,45.1,5.342105263157895,68.0,2.5789473684210527,0.1052631578947368,0.0,45.4,4.519736842105264,67.1,2.6052631578947367,0.21710526315789463,1.0
2023-10-28 14:15:00,Barcelona,Real Madrid,1,2,False,101,1570.657435296224,1587.7143013610382,-17.05686606481413,5.802083333333333,1.8,1.2,2.2,2.4,6.90625,2.2,0.8,2.0,1.0,64.3,2.763157894736842,81.0,2.210526315789474,0.1578947368421052,0.0,60.9,3.5789473684210527,73.5,1.894736842105263,0.0789473684210526,0.0
2023-10-28 16:30:00,RCD Mallorca,Getafe,0,0,False,102,1475.7072449845252,1487.373675747233,-11.666430762707705,7.1875,1.6,2.2,0.6,0.75,7.09375,1.6,1.8,0.8,2.6,41.1,3.8157894736842106,70.3,3.1578947368421053,0.131578947368421,0.0,39.9,4.368421052631579,72.9,3.3157894736842106,0.2368421052631578,0.0
2023-10-28 19:00:00,Cádiz,Sevilla,2,2,False,103,1462.756446596843,1487.0026083900132,-24.24616179317013,5.0,0.6,1.4,0.4,1.0,7.104166666666667,1.6,1.0,1.2,1.6666666666666667,41.9,5.315789473684211,73.8,3.0526315789473686,0.1842105263157894,0.0,52.6,4.2368421052631575,66.5,3.1842105263157894,0.3421052631578947,0.0
2023-10-29 13:00:00,Real Betis Balompié,CA Osasuna,2,1,False,104,1505.852102356522,1491.644693355783,14.207409000739062,7.947916666666667,1.4,0.8,1.4,1.25,8.75,0.8,1.2,1.4,1.6,50.6,3.842105263157895,71.9,2.1842105263157894,0.3947368421052631,0.0,48.0,3.8947368421052633,71.6,2.4473684210526314,0.1842105263157894,0.0
2023-10-29 15:15:00,Rayo Vallecano de Madrid,Real Sociedad de Fútbol,2,2,False,105,1522.177449868126,1537.5192596870659,-15.341809818939964,7.135416666666667,1.2,1.0,1.4,1.25,8.135416666666666,2.0,1.0,2.4,1.0,51.2,3.8947368421052633,64.2,2.3684210526315788,0.1578947368421052,0.0,54.6,3.5,73.7,2.3684210526315788,0.0526315789473684,0.0
2023-10-29 17:30:00,Athletic Club,Valencia,2,2,False,106,1530.8535100959866,1502.3994445866065,28.454065509380143,6.9375,1.4,1.2,1.4,2.4,5.9375,1.0,1.4,1.0,1.6,51.6,3.3157894736842106,65.9,2.131578947368421,0.131578947368421,0.0,52.0,3.947368421052632,70.0,2.4473684210526314,0.2105263157894736,0.0
2023-10-29 20:00:00,Club Atlético de Madrid,Deportivo Alavés,2,1,False,107,1586.9765055094115,1453.8479161327357,133.1285893766758,8.041666666666666,2.6,0.8,3.0,2.75,7.145833333333333,0.6,1.4,0.6,1.2,50.6,3.3684210526315788,74.2,2.421052631578948,0.2105263157894736,0.0,45.4,4.519736842105264,67.1,2.6052631578947367,0.21710526315789463,1.0
2023-10-30 20:00:00,Granada,Villarreal,2,3,False,108,1432.8249166035907,1464.449947073434,-31.625030469843296,10.041666666666666,1.2,1.8,0.6,1.6,8.145833333333334,0.8,1.2,0.6,1.0,45.4,4.519736842105264,67.1,2.6052631578947367,0.21710526315789463,1.0,56.9,3.9210526315789473,73.2,2.3947368421052637,0.1052631578947368,0.0
2023-11-03 20:00:00,UD Las Palmas,Club Atlético de Madrid,2,1,False,109,1488.7304006353602,1591.8210041164266,-103.09060348106641,6.333333333333333,1.2,1.2,1.8,0.8,5.0,2.4,0.8,3.0,0.6,45.4,4.519736842105264,67.1,2.6052631578947367,0.21710526315789463,1.0,50.6,3.3684210526315788,74.2,2.421052631578948,0.2105263157894736,0.0
2023-11-04 13:00:00,CA Osasuna,Girona,2,4,False,110,1483.8857740149997,1572.3532723202372,-88.46749830523754,6.0,1.0,1.6,1.2,0.6,7.75,1.8,1.2,2.4,1.0,48.0,3.8947368421052633,71.6,2.4473684210526314,0.1842105263157894,0.0,51.3,4.421052631578948,67.3,2.421052631578948,0.0789473684210526,0.0
2023-11-04 15:15:00,Real Betis Balompié,RCD Mallorca,2,0,False,111,1513.6110216973052,1474.184126404075,39.426895293230245,6.09375,1.6,0.8,1.8,1.4,6.947916666666667,1.0,1.2,0.8,2.2,50.6,3.842105263157895,71.9,2.1842105263157894,0.3947368421052631,0.0,41.1,3.8157894736842106,70.3,3.1578947368421053,0.131578947368421,0.0
2023-11-04 17:30:00,RC Celta de Vigo,Sevilla,1,1,False,112,1435.7432656159626,1488.1702478468878,-52.426982230925205,7.9375,0.8,1.8,0.4,0.6,6.9375,2.0,1.4,1.2,1.75,50.2,3.526315789473684,60.4,2.236842105263158,0.1578947368421052,0.0,52.6,4.2368421052631575,66.5,3.1842105263157894,0.3421052631578947,0.0
2023-11-04 20:00:00,Real Sociedad de Fútbol,Barcelona,0,1,False,113,1538.9388835769855,1559.2862133846702,-20.347329807684673,6.197916666666667,1.6,0.8,2.0,2.8,7.239583333333333,1.4,1.2,1.6,1.6,54.6,3.5,73.7,2.3684210526315788,0.0526315789473684,0.0,64.3,2.763157894736842,81.0,2.210526315789474,0.1578947368421052,0.0
2023-11-05 13:00:00,Deportivo Alavés,UD Almería,1,0,False,114,1449.0034175257206,1403.4156037833015,45.58781374241903,6.708333333333333,0.8,1.4,0.6,1.2,8.041666666666666,1.4,3.6,0.2,3.2,45.4,4.519736842105264,67.1,2.6052631578947367,0.21710526315789463,1.0,45.1,5.342105263157895,68.0,2.5789473684210527,0.1052631578947368,0.0
2023-11-05 15:15:00,Valencia,Granada,1,0,False,115,1505.0262218268624,1421.867251631171,83.15897019569138,6.90625,1.0,1.4,1.0,1.4,5.802083333333333,1.6,2.2,0.6,2.8,52.0,3.947368421052632,70.0,2.4473684210526314,0.2105263157894736,0.0,45.4,4.519736842105264,67.1,2.6052631578947367,0.21710526315789463,1.0
2023-11-05 17:30:00,Villarreal,Athletic Club,2,3,False,116,1475.4076120458537,1528.2267328557307,-52.81912080987695,5.895833333333333,1.2,1.4,1.0,1.6,7.0,1.4,1.6,1.0,0.8,56.9,3.9210526315789473,73.2,2.3947368421052637,0.1052631578947368,0.0,51.6,3.3157894736842106,65.9,2.131578947368421,0.131578947368421,0.0
2023-11-05 20:00:00,Real Madrid,Rayo Vallecano de Madrid,0,0,False,117,1599.0855232725921,1520.7578259782063,78.32769729438587,8.239583333333334,2.4,0.4,2.6,2.5,7.197916666666667,1.4,1.2,1.4,0.6,60.9,3.5789473684210527,73.5,1.894736842105263,0.0789473684210526,0.0,51.2,3.8947368421052633,64.2,2.3684210526315788,0.1578947368421052,0.0
2023-11-06 20:00:00,Getafe,Cádiz,1,0,False,118,1488.8967943276832,1461.5888071399684,27.307987187714843,9.145833333333334,1.0,1.0,1.0,1.0,9.041666666666666,0.8,1.6,0.4,2.2,39.9,4.368421052631579,72.9,3.3157894736842106,0.2368421052631578,0.0,41.9,5.315789473684211,73.8,3.0526315789473686,0.1842105263157894,0.0
2023-11-10 20:00:00,Athletic Club,RC Celta de Vigo,4,3,False,119,1538.5771831664435,1435.3815429620788,103.19564020436474,5.104166666666667,1.6,1.6,1.4,2.8,6.104166666666667,0.8,1.8,0.4,1.8,51.6,3.3157894736842106,65.9,2.131578947368421,0.131578947368421,0.0,50.2,3.526315789473684,60.4,2.236842105263158,0.1578947368421052,0.0
2023-11-11 13:00:00,Rayo Vallecano de Madrid,Girona,1,2,False,120,1524.664015915188,1587.5073340266106,-62.843318111422604,5.708333333333333,1.4,1.2,1.4,1.4,7.0,2.2,1.4,2.4,1.2,51.2,3.8947368421052633,64.2,2.3684210526315788,0.1578947368421052,0.0,51.3,4.421052631578948,67.3,2.421052631578948,0.0789473684210526,0.0
2023-11-11 15:15:00,UD Almería,Real Sociedad de Fútbol,1,3,False,121,1396.4952691148487,1527.6607061439863,-131.1654370291376,6.09375,1.2,2.8,0.2,1.8,6.802083333333333,1.4,1.0,1.4,1.2,45.1,5.342105263157895,68.0,2.5789473684210527,0.1052631578947368,0.0,54.6,3.5,73.7,2.3684210526315788,0.0526315789473684,0.0
2023-11-11 17:30:00,CA Osasuna,UD Las Palmas,1,1,False,122,1468.7317123086264,1499.822364872147,-31.090652563520734,7.1875,1.4,2.0,1.2,1.0,7.895833333333333,1.6,1.0,2.4,1.2,48.0,3.8947368421052633,71.6,2.4473684210526314,0.1842105263157894,0.0,45.4,4.519736842105264,67.1,2.6052631578947367,0.21710526315789463,1.0
2023-11-11 17:30:00,Granada,Getafe,1,1,False,123,1415.8906351700437,1496.3007543205802,-80.4101191505365,6.09375,1.4,2.2,0.4,2.0,4.895833333333333,0.8,0.6,1.4,2.0,45.4,4.519736842105264,67.1,2.6052631578947367,0.21710526315789463,1.0,39.9,4.368421052631579,72.9,3.3157894736842106,0.2368421052631578,0.0
2023-11-11 20:00:00,Real Madrid,Valencia,5,1,False,124,1595.1793333356104,1511.0028382879898,84.17649504762062,6.0,2.0,0.4,2.2,2.0,6.197916666666667,1.2,1.2,1.6,1.8,60.9,3.5789473684210527,73.5,1.894736842105263,0.0789473684210526,0.0,52.0,3.947368421052632,70.0,2.4473684210526314,0.2105263157894736,0.0
2023-11-12 15:15:00,Barcelona,Deportivo Alavés,2,1,False,125,1570.5643908176694,1455.9237521941734,114.64063862349599,7.802083333333333,1.2,0.8,2.0,2.2,7.09375,0.8,1.2,1.0,1.4,64.3,2.763157894736842,81.0,2.210526315789474,0.1578947368421052,0.0,45.4,4.519736842105264,67.1,2.6052631578947367,0.21710526315789463,1.0
2023-11-12 17:30:00,Sevilla,Real Betis Balompié,1,1,False,126,1488.5319705007716,1525.1187945132301,-36.586824012458464,8.0,1.2,1.4,0.8,2.0,8.09375,1.8,0.6,2.2,2.4,52.6,4.2368421052631575,66.5,3.1842105263157894,0.3421052631578947,0.0,50.6,3.842105263157895,71.9,2.1842105263157894,0.3947368421052631,0.0
2023-11-12 20:00:00,Club Atlético de Madrid,Villarreal,3,1,False,127,1580.7290398796397,1465.0571617351409,115.6718781444988,9.0,2.2,1.2,2.4,2.6,7.104166666666667,1.4,1.6,1.0,1.2,50.6,3.3684210526315788,74.2,2.421052631578948,0.2105263157894736,0.0,56.9,3.9210526315789473,73.2,2.3947368421052637,0.1052631578947368,0.0
2023-11-24 20:00:00,Deportivo Alavés,Granada,3,1,False,128,1450.6779313350826,1416.333883428506,34.344047906576634,12.197916666666666,1.0,1.2,1.0,0.6,13.104166666666666,1.0,1.8,0.4,2.4,45.4,4.519736842105264,67.1,2.6052631578947367,0.21710526315789463,1.0,45.4,4.519736842105264,67.1,2.6052631578947367,0.21710526315789463,1.0
2023-11-25 13:00:00,Rayo Vallecano de Madrid,Barcelona,1,1,False,129,1514.6019424178746,1575.8102116767602,-61.20826925888559,14.0,1.2,1.2,1.2,1.6,12.90625,1.4,1.0,2.0,1.6,51.2,3.8947368421052633,64.2,2.3684210526315788,0.1578947368421052,0.0,64.3,2.763157894736842,81.0,2.210526315789474,0.1578947368421052,0.0
2023-11-25 15:15:00,Valencia,RC Celta de Vigo,0,0,False,130,1499.842651684386,1429.876802062172,69.96584962221414,13.802083333333334,1.4,1.6,1.6,1.4,14.0,1.2,2.2,0.4,2.4,52.0,3.947368421052632,70.0,2.4473684210526314,0.2105263157894736,0.0,50.2,3.526315789473684,60.4,2.236842105263158,0.1578947368421052,0.0
2023-11-25 17:30:00,Getafe,UD Almería,2,1,False,131,1495.8575060621179,1383.3030335251588,112.55447253695911,14.0,1.0,0.8,1.4,1.2,14.0,0.8,2.8,0.0,3.2,39.9,4.368421052631579,72.9,3.3157894736842106,0.2368421052631578,0.0,45.1,5.342105263157895,68.0,2.5789473684210527,0.1052631578947368,0.0
2023-11-25 20:00:00,Club Atlético de Madrid,RCD Mallorca,1,0,False,132,1589.2162207035049,1462.67635358815,126.53986711535481,13.0,2.2,1.0,2.4,2.6,14.0,0.6,1.2,0.6,2.0,50.6,3.3684210526315788,74.2,2.421052631578948,0.2105263157894736,0.0,41.1,3.8157894736842106,70.3,3.1578947368421053,0.131578947368421,0.0
2023-11-26 13:00:00,Villarreal,CA Osasuna,3,1,False,133,1456.5699809112757,1467.7588100192827,-11.188829108006985,13.708333333333334,1.6,2.2,0.8,1.4,14.0,1.2,2.2,0.8,2.0,56.9,3.9210526315789473,73.2,2.3947368421052637,0.1052631578947368,0.0,48.0,3.8947368421052633,71.6,2.4473684210526314,0.1842105263157894,0.0
2023-11-26 15:15:00,Real Sociedad de Fútbol,Sevilla,2,1,False,134,1540.8529417336763,1487.7159918131126,53.136949920563666,14.0,1.4,1.2,1.4,2.6,13.90625,1.4,1.4,1.0,1.6,54.6,3.5,73.7,2.3684210526315788,0.0526315789473684,0.0,52.6,4.2368421052631575,66.5,3.1842105263157894,0.3421052631578947,0.0
2023-11-26 17:30:00,Cádiz,Real Madrid,0,3,False,135,1454.1848471470714,1606.3395199392141,-152.15467279214272,14.0,0.8,1.8,0.2,1.2,14.0,2.4,0.6,2.2,1.0,41.9,5.315789473684211,73.8,3.0526315789473686,0.1842105263157894,0.0,60.9,3.5789473684210527,73.5,1.894736842105263,0.0789473684210526,0.0
2023-11-26 20:00:00,Real Betis Balompié,UD Las Palmas,1,0,False,136,1525.9347732008891,1500.7952671614908,25.139506039398384,14.0,1.4,0.8,1.8,1.8,14.0,1.4,1.0,2.0,1.2,50.6,3.842105263157895,71.9,2.1842105263157894,0.3947368421052631,0.0,45.4,4.519736842105264,67.1,2.6052631578947367,0.21710526315789463,1.0
2023-11-27 20:00:00,Girona,Athletic Club,1,1,False,137,1597.569407523924,1544.0819240663504,53.48748345757349,14.0,2.6,1.0,3.0,2.4,14.0,2.4,1.6,2.0,1.2,51.3,4.421052631578948,67.3,2.421052631578948,0.0789473684210526,0.0,51.6,3.3157894736842106,65.9,2.131578947368421,0.131578947368421,0.0
2023-11-29 20:00:00,RCD Mallorca,Cádiz,1,1,False,138,1457.6912630523564,1440.9849251355904,16.70633791676596,4.0,0.2,1.0,0.4,0.6,3.1041666666666665,0.4,1.8,0.2,2.0,41.1,3.8157894736842106,70.3,3.1578947368421053,0.131578947368421,0.0,41.9,5.315789473684211,73.8,3.0526315789473686,0.1842105263157894,0.0
2023-12-01 20:00:00,UD Las Palmas,Getafe,2,0,False,139,1493.3330058935712,1501.1499326582314,-7.816926764660138,5.0,1.0,1.0,1.4,1.0,6.104166666666667,1.0,0.6,1.8,1.8,45.4,4.519736842105264,67.1,2.6052631578947367,0.21710526315789463,1.0,39.9,4.368421052631579,72.9,3.3157894736842106,0.2368421052631578,0.0
2023-12-02 13:00:00,Girona,Valencia,2,1,False,140,1594.2854020885236,1496.1423078128432,98.14309427568037,4.708333333333333,2.6,1.2,2.6,2.4,6.90625,1.2,1.4,1.6,2.6,51.3,4.421052631578948,67.3,2.421052631578948,0.0789473684210526,0.0,52.0,3.947368421052632,70.0,2.4473684210526314,0.2105263157894736,0.0
2023-12-02 15:15:00,Athletic Club,Rayo Vallecano de Madrid,4,0,False,141,1547.3659295017508,1514.4928119669507,32.87311753480003,4.802083333333333,2.0,1.8,1.6,2.8,7.09375,1.0,1.0,1.2,0.6,51.6,3.3157894736842106,65.9,2.131578947368421,0.131578947368421,0.0,51.2,3.8947368421052633,64.2,2.3684210526315788,0.1578947368421052,0.0
2023-12-02 17:30:00,Real Madrid,Granada,2,0,False,142,1619.5394419506952,1404.6077088124214,214.93173313827378,6.0,2.2,0.6,2.2,2.6,7.895833333333333,0.8,2.0,0.2,2.0,60.9,3.5789473684210527,73.5,1.894736842105263,0.0789473684210526,0.0,45.4,4.519736842105264,67.1,2.6052631578947367,0.21710526315789463,1.0
2023-12-02 20:00:00,CA Osasuna,Real Sociedad de Fútbol,1,1,False,143,1454.0056929444356,1547.5779403592658,-93.57224741483014,6.291666666666667,1.4,2.0,0.8,1.0,6.197916666666667,1.6,1.0,2.0,1.4,48.0,3.8947368421052633,71.6,2.4473684210526314,0.1842105263157894,0.0,54.6,3.5,73.7,2.3684210526315788,0.0526315789473684,0.0
2023-12-03 13:00:00,RCD Mallorca,Deportivo Alavés,0,0,False,144,1455.3819809365614,1462.4041059511671,-7.022125014605763,3.7083333333333335,0.2,1.0,0.4,0.8,8.708333333333334,1.4,1.2,1.4,1.6,41.1,3.8157894736842106,70.3,3.1578947368421053,0.131578947368421,0.0,45.4,4.519736842105264,67.1,2.6052631578947367,0.21710526315789463,1.0
2023-12-03 15:15:00,UD Almería,Real Betis Balompié,0,0,False,145,1378.0106069290453,1533.3970344688087,-155.38642753976342,7.90625,1.0,2.6,0.0,1.8,6.802083333333333,1.4,0.6,2.2,1.8,45.1,5.342105263157895,68.0,2.5789473684210527,0.1052631578947368,0.0,50.6,3.842105263157895,71.9,2.1842105263157894,0.3947368421052631,0.0
2023-12-03 17:30:00,Sevilla,Villarreal,1,1,False,146,1480.9909931875231,1470.3230979861228,10.66789520140037,7.09375,1.2,1.4,0.8,2.0,7.1875,2.0,2.0,1.4,1.8,52.6,4.2368421052631575,66.5,3.1842105263157894,0.3421052631578947,0.0,56.9,3.9210526315789473,73.2,2.3947368421052637,0.1052631578947368,0.0
2023-12-03 20:00:00,Barcelona,Club Atlético de Madrid,1,0,False,147,1575.919342127684,1594.2013112392985,-18.281969111614444,8.291666666666666,1.2,0.8,2.0,1.6,8.0,2.0,0.8,2.4,1.0,64.3,2.763157894736842,81.0,2.210526315789474,0.1578947368421052,0.0,50.6,3.3684210526315788,74.2,2.421052631578948,0.2105263157894736,0.0
2023-12-04 20:00:00,RC Celta de Vigo,Cádiz,1,1,False,148,1433.5771459337147,1443.2942072513854,-9.717061317670641,9.197916666666666,0.8,1.8,0.4,0.8,5.0,0.6,1.8,0.4,1.6,50.2,3.526315789473684,60.4,2.236842105263158,0.1578947368421052,0.0,41.9,5.315789473684211,73.8,3.0526315789473686,0.1842105263157894,0.0
2023-12-08 20:00:00,Getafe,Valencia,1,0,False,149,1487.5505661642464,1490.5207740229728,-2.970207858726326,7.0,0.8,0.8,1.6,1.4,6.291666666666667,1.0,1.8,1.0,2.6,39.9,4.368421052631579,72.9,3.3157894736842106,0.2368421052631578,0.0,52.0,3.947368421052632,70.0,2.4473684210526314,0.2105263157894736,0.0
2023-12-09 13:00:00,Deportivo Alavés,UD Las Palmas,0,1,False,150,1464.0575242569012,1506.9323723875561,-42.87484813065498,6.0,1.2,1.0,1.4,1.0,7.708333333333333,1.4,0.8,2.0,1.2,45.4,4.519736842105264,67.1,2.6052631578947367,0.21710526315789463,1.0,45.4,4.519736842105264,67.1,2.6052631578947367,0.21710526315789463,1.0
2023-12-09 15:15:00,Real Betis Balompié,Real Madrid,1,1,False,151,1530.8526476621755,1624.9471829790602,-94.09453531688473,6.0,1.2,0.4,2.2,1.8,6.90625,2.4,0.4,2.6,1.0,50.6,3.842105263157895,71.9,2.1842105263157894,0.3947368421052631,0.0,60.9,3.5789473684210527,73.5,1.894736842105263,0.0789473684210526,0.0
2023-12-09 17:30:00,Villarreal,Real Sociedad de Fútbol,0,3,False,152,1472.4672018283804,1546.7574138823607,-74.29021205398021,6.0,2.0,2.0,1.4,1.6,6.895833333333333,1.6,1.2,1.6,1.2,56.9,3.9210526315789473,73.2,2.3947368421052637,0.1052631578947368,0.0,54.6,3.5,73.7,2.3684210526315788,0.0526315789473684,0.0
2023-12-09 20:00:00,RCD Mallorca,Sevilla,1,0,False,153,1453.7285626308274,1478.8468893452655,-25.118326714438126,6.291666666666667,0.2,0.8,0.6,0.8,6.104166666666667,1.2,1.4,0.8,1.2,41.1,3.8157894736842106,70.3,3.1578947368421053,0.131578947368421,0.0,52.6,4.2368421052631575,66.5,3.1842105263157894,0.3421052631578947,0.0
2023-12-10 13:00:00,Club Atlético de Madrid,UD Almería,2,1,False,154,1585.5379182579136,1380.5549937356784,204.98292452223518,6.708333333333333,1.4,1.0,1.8,2.2,6.90625,0.6,1.6,0.2,3.2,50.6,3.3684210526315788,74.2,2.421052631578948,0.2105263157894736,0.0,45.1,5.342105263157895,68.0,2.5789473684210527,0.1052631578947368,0.0
2023-12-10 17:30:00,Cádiz,CA Osasuna,1,1,False,155,1444.8720841953327,1454.8262194213407,-9.95413522600802,5.895833333333333,0.8,1.6,0.6,1.0,7.895833333333333,1.2,2.2,0.4,2.4,41.9,5.315789473684211,73.8,3.0526315789473686,0.1842105263157894,0.0,48.0,3.8947368421052633,71.6,2.4473684210526314,0.1842105263157894,0.0
2023-12-10 20:00:00,Barcelona,Girona,2,4,False,156,1584.582735109069,1599.906935878394,-15.324200769324989,7.0,1.2,0.8,2.0,1.2,8.291666666666666,2.0,1.0,2.6,1.2,64.3,2.763157894736842,81.0,2.210526315789474,0.1578947368421052,0.0,51.3,4.421052631578948,67.3,2.421052631578948,0.0789473684210526,0.0
2023-12-11 20:00:00,Granada,Athletic Club,1,1,False,157,1399.1999677840563,1560.9694463062283,-161.769478522172,9.104166666666666,0.8,2.0,0.2,1.6,9.197916666666666,2.8,1.6,2.2,1.4,45.4,4.519736842105264,67.1,2.6052631578947367,0.21710526315789463,1.0,51.6,3.3157894736842106,65.9,2.131578947368421,0.131578947368421,0.0
2023-12-11 20:00:00,Rayo Vallecano de Madrid,RC Celta de Vigo,0,0,False,158,1500.8892951624732,1431.9992689897674,68.8900261727058,9.197916666666666,0.8,1.8,0.6,1.4,7.0,1.0,1.4,0.6,2.0,51.2,3.8947368421052633,64.2,2.3684210526315788,0.1578947368421052,0.0,50.2,3.526315789473684,60.4,2.236842105263158,0.1578947368421052,0.0
2023-12-15 20:00:00,CA Osasuna,Rayo Vallecano de Madrid,1,0,False,159,1456.3974419995432,1497.2157066959674,-40.818264696424194,5.104166666666667,1.2,2.0,0.6,1.2,4.0,0.4,1.4,0.6,1.2,48.0,3.8947368421052633,71.6,2.4473684210526314,0.1842105263157894,0.0,51.2,3.8947368421052633,64.2,2.3684210526315788,0.1578947368421052,0.0
2023-12-16 13:00:00,RC Celta de Vigo,Granada,1,0,False,160,1435.6728574562733,1401.9153611624788,33.757496293794475,4.708333333333333,1.0,1.2,0.8,1.0,4.708333333333333,0.6,1.6,0.4,2.2,50.2,3.526315789473684,60.4,2.236842105263158,0.1578947368421052,0.0,45.4,4.519736842105264,67.1,2.6052631578947367,0.21710526315789463,1.0
2023-12-16 15:15:00,Athletic Club,Club Atlético de Madrid,2,0,False,161,1558.2540529278058,1589.0276816720252,-30.773628744219423,4.802083333333333,2.6,1.4,2.2,3.0,6.09375,1.4,1.0,1.8,1.2,51.6,3.3157894736842106,65.9,2.131578947368421,0.131578947368421,0.0,50.6,3.3684210526315788,74.2,2.421052631578948,0.2105263157894736,0.0
2023-12-16 17:30:00,Sevilla,Getafe,0,3,False,162,1469.9897609188083,1495.7839359896545,-25.794175070846222,6.895833333333333,0.8,1.2,0.6,2.0,7.895833333333333,1.0,0.8,2.0,1.4,52.6,4.2368421052631575,66.5,3.1842105263157894,0.3421052631578947,0.0,39.9,4.368421052631579,72.9,3.3157894736842106,0.2368421052631578,0.0
2023-12-16 20:00:00,Valencia,Barcelona,1,1,False,163,1482.2874041975647,1566.0250392945466,-83.73763509698188,8.0,0.6,1.6,0.8,1.2,6.0,1.4,1.2,2.0,1.2,52.0,3.947368421052632,70.0,2.4473684210526314,0.2105263157894736,0.0,64.3,2.763157894736842,81.0,2.210526315789474,0.1578947368421052,0.0
2023-12-17 13:00:00,UD Almería,RCD Mallorca,0,0,False,164,1377.0652303215668,1462.5856910572845,-85.52046073571773,7.0,0.6,1.6,0.2,1.4,7.708333333333333,0.4,0.8,1.0,2.2,45.1,5.342105263157895,68.0,2.5789473684210527,0.1052631578947368,0.0,41.1,3.8157894736842106,70.3,3.1578947368421053,0.131578947368421,0.0
2023-12-17 15:15:00,Real Sociedad de Fútbol,Real Betis Balompié,0,0,False,165,1563.7895862297771,1531.6881037311307,32.10148249864642,7.90625,1.8,0.8,2.0,2.0,8.0,1.0,0.4,1.8,0.8,54.6,3.5,73.7,2.3684210526315788,0.0526315789473684,0.0,50.6,3.842105263157895,71.9,2.1842105263157894,0.3947368421052631,0.0
2023-12-17 17:30:00,UD Las Palmas,Cádiz,1,1,False,166,1517.5683260180388,1443.3008616171303,74.26746440090847,8.1875,1.2,0.6,2.0,1.4,7.0,0.6,1.4,0.6,1.6,45.4,4.519736842105264,67.1,2.6052631578947367,0.21710526315789463,1.0,41.9,5.315789473684211,73.8,3.0526315789473686,0.1842105263157894,0.0
2023-12-17 20:00:00,Real Madrid,Villarreal,4,1,False,167,1624.111726910105,1455.435029480964,168.6766974291411,8.197916666666666,2.2,0.4,2.2,2.6,8.104166666666666,1.4,2.2,0.8,1.4,60.9,3.5789473684210527,73.5,1.894736842105263,0.0789473684210526,0.0,56.9,3.9210526315789473,73.2,2.3947368421052637,0.1052631578947368,0.0
2023-12-18 20:00:00,Girona,Deportivo Alavés,3,0,False,168,1618.4646316929166,1453.4215706264185,165.043061066498,8.0,2.6,1.4,2.6,1.8,9.291666666666666,1.0,0.8,1.4,1.2,51.3,4.421052631578948,67.3,2.421052631578948,0.0789473684210526,0.0,45.4,4.519736842105264,67.1,2.6052631578947367,0.21710526315789463,1.0
2023-12-19 18:00:00,Rayo Vallecano de Madrid,Valencia,0,1,False,169,1487.9105912842556,1482.8261944180613,5.084396866194311,3.9166666666666665,0.4,1.6,0.4,1.2,2.9166666666666665,0.6,1.8,0.4,2.2,51.2,3.8947368421052633,64.2,2.3684210526315788,0.1578947368421052,0.0,52.0,3.947368421052632,70.0,2.4473684210526314,0.2105263157894736,0.0
2023-12-19 20:30:00,Club Atlético de Madrid,Getafe,3,3,False,170,1574.373333838755,1515.2503566152752,59.122977223479666,3.21875,1.2,1.0,1.8,2.0,3.125,1.4,0.8,2.0,1.0,50.6,3.3684210526315788,74.2,2.421052631578948,0.2105263157894736,0.0,39.9,4.368421052631579,72.9,3.3157894736842106,0.2368421052631578,0.0
2023-12-19 20:30:00,Granada,Sevilla,0,3,False,171,1394.6836724747384,1450.5233402931876,-55.83966781844924,3.3125,0.6,1.6,0.4,1.4,3.125,0.6,1.6,0.4,1.4,45.4,4.519736842105264,67.1,2.6052631578947367,0.21710526315789463,1.0,52.6,4.2368421052631575,66.5,3.1842105263157894,0.3421052631578947,0.0
2023-12-20 18:00:00,Barcelona,UD Almería,3,2,False,172,1565.48624907405,1377.655170836649,187.83107823740102,3.9166666666666665,1.4,1.4,1.6,1.4,3.2083333333333335,0.6,1.4,0.4,2.6,64.3,2.763157894736842,81.0,2.210526315789474,0.1578947368421052,0.0,45.1,5.342105263157895,68.0,2.5789473684210527,0.1052631578947368,0.0
2023-12-20 20:30:00,Athletic Club,UD Las Palmas,1,0,False,173,1572.908400761076,1513.7616172548442,59.14678350623194,4.21875,2.4,1.0,2.2,3.0,3.125,1.0,0.6,1.6,0.8,51.6,3.3157894736842106,65.9,2.131578947368421,0.131578947368421,0.0,45.4,4.519736842105264,67.1,2.6052631578947367,0.21710526315789463,1.0
2023-12-20 20:30:00,Villarreal,RC Celta de Vigo,3,2,False,174,1448.2017817164992,1442.9045461440137,5.297235572485533,3.0208333333333335,1.2,2.4,0.8,1.4,4.3125,1.0,1.0,1.2,1.4,56.9,3.9210526315789473,73.2,2.3947368421052637,0.1052631578947368,0.0,50.2,3.526315789473684,60.4,2.236842105263158,0.1578947368421052,0.0
2023-12-21 18:00:00,Real Betis Balompié,Girona,1,1,False,175,1534.412346066542,1625.8186454090999,-91.40629934255776,4.114583333333333,0.6,0.4,1.4,1.8,2.9166666666666665,2.4,1.0,2.6,1.2,50.6,3.842105263157895,71.9,2.1842105263157894,0.3947368421052631,0.0,51.3,4.421052631578948,67.3,2.421052631578948,0.0789473684210526,0.0
2023-12-21 18:00:00,Cádiz,Real Sociedad de Fútbol,0,0,False,176,1447.107570380325,1561.0653438943657,-113.95777351404081,4.020833333333333,0.8,1.4,0.8,0.6,4.114583333333333,1.8,0.6,2.2,1.2,41.9,5.315789473684211,73.8,3.0526315789473686,0.1842105263157894,0.0,54.6,3.5,73.7,2.3684210526315788,0.0526315789473684,0.0
2023-12-21 20:30:00,RCD Mallorca,CA Osasuna,3,2,False,177,1461.9957505422024,1465.702557411255,-3.7068068690525706,4.3125,0.4,0.4,1.2,0.6,6.020833333333333,1.0,1.2,1.2,2.0,41.1,3.8157894736842106,70.3,3.1578947368421053,0.131578947368421,0.0,48.0,3.8947368421052633,71.6,2.4473684210526314,0.1842105263157894,0.0
2023-12-21 20:30:00,Deportivo Alavés,Real Madrid,0,1,False,178,1446.0675569102352,1631.3449746745698,-185.2774177643346,3.0208333333333335,0.8,1.4,0.8,1.0,4.020833333333333,3.0,0.6,2.6,0.6,45.4,4.519736842105264,67.1,2.6052631578947367,0.21710526315789463,1.0,60.9,3.5789473684210527,73.5,1.894736842105263,0.0789473684210526,0.0
2023-12-23 15:15:00,Club Atlético de Madrid,Sevilla,1,0,False,179,1570.9453982001482,1468.4846306303102,102.46076756983803,3.78125,1.2,1.4,1.4,2.2,3.78125,1.0,1.4,0.8,1.2,50.6,3.3684210526315788,74.2,2.421052631578948,0.2105263157894736,0.0,52.6,4.2368421052631575,66.5,3.1842105263157894,0.3421052631578947,0.0
2024-01-02 16:00:00,Getafe,Rayo Vallecano de Madrid,0,2,False,180,1518.6782922538819,1475.9203223225102,42.75796993137169,13.8125,1.8,1.2,2.0,1.0,13.916666666666666,0.2,1.4,0.4,1.4,39.9,4.368421052631579,72.9,3.3157894736842106,0.2368421052631578,0.0,51.2,3.8947368421052633,64.2,2.3684210526315788,0.1578947368421052,0.0
2024-01-02 18:15:00,Real Sociedad de Fútbol,Deportivo Alavés,1,1,False,181,1559.6654789615986,1439.3974466540449,120.26803230755377,12.010416666666666,1.2,0.4,1.8,1.2,11.90625,0.6,1.2,0.8,1.6,54.6,3.5,73.7,2.3684210526315788,0.0526315789473684,0.0,45.4,4.519736842105264,67.1,2.6052631578947367,0.21710526315789463,1.0
2024-01-02 20:30:00,Valencia,Villarreal,3,1,False,182,1494.8164633798067,1456.2056301432426,38.610833236564076,14.0,0.6,0.8,1.0,0.8,13.0,1.6,2.2,1.4,2.0,52.0,3.947368421052632,70.0,2.4473684210526314,0.2105263157894736,0.0,56.9,3.9210526315789473,73.2,2.3947368421052637,0.1052631578947368,0.0
2024-01-03 16:00:00,Granada,Cádiz,2,0,False,183,1376.7223821376158,1448.507435313092,-71.78505317547615,14.0,0.4,2.0,0.2,1.2,12.916666666666666,0.8,0.8,1.0,1.2,45.4,4.519736842105264,67.1,2.6052631578947367,0.21710526315789463,1.0,41.9,5.315789473684211,73.8,3.0526315789473686,0.1842105263157894,0.0
2024-01-03 18:15:00,RC Celta de Vigo,Real Betis Balompié,2,1,False,184,1434.9006977172703,1535.1709203784803,-100.27022266121003,13.90625,0.8,0.8,1.2,1.0,13.010416666666666,0.6,0.4,1.4,0.6,50.2,3.526315789473684,60.4,2.236842105263158,0.1578947368421052,0.0,50.6,3.842105263157895,71.9,2.1842105263157894,0.3947368421052631,0.0
2024-01-03 18:15:00,Real Madrid,RCD Mallorca,1,0,False,185,1638.0150849307602,1470.249667376164,167.76541755459607,12.90625,2.2,0.4,2.6,3.0,12.90625,1.0,0.6,1.8,1.2,60.9,3.5789473684210527,73.5,1.894736842105263,0.0789473684210526,0.0,41.1,3.8157894736842106,70.3,3.1578947368421053,0.131578947368421,0.0
2024-01-03 20:30:00,Girona,Club Atlético de Madrid,4,3,False,186,1625.0600710971617,1576.4670323466019,48.5930387505598,13.104166666666666,2.2,1.0,2.2,2.4,11.21875,1.2,1.4,1.4,1.0,51.3,4.421052631578948,67.3,2.421052631578948,0.0789473684210526,0.0,50.6,3.3684210526315788,74.2,2.421052631578948,0.2105263157894736,0.0
2024-01-04 16:00:00,CA Osasuna,UD Almería,1,0,False,187,1457.4486405772932,1373.8717719004592,83.57686867683401,13.8125,1.2,1.6,1.0,1.4,14.0,0.8,1.4,0.4,2.6,48.0,3.8947368421052633,71.6,2.4473684210526314,0.1842105263157894,0.0,45.1,5.342105263157895,68.0,2.5789473684210527,0.1052631578947368,0.0
2024-01-04 18:15:00,Sevilla,Athletic Club,0,2,False,188,1462.9629964838566,1579.479860452853,-116.5168639689964,12.125,0.8,1.2,0.8,1.0,14.0,1.8,0.4,2.2,1.6,52.6,4.2368421052631575,66.5,3.1842105263157894,0.3421052631578947,0.0,51.6,3.3157894736842106,65.9,2.131578947368421,0.131578947368421,0.0
2024-01-04 20:30:00,UD Las Palmas,Barcelona,1,2,False,189,1507.1901575630673,1569.2696480102397,-62.079490447172475,14.0,0.8,0.6,1.4,1.4,14.0,1.6,1.6,1.6,1.2,45.4,4.519736842105264,67.1,2.6052631578947367,0.21710526315789463,1.0,64.3,2.763157894736842,81.0,2.210526315789474,0.1578947368421052,0.0
2024-01-12 20:00:00,Sevilla,Deportivo Alavés,2,3,False,190,1449.1050003875714,1444.2760177886305,4.828982598940911,8.072916666666666,0.6,1.4,0.6,0.6,10.072916666666666,0.2,1.2,0.4,1.6,52.6,4.2368421052631575,66.5,3.1842105263157894,0.3421052631578947,0.0,45.4,4.519736842105264,67.1,2.6052631578947367,0.21710526315789463,1.0
2024-01-13 13:00:00,UD Las Palmas,Villarreal,3,0,False,191,1497.1061005208553,1444.6629157656982,52.44318475515706,8.6875,1.0,0.8,1.4,1.2,10.6875,1.2,2.6,0.8,2.6,45.4,4.519736842105264,67.1,2.6052631578947367,0.21710526315789463,1.0,56.9,3.9210526315789473,73.2,2.3947368421052637,0.1052631578947368,0.0
2024-01-13 15:15:00,RCD Mallorca,RC Celta de Vigo,1,1,False,192,1466.0991552272587,1445.9123834152547,20.186771812004054,9.875,0.8,0.6,1.6,1.0,9.875,1.2,1.0,1.6,1.6,41.1,3.8157894736842106,70.3,3.1578947368421053,0.131578947368421,0.0,50.2,3.526315789473684,60.4,2.236842105263158,0.1578947368421052,0.0
2024-01-13 17:30:00,Athletic Club,Real Sociedad de Fútbol,2,1,False,193,1593.3378565491382,1554.786907827013,38.55094872212521,8.96875,2.0,0.2,2.6,2.6,10.96875,1.0,0.4,1.4,0.8,51.6,3.3157894736842106,65.9,2.131578947368421,0.131578947368421,0.0,54.6,3.5,73.7,2.3684210526315788,0.0526315789473684,0.0
2024-01-13 20:00:00,Real Betis Balompié,Granada,1,0,False,194,1524.159234680496,1393.289687284854,130.86954739564203,10.072916666666666,0.6,0.8,0.8,1.4,10.166666666666666,0.6,1.4,0.8,1.8,50.6,3.842105263157895,71.9,2.1842105263157894,0.3947368421052631,0.0,45.4,4.519736842105264,67.1,2.6052631578947367,0.21710526315789463,1.0
2024-01-14 13:00:00,UD Almería,Girona,0,0,False,195,1367.9052315832969,1631.9023220851645,-263.99709050186766,9.875,0.6,1.2,0.4,1.0,10.6875,2.8,1.4,2.6,1.2,45.1,5.342105263157895,68.0,2.5789473684210527,0.1052631578947368,0.0,51.3,4.421052631578948,67.3,2.421052631578948,0.0789473684210526,0.0
2024-01-14 15:15:00,Cádiz,Valencia,1,4,False,196,1431.9401301658538,1506.359177757351,-74.41904759149725,10.96875,0.6,1.0,0.8,0.6,11.78125,1.2,1.0,1.4,2.0,41.9,5.315789473684211,73.8,3.0526315789473686,0.1842105263157894,0.0,52.0,3.947368421052632,70.0,2.4473684210526314,0.2105263157894736,0.0
2024-01-19 20:00:00,Deportivo Alavés,Cádiz,1,0,False,197,1456.259225506971,1414.9144424397284,41.34478306724259,7.0,0.8,1.6,0.8,1.0,5.197916666666667,0.6,1.6,0.6,1.2,45.4,4.519736842105264,67.1,2.6052631578947367,0.21710526315789463,1.0,41.9,5.315789473684211,73.8,3.0526315789473686,0.1842105263157894,0.0
2024-01-20 13:00:00,Rayo Vallecano de Madrid,UD Las Palmas,0,2,False,198,1497.0546775550793,1508.9060647832598,-11.851387228180556,14.0,0.4,1.2,0.8,0.8,7.0,1.2,0.8,1.4,0.8,51.2,3.8947368421052633,64.2,2.3684210526315788,0.1578947368421052,0.0,45.4,4.519736842105264,67.1,2.6052631578947367,0.21710526315789463,1.0
2024-01-20 15:15:00,Villarreal,RCD Mallorca,1,1,False,199,1432.8629515032937,1463.6952623144266,-30.832310811132857,7.09375,1.0,3.0,0.6,1.8,7.0,1.0,0.8,1.6,1.0,56.9,3.9210526315789473,73.2,2.3947368421052637,0.1052631578947368,0.0,41.1,3.8157894736842106,70.3,3.1578947368421053,0.131578947368421,0.0
2024-01-20 17:30:00,Valencia,Athletic Club,1,0,False,200,1523.3848654834765,1600.4426444551605,-77.057778971684,6.09375,1.8,0.8,2.0,1.4,7.0,1.6,0.4,2.6,1.0,52.0,3.947368421052632,70.0,2.4473684210526314,0.2105263157894736,0.0,51.6,3.3157894736842106,65.9,2.131578947368421,0.131578947368421,0.0
2024-01-20 20:00:00,RC Celta de Vigo,Real Sociedad de Fútbol,0,1,False,201,1448.3162763280868,1547.6821199209908,-99.36584359290396,7.197916666666667,1.2,1.0,1.6,1.0,7.104166666666667,1.0,0.6,1.2,0.8,50.2,3.526315789473684,60.4,2.236842105263158,0.1578947368421052,0.0,54.6,3.5,73.7,2.3684210526315788,0.0526315789473684,0.0
2024-01-21 13:00:00,CA Osasuna,Getafe,3,2,False,202,1463.4151808944555,1497.5439370213128,-34.1287561268573,14.0,1.2,1.0,1.6,1.2,14.0,1.4,1.4,1.4,1.2,48.0,3.8947368421052633,71.6,2.4473684210526314,0.1842105263157894,0.0,39.9,4.368421052631579,72.9,3.3157894736842106,0.2368421052631578,0.0
2024-01-21 15:15:00,Real Madrid,UD Almería,3,2,False,203,1642.1655970796655,1373.0790626609362,269.08653441872934,14.0,1.8,0.4,2.6,2.4,7.09375,0.6,1.2,0.4,1.8,60.9,3.5789473684210527,73.5,1.894736842105263,0.0789473684210526,0.0,45.1,5.342105263157895,68.0,2.5789473684210527,0.1052631578947368,0.0
2024-01-21 17:30:00,Real Betis Balompié,Barcelona,2,4,False,204,1529.0516317159347,1579.3537050524517,-50.30207333651697,7.895833333333333,0.8,0.8,1.2,1.2,14.0,1.8,1.6,2.0,1.0,50.6,3.842105263157895,71.9,2.1842105263157894,0.3947368421052631,0.0,64.3,2.763157894736842,81.0,2.210526315789474,0.1578947368421052,0.0
2024-01-21 20:00:00,Girona,Sevilla,5,1,False,205,1626.7284910075252,1437.121792669231,189.60669833829434,7.291666666666667,2.4,1.2,2.2,2.2,9.0,1.0,1.8,0.6,1.0,51.3,4.421052631578948,67.3,2.421052631578948,0.0789473684210526,0.0,52.6,4.2368421052631575,66.5,3.1842105263157894,0.3421052631578947,0.0
2024-01-22 20:00:00,Granada,Club Atlético de Madrid,0,1,False,206,1388.3972902494152,1569.624781358599,-181.2274911091838,9.0,0.6,1.2,0.8,1.2,14.0,1.8,2.0,1.4,1.8,45.4,4.519736842105264,67.1,2.6052631578947367,0.21710526315789463,1.0,50.6,3.3684210526315788,74.2,2.421052631578948,0.2105263157894736,0.0
2024-01-26 20:00:00,UD Almería,Deportivo Alavés,0,3,False,207,1370.5288632950883,1463.290513520425,-92.76165022533678,5.197916666666667,0.8,1.4,0.4,0.4,7.0,1.0,1.4,1.4,1.6,45.1,5.342105263157895,68.0,2.5789473684210527,0.1052631578947368,0.0,45.4,4.519736842105264,67.1,2.6052631578947367,0.21710526315789463,1.0
2024-01-27 13:00:00,Real Sociedad de Fútbol,Rayo Vallecano de Madrid,0,0,False,208,1556.6962046529104,1478.3380605076218,78.35814414528863,6.708333333333333,0.6,0.6,1.2,0.8,7.0,0.4,0.8,0.8,1.0,54.6,3.5,73.7,2.3684210526315788,0.0526315789473684,0.0,51.2,3.8947368421052633,64.2,2.3684210526315788,0.1578947368421052,0.0
2024-01-27 15:15:00,UD Las Palmas,Real Madrid,1,2,False,209,1527.6226818307173,1644.7157964455134,-117.09311461479615,7.09375,1.4,0.8,1.4,1.8,6.0,2.0,0.8,2.6,0.6,45.4,4.519736842105264,67.1,2.6052631578947367,0.21710526315789463,1.0,60.9,3.5789473684210527,73.5,1.894736842105263,0.0789473684210526,0.0
2024-01-27 17:30:00,Barcelona,Villarreal,3,5,False,210,1596.2907358024909,1431.8826844562764,164.4080513462145,6.0,2.4,2.0,2.0,1.8,7.09375,1.2,2.6,0.8,2.8,64.3,2.763157894736842,81.0,2.210526315789474,0.1578947368421052,0.0,56.9,3.9210526315789473,73.2,2.3947368421052637,0.1052631578947368,0.0
2024-01-27 20:00:00,RCD Mallorca,Real Betis Balompié,0,1,False,211,1464.675529361444,1512.1146009658955,-47.439071604451556,7.197916666666667,1.0,1.0,1.2,1.2,6.104166666666667,1.0,1.4,1.0,0.8,41.1,3.8157894736842106,70.3,3.1578947368421053,0.131578947368421,0.0,50.6,3.842105263157895,71.9,2.1842105263157894,0.3947368421052631,0.0
2024-01-28 13:00:00,RC Celta de Vigo,Girona,0,1,False,212,1439.3021915961672,1633.763758614176,-194.46156701800874,7.708333333333333,1.2,1.2,1.4,1.0,6.708333333333333,2.6,1.0,2.2,1.2,50.2,3.526315789473684,60.4,2.236842105263158,0.1578947368421052,0.0,51.3,4.421052631578948,67.3,2.421052631578948,0.0789473684210526,0.0
2024-01-28 15:15:00,Cádiz,Athletic Club,0,0,False,213,1407.8831544262744,1590.095732945855,-182.21257851958057,8.802083333333334,0.4,1.6,0.4,0.8,7.90625,1.4,0.4,2.4,1.0,41.9,5.315789473684211,73.8,3.0526315789473686,0.1842105263157894,0.0,51.6,3.3157894736842106,65.9,2.131578947368421,0.131578947368421,0.0
2024-01-28 17:30:00,Sevilla,CA Osasuna,1,1,False,214,1430.0865250625802,1472.5289661058387,-42.44244104325844,6.895833333333333,1.2,2.2,0.6,0.8,7.1875,1.6,1.2,2.0,2.6,52.6,4.2368421052631575,66.5,3.1842105263157894,0.3421052631578947,0.0,48.0,3.8947368421052633,71.6,2.4473684210526314,0.1842105263157894,0.0
2024-01-28 20:00:00,Club Atlético de Madrid,Valencia,2,0,False,215,1576.3989319373318,1533.731776992782,42.66715494454979,6.0,1.6,1.8,1.4,2.0,8.104166666666666,2.0,0.6,2.6,1.8,50.6,3.3684210526315788,74.2,2.421052631578948,0.2105263157894736,0.0,52.0,3.947368421052632,70.0,2.4473684210526314,0.2105263157894736,0.0
2024-01-29 20:00:00,Getafe,Granada,2,0,False,216,1488.4301518099296,1381.6231396706823,106.80701213924726,8.291666666666666,1.8,1.6,1.4,1.0,7.0,0.4,1.2,0.6,1.6,39.9,4.368421052631579,72.9,3.3157894736842106,0.2368421052631578,0.0,45.4,4.519736842105264,67.1,2.6052631578947367,0.21710526315789463,1.0
2024-01-31 18:00:00,Barcelona,CA Osasuna,1,0,False,217,1570.6392006738586,1473.1773140904209,97.46188658343772,4.020833333333333,2.6,2.2,2.0,2.2,3.0208333333333335,1.6,1.2,2.0,2.0,64.3,2.763157894736842,81.0,2.210526315789474,0.1578947368421052,0.0,48.0,3.8947368421052633,71.6,2.4473684210526314,0.1842105263157894,0.0
2024-01-31 20:00:00,Club Atlético de Madrid,Rayo Vallecano de Madrid,2,1,False,218,1587.7684407931688,1482.2449930366365,105.52344775653228,3.0,2.0,1.4,2.0,1.8,4.291666666666667,0.4,0.8,0.8,1.0,50.6,3.3684210526315788,74.2,2.421052631578948,0.2105263157894736,0.0,51.2,3.8947368421052633,64.2,2.3684210526315788,0.1578947368421052,0.0
2024-02-01 20:00:00,Getafe,Real Madrid,0,2,False,219,1497.2412109073484,1653.2275715720978,-155.98636066474933,3.0,2.0,1.6,1.4,1.2,5.197916666666667,2.2,0.8,3.0,0.6,39.9,4.368421052631579,72.9,3.3157894736842106,0.2368421052631578,0.0,60.9,3.5789473684210527,73.5,1.894736842105263,0.0789473684210526,0.0
2024-02-02 20:00:00,Athletic Club,RCD Mallorca,4,0,False,220,1586.8445041631169,1454.170515198536,132.67398896458099,5.197916666666667,1.0,0.4,2.0,2.6,6.0,1.0,1.2,1.0,1.0,51.6,3.3157894736842106,65.9,2.131578947368421,0.131578947368421,0.0,41.1,3.8157894736842106,70.3,3.1578947368421053,0.131578947368421,0.0
2024-02-03 13:00:00,Valencia,UD Almería,2,1,False,221,1522.362268136945,1354.4242228156977,167.93804532124727,5.708333333333333,1.8,0.8,2.4,1.2,7.708333333333333,0.8,2.0,0.2,2.2,52.0,3.947368421052632,70.0,2.4473684210526314,0.2105263157894736,0.0,45.1,5.342105263157895,68.0,2.5789473684210527,0.1052631578947368,0.0
2024-02-03 15:15:00,Granada,UD Las Palmas,1,1,False,222,1372.8120805732635,1519.110906704133,-146.29882613086943,4.802083333333333,0.4,1.4,0.6,0.8,7.0,1.4,1.0,1.2,0.6,45.4,4.519736842105264,67.1,2.6052631578947367,0.21710526315789463,1.0,45.4,4.519736842105264,67.1,2.6052631578947367,0.21710526315789463,1.0
2024-02-03 17:30:00,Deportivo Alavés,Barcelona,1,3,False,223,1479.3951539998156,1576.276595993309,-96.88144199349335,7.895833333333333,1.6,0.8,2.0,1.0,2.9791666666666665,2.6,2.0,2.4,1.0,45.4,4.519736842105264,67.1,2.6052631578947367,0.21710526315789463,1.0,64.3,2.763157894736842,81.0,2.210526315789474,0.1578947368421052,0.0
2024-02-03 20:00:00,Girona,Real Sociedad de Fútbol,0,0,False,224,1640.200942908109,1552.7892721238957,87.41167078421336,6.291666666666667,2.2,1.0,2.2,3.0,7.291666666666667,0.6,0.6,1.2,0.6,51.3,4.421052631578948,67.3,2.421052631578948,0.0789473684210526,0.0,54.6,3.5,73.7,2.3684210526315788,0.0526315789473684,0.0
2024-02-04 13:00:00,Villarreal,Cádiz,0,0,False,225,1457.5342195849087,1411.1343832090124,46.39983637589626,7.8125,2.0,2.4,1.4,1.8,6.90625,0.2,1.4,0.4,1.2,56.9,3.9210526315789473,73.2,2.3947368421052637,0.1052631578947368,0.0,41.9,5.315789473684211,73.8,3.0526315789473686,0.1842105263157894,0.0
2024-02-04 15:15:00,CA Osasuna,RC Celta de Vigo,0,3,False,226,1467.5399187709704,1432.865007302234,34.674911468736354,3.8854166666666665,1.4,1.4,1.4,1.4,7.09375,1.0,1.4,0.8,1.6,48.0,3.8947368421052633,71.6,2.4473684210526314,0.1842105263157894,0.0,50.2,3.526315789473684,60.4,2.236842105263158,0.1578947368421052,0.0
2024-02-04 17:30:00,Real Betis Balompié,Getafe,1,1,False,227,1522.6196151288036,1485.1520709917597,37.46754413704389,7.895833333333333,1.2,1.4,1.4,1.2,2.8958333333333335,1.4,2.0,0.8,1.8,50.6,3.842105263157895,71.9,2.1842105263157894,0.3947368421052631,0.0,39.9,4.368421052631579,72.9,3.3157894736842106,0.2368421052631578,0.0
2024-02-04 20:00:00,Real Madrid,Club Atlético de Madrid,1,1,False,228,1665.3167114876865,1593.2198821956324,72.09682929205405,3.0,1.8,0.6,3.0,3.0,4.0,1.8,1.0,2.4,1.8,60.9,3.5789473684210527,73.5,1.894736842105263,0.0789473684210526,0.0,50.6,3.3684210526315788,74.2,2.421052631578948,0.2105263157894736,0.0
2024-02-05 20:00:00,Rayo Vallecano de Madrid,Sevilla,1,2,False,229,1476.793551634173,1429.438177077998,47.355374556174866,5.0,0.6,1.0,0.8,0.4,8.104166666666666,0.8,2.4,0.2,1.8,51.2,3.8947368421052633,64.2,2.3684210526315788,0.1578947368421052,0.0,52.6,4.2368421052631575,66.5,3.1842105263157894,0.3421052631578947,0.0
2024-02-09 20:00:00,Cádiz,Real Betis Balompié,0,2,False,230,1414.2351885069777,1519.752997819612,-105.5178093126342,5.291666666666667,0.2,1.4,0.4,0.4,5.104166666666667,1.2,1.4,1.4,0.6,41.9,5.315789473684211,73.8,3.0526315789473686,0.1842105263157894,0.0,50.6,3.842105263157895,71.9,2.1842105263157894,0.3947368421052631,0.0
2024-02-10 13:00:00,Deportivo Alavés,Villarreal,1,1,False,231,1464.6321179853558,1454.4334142869434,10.198703698412373,6.8125,1.8,1.2,2.0,1.0,6.0,1.4,2.0,1.0,2.8,45.4,4.519736842105264,67.1,2.6052631578947367,0.21710526315789463,1.0,56.9,3.9210526315789473,73.2,2.3947368421052637,0.1052631578947368,0.0
2024-02-10 15:15:00,Real Sociedad de Fútbol,CA Osasuna,0,1,False,232,1556.9147363521024,1445.1527371844595,111.7619991676429,6.802083333333333,0.6,0.6,1.2,0.6,6.0,1.0,1.4,1.4,1.8,54.6,3.5,73.7,2.3684210526315788,0.0526315789473684,0.0,48.0,3.8947368421052633,71.6,2.4473684210526314,0.1842105263157894,0.0
2024-02-10 17:30:00,Real Madrid,Girona,4,0,False,233,1661.5635518804806,1636.0754786799023,25.488073200578356,5.895833333333333,1.8,0.8,2.6,2.2,6.895833333333333,2.0,0.8,2.2,0.8,60.9,3.5789473684210527,73.5,1.894736842105263,0.0789473684210526,0.0,51.3,4.421052631578948,67.3,2.421052631578948,0.0789473684210526,0.0
2024-02-10 20:00:00,UD Las Palmas,Valencia,2,0,False,234,1516.8127312343556,1526.5095126997803,-9.696781465424692,7.197916666666667,1.6,1.0,1.4,1.6,7.291666666666667,2.0,1.0,2.4,1.2,45.4,4.519736842105264,67.1,2.6052631578947367,0.21710526315789463,1.0,52.0,3.947368421052632,70.0,2.4473684210526314,0.2105263157894736,0.0
2024-02-11 13:00:00,Getafe,RC Celta de Vigo,3,2,False,235,1488.0186883009515,1455.252188888745,32.766499412206485,6.8125,1.0,1.6,0.8,1.0,6.90625,1.2,0.8,1.4,0.8,39.9,4.368421052631579,72.9,3.3157894736842106,0.2368421052631578,0.0,50.2,3.526315789473684,60.4,2.236842105263158,0.1578947368421052,0.0
2024-02-11 15:15:00,RCD Mallorca,Rayo Vallecano de Madrid,2,1,False,236,1445.0690555808999,1463.667909353403,-18.598853772503162,8.802083333333334,0.4,1.6,0.4,1.0,5.802083333333333,0.8,1.2,0.8,1.4,41.1,3.8157894736842106,70.3,3.1578947368421053,0.131578947368421,0.0,51.2,3.8947368421052633,64.2,2.3684210526315788,0.1578947368421052,0.0
2024-02-11 17:30:00,Sevilla,Club Atlético de Madrid,1,0,False,237,1442.563819358768,1596.9730418028382,-154.40922244407034,5.895833333333333,1.2,2.4,0.8,0.8,6.895833333333333,1.8,1.2,2.0,1.6,52.6,4.2368421052631575,66.5,3.1842105263157894,0.3421052631578947,0.0,50.6,3.3684210526315788,74.2,2.421052631578948,0.2105263157894736,0.0
2024-02-11 20:00:00,Barcelona,Granada,3,3,False,238,1591.039632007769,1375.1102560430409,215.92937596472802,8.104166666666666,2.6,1.8,2.4,2.0,8.197916666666666,0.6,1.0,0.8,1.8,64.3,2.763157894736842,81.0,2.210526315789474,0.1578947368421052,0.0,45.4,4.519736842105264,67.1,2.6052631578947367,0.21710526315789463,1.0
2024-02-12 20:00:00,UD Almería,Athletic Club,0,0,False,239,1350.2769782528624,1595.945963780753,-245.66898552789053,9.291666666666666,0.6,1.8,0.2,0.2,10.0,1.6,0.4,2.0,0.6,45.1,5.342105263157895,68.0,2.5789473684210527,0.1052631578947368,0.0,51.6,3.3157894736842106,65.9,2.131578947368421,0.131578947368421,0.0
2024-02-16 20:00:00,Villarreal,Getafe,1,1,False,240,1456.5646308110533,1495.276735025188,-38.71210421413457,6.291666666666667,1.4,1.6,1.2,1.4,5.291666666666667,1.6,1.6,1.4,1.8,56.9,3.9210526315789473,73.2,2.3947368421052637,0.1052631578947368,0.0,39.9,4.368421052631579,72.9,3.3157894736842106,0.2368421052631578,0.0
2024-02-17 13:00:00,Club Atlético de Madrid,UD Las Palmas,5,0,False,241,1584.4549791241877,1530.497756309842,53.95722281434564,5.8125,1.2,0.6,2.0,2.0,6.708333333333333,1.8,0.6,2.0,0.6,50.6,3.3684210526315788,74.2,2.421052631578948,0.2105263157894736,0.0,45.4,4.519736842105264,67.1,2.6052631578947367,0.21710526315789463,1.0
2024-02-17 15:15:00,CA Osasuna,Cádiz,2,0,False,242,1459.8425371246558,1399.8717129023155,59.9708242223403,7.0,1.0,1.4,1.4,1.2,7.802083333333333,0.2,1.4,0.4,1.0,48.0,3.8947368421052633,71.6,2.4473684210526314,0.1842105263157894,0.0,41.9,5.315789473684211,73.8,3.0526315789473686,0.1842105263157894,0.0
2024-02-17 17:30:00,RC Celta de Vigo,Barcelona,1,2,False,243,1447.9941421645085,1584.3515717038722,-136.3574295393637,6.1875,1.2,1.2,0.8,0.8,5.895833333333333,2.8,2.2,2.0,1.2,50.2,3.526315789473684,60.4,2.236842105263158,0.1578947368421052,0.0,64.3,2.763157894736842,81.0,2.210526315789474,0.1578947368421052,0.0
2024-02-17 20:00:00,Valencia,Sevilla,0,0,False,244,1512.8244876242939,1455.0818820374184,57.74260558687547,7.0,1.4,1.2,1.8,1.4,6.104166666666667,1.4,2.0,1.4,1.6,52.0,3.947368421052632,70.0,2.4473684210526314,0.2105263157894736,0.0,52.6,4.2368421052631575,66.5,3.1842105263157894,0.3421052631578947,0.0
2024-02-18 13:00:00,Rayo Vallecano de Madrid,Real Madrid,1,1,False,245,1454.9955575511565,1675.5376966308231,-220.54213907966664,6.90625,0.6,1.6,0.2,0.4,7.8125,2.4,0.8,2.6,0.4,51.2,3.8947368421052633,64.2,2.3684210526315788,0.1578947368421052,0.0,60.9,3.5789473684210527,73.5,1.894736842105263,0.0789473684210526,0.0
2024-02-18 15:15:00,Granada,UD Almería,1,1,False,246,1381.7983163469376,1355.0540334892037,26.74428285773388,6.802083333333333,0.8,1.6,0.4,0.8,5.802083333333333,0.6,1.6,0.4,2.2,45.4,4.519736842105264,67.1,2.6052631578947367,0.21710526315789463,1.0,45.1,5.342105263157895,68.0,2.5789473684210527,0.1052631578947368,0.0
2024-02-18 17:30:00,RCD Mallorca,Real Sociedad de Fútbol,1,2,False,247,1453.7414073831465,1542.2249364119061,-88.48352902875968,7.09375,0.8,1.6,1.0,1.4,8.09375,0.4,0.6,1.0,0.4,41.1,3.8157894736842106,70.3,3.1578947368421053,0.131578947368421,0.0,54.6,3.5,73.7,2.3684210526315788,0.0526315789473684,0.0
2024-02-18 20:00:00,Real Betis Balompié,Deportivo Alavés,0,0,False,248,1534.116473424274,1462.5009014612458,71.61557196302829,9.0,1.4,1.0,2.0,1.2,8.291666666666666,1.8,1.2,2.0,1.2,50.6,3.842105263157895,71.9,2.1842105263157894,0.3947368421052631,0.0,45.4,4.519736842105264,67.1,2.6052631578947367,0.21710526315789463,1.0
2024-02-19 20:00:00,Athletic Club,Girona,3,2,False,249,1591.1689085444116,1622.1013339295598,-30.932425385148235,7.0,1.2,0.4,1.6,2.6,9.104166666666666,1.2,1.0,1.6,1.4,51.6,3.3157894736842106,65.9,2.131578947368421,0.131578947368421,0.0,51.3,4.421052631578948,67.3,2.421052631578948,0.0789473684210526,0.0
2024-02-23 20:00:00,Real Sociedad de Fútbol,Villarreal,1,3,False,250,1551.550053545385,1455.8094449044756,95.74060864090939,5.104166666666667,0.6,0.4,1.6,0.6,7.0,1.6,1.2,1.4,2.8,54.6,3.5,73.7,2.3684210526315788,0.0526315789473684,0.0,56.9,3.9210526315789473,73.2,2.3947368421052637,0.1052631578947368,0.0
2024-02-24 15:15:00,Barcelona,Getafe,4,0,False,251,1592.3261391224855,1496.0319209317656,96.2942181907199,6.90625,2.4,2.0,2.0,2.4,7.802083333333333,1.4,1.2,1.6,1.6,64.3,2.763157894736842,81.0,2.210526315789474,0.1578947368421052,0.0,39.9,4.368421052631579,72.9,3.3157894736842106,0.2368421052631578,0.0
2024-02-24 17:30:00,Deportivo Alavés,RCD Mallorca,1,1,False,252,1466.242154365712,1444.4162902496676,21.825864116044386,5.895833333333333,1.2,0.8,1.6,0.6,6.0,0.8,1.8,0.8,1.4,45.4,4.519736842105264,67.1,2.6052631578947367,0.21710526315789463,1.0,41.1,3.8157894736842106,70.3,3.1578947368421053,0.131578947368421,0.0
2024-02-24 20:00:00,UD Almería,Club Atlético de Madrid,2,2,False,253,1357.6349358710622,1597.8628548241657,-240.22791895310343,6.197916666666667,0.8,1.8,0.4,0.0,7.291666666666667,2.0,0.6,2.0,1.6,45.1,5.342105263157895,68.0,2.5789473684210527,0.1052631578947368,0.0,50.6,3.3684210526315788,74.2,2.421052631578948,0.2105263157894736,0.0
2024-02-25 13:00:00,Cádiz,RC Celta de Vigo,2,2,False,254,1389.2270741262325,1440.0195747458952,-50.79250061966263,7.90625,0.0,1.0,0.4,0.4,7.8125,1.2,1.4,0.6,1.4,41.9,5.315789473684211,73.8,3.0526315789473686,0.1842105263157894,0.0,50.2,3.526315789473684,60.4,2.236842105263158,0.1578947368421052,0.0
2024-02-25 15:15:00,Real Betis Balompié,Athletic Club,3,1,False,255,1530.375220519808,1600.191495417711,-69.81627489790299,6.802083333333333,1.2,1.0,1.6,1.0,5.802083333333333,1.4,0.6,1.6,0.4,50.6,3.842105263157895,71.9,2.1842105263157894,0.3947368421052631,0.0,51.6,3.3157894736842106,65.9,2.131578947368421,0.131578947368421,0.0
2024-02-25 17:30:00,UD Las Palmas,CA Osasuna,1,1,False,256,1517.0898806098642,1470.4871759007387,46.60270470912542,8.1875,1.2,1.6,1.4,1.6,8.09375,0.8,1.0,1.4,1.2,45.4,4.519736842105264,67.1,2.6052631578947367,0.21710526315789463,1.0,48.0,3.8947368421052633,71.6,2.4473684210526314,0.1842105263157894,0.0
2024-02-25 20:00:00,Real Madrid,Sevilla,1,0,False,257,1671.337744070758,1458.4747083590541,212.8630357117038,7.291666666666667,2.0,0.6,2.2,2.6,8.0,1.0,1.4,1.6,1.4,60.9,3.5789473684210527,73.5,1.894736842105263,0.0789473684210526,0.0,52.6,4.2368421052631575,66.5,3.1842105263157894,0.3421052631578947,0.0
2024-02-26 20:00:00,Girona,Rayo Vallecano de Madrid,3,0,False,258,1613.0787470562605,1459.1955101112217,153.8832369450388,7.0,1.6,1.6,1.4,2.8,8.291666666666666,0.8,1.4,0.4,1.0,51.3,4.421052631578948,67.3,2.421052631578948,0.0789473684210526,0.0,51.2,3.8947368421052633,64.2,2.3684210526315788,0.1578947368421052,0.0
2024-03-01 20:00:00,RC Celta de Vigo,UD Almería,1,0,False,259,1440.4282716679456,1362.2902215998206,78.13805006812504,5.291666666666667,1.6,1.6,0.8,0.8,6.0,0.8,1.6,0.6,2.0,50.2,3.526315789473684,60.4,2.236842105263158,0.1578947368421052,0.0,45.1,5.342105263157895,68.0,2.5789473684210527,0.1052631578947368,0.0
2024-03-02 13:00:00,Sevilla,Real Sociedad de Fútbol,3,2,False,260,1455.113701148023,1528.27614570809,-73.16244456006712,5.708333333333333,0.8,0.6,1.6,0.8,7.708333333333333,0.6,1.0,1.0,0.6,52.6,4.2368421052631575,66.5,3.1842105263157894,0.3421052631578947,0.0,54.6,3.5,73.7,2.3684210526315788,0.0526315789473684,0.0
2024-03-02 15:15:00,Rayo Vallecano de Madrid,Cádiz,1,1,False,261,1451.4613828904073,1388.818377204182,62.64300568622525,4.802083333333333,0.8,2.0,0.2,0.4,6.09375,0.4,1.2,0.6,1.2,51.2,3.8947368421052633,64.2,2.3684210526315788,0.1578947368421052,0.0,41.9,5.315789473684211,73.8,3.0526315789473686,0.1842105263157894,0.0
2024-03-02 17:30:00,Getafe,UD Las Palmas,3,3,False,262,1485.4107078981065,1513.9837986692637,-28.57309077115724,7.09375,1.0,2.0,1.0,1.2,6.0,1.0,1.8,1.0,1.4,39.9,4.368421052631579,72.9,3.3157894736842106,0.2368421052631578,0.0,45.4,4.519736842105264,67.1,2.6052631578947367,0.21710526315789463,1.0
2024-03-02 20:00:00,Valencia,Real Madrid,2,2,False,263,1509.431661302658,1674.698751281789,-165.26708997913101,14.0,0.6,1.0,1.4,1.4,6.0,1.8,0.4,2.2,0.6,52.0,3.947368421052632,70.0,2.4473684210526314,0.2105263157894736,0.0,60.9,3.5789473684210527,73.5,1.894736842105263,0.0789473684210526,0.0
2024-03-03 13:00:00,Villarreal,Granada,5,1,False,264,1479.0833527417706,1379.217413965079,99.86593877669156,8.708333333333334,2.0,1.2,1.8,1.0,13.90625,1.0,1.6,0.6,1.8,56.9,3.9210526315789473,73.2,2.3947368421052637,0.1052631578947368,0.0,45.4,4.519736842105264,67.1,2.6052631578947367,0.21710526315789463,1.0
2024-03-03 15:15:00,Club Atlético de Madrid,Real Betis Balompié,2,1,False,265,1593.2075690954073,1546.850469335735,46.35709975967234,7.802083333333333,2.0,1.0,1.6,2.6,7.0,1.4,0.4,2.2,0.4,50.6,3.3684210526315788,74.2,2.421052631578948,0.2105263157894736,0.0,50.6,3.842105263157895,71.9,2.1842105263157894,0.3947368421052631,0.0
2024-03-03 17:30:00,RCD Mallorca,Girona,1,0,False,266,1446.864583138478,1620.8128742770748,-173.9482911385967,8.0,0.8,1.8,0.8,1.4,5.895833333333333,1.2,1.4,1.4,1.6,41.1,3.8157894736842106,70.3,3.1578947368421053,0.131578947368421,0.0,51.3,4.421052631578948,67.3,2.421052631578948,0.0789473684210526,0.0
2024-03-03 20:00:00,Athletic Club,Barcelona,0,0,False,267,1583.716246601784,1602.9473521561447,-19.231105554360738,7.197916666666667,1.6,1.0,1.6,2.4,8.197916666666666,2.6,1.0,2.6,1.2,51.6,3.3157894736842106,65.9,2.131578947368421,0.131578947368421,0.0,64.3,2.763157894736842,81.0,2.210526315789474,0.1578947368421052,0.0
2024-03-04 20:00:00,CA Osasuna,Deportivo Alavés,1,0,False,268,1473.5932578413392,1463.7938614769014,9.799396364437825,8.104166666666666,0.8,1.0,1.4,1.4,9.104166666666666,1.2,1.0,1.2,1.2,48.0,3.8947368421052633,71.6,2.4473684210526314,0.1842105263157894,0.0,45.4,4.519736842105264,67.1,2.6052631578947367,0.21710526315789463,1.0
2024-03-08 20:00:00,Barcelona,RCD Mallorca,1,0,False,269,1604.2571191455856,1459.9014729578773,144.35564618770832,5.0,2.4,1.0,2.2,2.8,5.104166666666667,1.0,1.6,1.4,1.4,64.3,2.763157894736842,81.0,2.210526315789474,0.1578947368421052,0.0,41.1,3.8157894736842106,70.3,3.1578947368421053,0.131578947368421,0.0
2024-03-09 13:00:00,Valencia,Getafe,1,0,False,270,1512.2400439823948,1484.3660820482971,27.87396193409768,6.708333333333333,0.8,1.4,1.0,1.6,6.8125,1.6,2.2,1.2,2.4,52.0,3.947368421052632,70.0,2.4473684210526314,0.2105263157894736,0.0,39.9,4.368421052631579,72.9,3.3157894736842106,0.2368421052631578,0.0
2024-03-09 15:15:00,Cádiz,Club Atlético de Madrid,2,0,False,271,1392.335409710692,1600.1078756284733,-207.77246591778135,7.0,0.6,1.4,0.6,0.6,6.0,2.0,1.0,1.6,1.6,41.9,5.315789473684211,73.8,3.0526315789473686,0.1842105263157894,0.0,50.6,3.3684210526315788,74.2,2.421052631578948,0.2105263157894736,0.0
2024-03-09 17:30:00,Granada,Real Sociedad de Fútbol,2,3,False,272,1368.7520266640056,1518.0412548821364,-149.2892282181308,6.1875,1.2,2.4,0.6,0.8,7.1875,1.0,1.6,0.8,1.2,45.4,4.519736842105264,67.1,2.6052631578947367,0.21710526315789463,1.0,54.6,3.5,73.7,2.3684210526315788,0.0526315789473684,0.0
2024-03-09 20:00:00,Girona,CA Osasuna,2,0,False,273,1607.7759844576756,1481.473014968026,126.30296948964951,6.104166666666667,1.0,1.6,0.8,3.0,5.0,1.0,0.8,2.0,1.2,51.3,4.421052631578948,67.3,2.421052631578948,0.0789473684210526,0.0,48.0,3.8947368421052633,71.6,2.4473684210526314,0.1842105263157894,0.0
2024-03-10 13:00:00,Deportivo Alavés,Rayo Vallecano de Madrid,1,0,False,274,1455.9141043502145,1447.9443503838975,7.969753966317057,5.708333333333333,0.6,1.2,0.6,0.8,7.90625,0.8,1.8,0.4,1.4,45.4,4.519736842105264,67.1,2.6052631578947367,0.21710526315789463,1.0,51.2,3.8947368421052633,64.2,2.3684210526315788,0.1578947368421052,0.0
2024-03-10 15:15:00,UD Las Palmas,Athletic Club,0,2,False,275,1515.028424519073,1582.406479612343,-67.37805509326995,7.90625,1.4,2.0,1.2,1.6,6.802083333333333,1.6,1.0,1.6,0.8,45.4,4.519736842105264,67.1,2.6052631578947367,0.21710526315789463,1.0,51.6,3.3157894736842106,65.9,2.131578947368421,0.131578947368421,0.0
2024-03-10 17:30:00,Real Madrid,RC Celta de Vigo,4,0,False,276,1671.8903686020524,1446.5267083296899,225.3636602723625,7.895833333333333,1.8,0.8,1.8,2.0,8.895833333333334,1.8,1.4,1.4,1.8,60.9,3.5789473684210527,73.5,1.894736842105263,0.0789473684210526,0.0,50.2,3.526315789473684,60.4,2.236842105263158,0.1578947368421052,0.0
2024-03-10 20:00:00,Real Betis Balompié,Villarreal,2,3,False,277,1539.950162802669,1489.548740042844,50.40142275982498,7.197916666666667,1.4,0.8,1.6,1.4,7.291666666666667,2.0,0.8,1.8,2.2,50.6,3.842105263157895,71.9,2.1842105263157894,0.3947368421052631,0.0,56.9,3.9210526315789473,73.2,2.3947368421052637,0.1052631578947368,0.0
2024-03-11 20:00:00,UD Almería,Sevilla,2,2,False,278,1356.1917849380764,1465.3485919739767,-109.15680703590033,10.0,0.8,1.2,0.6,0.4,9.291666666666666,1.2,0.8,2.0,1.6,45.1,5.342105263157895,68.0,2.5789473684210527,0.1052631578947368,0.0,52.6,4.2368421052631575,66.5,3.1842105263157894,0.3421052631578947,0.0
2024-03-15 20:00:00,Real Sociedad de Fútbol,Cádiz,2,0,False,279,1525.6617175874783,1414.9109481735748,110.75076941390353,6.104166666666667,1.6,2.0,1.2,0.4,6.197916666666667,1.0,1.4,1.0,1.2,54.6,3.5,73.7,2.3684210526315788,0.0526315789473684,0.0,41.9,5.315789473684211,73.8,3.0526315789473686,0.1842105263157894,0.0
2024-03-16 13:00:00,RCD Mallorca,Granada,1,0,False,280,1455.2902592263622,1361.1315639586637,94.15869526769848,7.708333333333333,1.0,1.0,1.4,1.0,6.8125,1.6,2.6,0.6,2.4,41.1,3.8157894736842106,70.3,3.1578947368421053,0.131578947368421,0.0,45.4,4.519736842105264,67.1,2.6052631578947367,0.21710526315789463,1.0
2024-03-16 15:15:00,CA Osasuna,Real Madrid,2,4,False,281,1473.3639465558517,1677.8239414462157,-204.459994890364,6.802083333333333,1.0,0.6,2.0,1.4,5.90625,2.4,0.6,2.2,0.8,48.0,3.8947368421052633,71.6,2.4473684210526314,0.1842105263157894,0.0,60.9,3.5789473684210527,73.5,1.894736842105263,0.0789473684210526,0.0
2024-03-16 17:30:00,Getafe,Girona,1,0,False,282,1476.9773078262851,1615.88505286985,-138.90774504356477,7.1875,1.4,2.2,1.0,1.6,6.895833333333333,1.4,1.6,1.2,1.6,39.9,4.368421052631579,72.9,3.3157894736842106,0.2368421052631578,0.0,51.3,4.421052631578948,67.3,2.421052631578948,0.0789473684210526,0.0
2024-03-16 20:00:00,Athletic Club,Deportivo Alavés,2,0,False,283,1598.5452567168593,1463.844211217122,134.70104549973735,6.197916666666667,1.2,1.0,1.6,2.0,6.291666666666667,0.6,0.6,1.2,0.8,51.6,3.3157894736842106,65.9,2.131578947368421,0.131578947368421,0.0,45.4,4.519736842105264,67.1,2.6052631578947367,0.21710526315789463,1.0
2024-03-17 13:00:00,Sevilla,RC Celta de Vigo,1,2,False,284,1464.0844560133519,1440.5931354855265,23.491320527825337,5.708333333333333,1.2,1.0,1.6,1.4,6.8125,1.2,2.2,0.8,2.0,52.6,4.2368421052631575,66.5,3.1842105263157894,0.3421052631578947,0.0,50.2,3.526315789473684,60.4,2.236842105263158,0.1578947368421052,0.0
2024-03-17 15:15:00,Villarreal,Valencia,1,0,False,285,1502.7532711670517,1519.6288182044068,-16.87554703735509,6.802083333333333,2.6,1.2,2.2,2.0,8.09375,1.0,1.0,1.6,1.2,56.9,3.9210526315789473,73.2,2.3947368421052637,0.1052631578947368,0.0,52.0,3.947368421052632,70.0,2.4473684210526314,0.2105263157894736,0.0
2024-03-17 15:15:00,UD Las Palmas,UD Almería,0,1,False,286,1498.8896474145567,1357.4559208987012,141.4337265158556,7.0,1.2,2.2,1.0,1.4,5.802083333333333,1.0,1.2,0.8,1.6,45.4,4.519736842105264,67.1,2.6052631578947367,0.21710526315789463,1.0,45.1,5.342105263157895,68.0,2.5789473684210527,0.1052631578947368,0.0
2024-03-17 17:30:00,Rayo Vallecano de Madrid,Real Betis Balompié,2,0,False,287,1440.01424351699,1526.7456316784612,-86.73138816147116,7.1875,0.6,1.6,0.4,0.6,6.895833333333333,1.6,1.2,1.4,0.8,51.2,3.8947368421052633,64.2,2.3684210526315788,0.1578947368421052,0.0,50.6,3.842105263157895,71.9,2.1842105263157894,0.3947368421052631,0.0
2024-03-17 20:00:00,Club Atlético de Madrid,Barcelona,0,3,False,288,1577.5323371655904,1608.8683328771008,-31.33599571151035,8.197916666666666,1.8,1.2,1.4,2.4,9.0,2.0,0.8,2.2,1.0,50.6,3.3684210526315788,74.2,2.421052631578948,0.2105263157894736,0.0,64.3,2.763157894736842,81.0,2.210526315789474,0.1578947368421052,0.0
2024-03-29 20:00:00,Cádiz,Granada,1,0,False,289,1406.244928758199,1355.416871566248,50.828057191951075,14.0,1.0,1.4,1.0,1.0,13.291666666666666,1.4,2.6,0.4,2.4,41.9,5.315789473684211,73.8,3.0526315789473686,0.1842105263157894,0.0,45.4,4.519736842105264,67.1,2.6052631578947367,0.21710526315789463,1.0
2024-03-30 13:00:00,Getafe,Sevilla,0,1,False,290,1489.073027319006,1451.591153934882,37.48187338412413,13.8125,1.0,1.8,1.0,1.8,13.0,1.2,1.4,1.0,1.8,39.9,4.368421052631579,72.9,3.3157894736842106,0.2368421052631578,0.0,52.6,4.2368421052631575,66.5,3.1842105263157894,0.3421052631578947,0.0
2024-03-30 15:15:00,UD Almería,CA Osasuna,0,3,False,291,1372.7847589899668,1463.307546662858,-90.52278767289113,13.0,1.2,1.2,1.2,0.8,14.0,1.2,1.4,1.4,1.0,45.1,5.342105263157895,68.0,2.5789473684210527,0.1052631578947368,0.0,48.0,3.8947368421052633,71.6,2.4473684210526314,0.1842105263157894,0.0
2024-03-30 17:30:00,Valencia,RCD Mallorca,0,0,False,292,1511.0051604040964,1461.004951618778,50.000208785318364,13.09375,0.6,1.0,1.0,1.2,14.0,0.8,0.8,1.4,1.6,52.0,3.947368421052632,70.0,2.4473684210526314,0.2105263157894736,0.0,41.1,3.8157894736842106,70.3,3.1578947368421053,0.131578947368421,0.0
2024-03-30 20:00:00,Barcelona,UD Las Palmas,1,0,False,293,1628.05867031389,1483.560809323291,144.49786099059884,13.0,2.0,0.2,2.6,2.4,13.197916666666666,0.8,2.4,0.4,2.0,64.3,2.763157894736842,81.0,2.210526315789474,0.1578947368421052,0.0,45.4,4.519736842105264,67.1,2.6052631578947367,0.21710526315789463,1.0
2024-03-31 12:00:00,RC Celta de Vigo,Rayo Vallecano de Madrid,0,0,False,294,1453.0864375639965,1457.2793245120674,-4.192886948070964,13.958333333333334,1.2,1.8,1.4,0.8,13.770833333333334,0.8,1.2,1.0,1.6,50.2,3.526315789473684,60.4,2.236842105263158,0.1578947368421052,0.0,51.2,3.8947368421052633,64.2,2.3684210526315788,0.1578947368421052,0.0
2024-03-31 14:15:00,Girona,Real Betis Balompié,3,2,False,295,1603.789333377129,1509.4805506833839,94.30878269374512,14.0,1.4,1.0,1.2,2.8,13.864583333333334,1.2,1.6,0.8,1.2,51.3,4.421052631578948,67.3,2.421052631578948,0.0789473684210526,0.0,50.6,3.842105263157895,71.9,2.1842105263157894,0.3947368421052631,0.0
2024-03-31 16:30:00,Deportivo Alavés,Real Sociedad de Fútbol,0,1,False,296,1456.025772797156,1534.327737002854,-78.30196420569814,14.0,0.4,0.8,1.0,1.0,14.0,2.0,1.8,1.8,1.2,45.4,4.519736842105264,67.1,2.6052631578947367,0.21710526315789463,1.0,54.6,3.5,73.7,2.3684210526315788,0.0526315789473684,0.0
2024-03-31 19:00:00,Real Madrid,Athletic Club,2,0,False,297,1687.8803413392095,1606.3636951368253,81.51664620238421,14.0,2.4,1.0,2.2,2.6,14.0,1.6,1.0,2.0,0.8,60.9,3.5789473684210527,73.5,1.894736842105263,0.0789473684210526,0.0,51.6,3.3157894736842106,65.9,2.131578947368421,0.131578947368421,0.0
2024-04-01 19:00:00,Villarreal,Club Atlético de Madrid,1,2,False,298,1511.3769289673621,1558.3419997288013,-46.965070761439165,14.0,2.6,1.0,2.6,1.6,14.0,1.8,1.6,1.4,1.2,56.9,3.9210526315789473,73.2,2.3947368421052637,0.1052631578947368,0.0,50.6,3.3684210526315788,74.2,2.421052631578948,0.2105263157894736,0.0
2024-04-04 18:00:00,Granada,Valencia,0,1,False,299,1348.6324168899114,1507.8109951249887,-159.17857823507734,5.916666666666667,0.8,2.2,0.2,1.2,5.020833333333333,0.6,0.6,1.2,1.2,45.4,4.519736842105264,67.1,2.6052631578947367,0.21710526315789463,1.0,52.0,3.947368421052632,70.0,2.4473684210526314,0.2105263157894736,0.0
2024-04-12 19:00:00,Real Betis Balompié,RC Celta de Vigo,2,1,False,300,1503.7693842076885,1451.3539216691531,52.415462538535394,12.197916666666666,1.6,2.2,0.6,1.6,12.291666666666666,1.0,1.4,1.6,2.0,50.6,3.842105263157895,71.9,2.1842105263157894,0.3947368421052631,0.0,50.2,3.526315789473684,60.4,2.236842105263158,0.1578947368421052,0.0
2024-04-13 12:00:00,Club Atlético de Madrid,Girona,3,1,False,301,1568.8606209920947,1609.5004998528243,-40.639878860729596,11.708333333333334,1.2,1.8,1.4,2.2,12.90625,1.6,0.8,1.8,1.8,50.6,3.3684210526315788,74.2,2.421052631578948,0.2105263157894736,0.0,51.3,4.421052631578948,67.3,2.421052631578948,0.0789473684210526,0.0
2024-04-13 14:15:00,Rayo Vallecano de Madrid,Getafe,0,0,False,302,1459.0118404069108,1476.206031476728,-17.19419106981718,13.09375,0.6,1.0,1.0,1.0,14.0,0.8,1.8,0.8,2.0,51.2,3.8947368421052633,64.2,2.3684210526315788,0.1578947368421052,0.0,39.9,4.368421052631579,72.9,3.3157894736842106,0.2368421052631578,0.0
2024-04-13 16:30:00,RCD Mallorca,Real Madrid,0,1,False,303,1464.1991168978857,1697.6568445584078,-233.4577276605221,13.958333333333334,0.6,0.4,1.6,1.0,12.895833333333334,2.6,0.8,2.6,1.2,41.1,3.8157894736842106,70.3,3.1578947368421053,0.131578947368421,0.0,60.9,3.5789473684210527,73.5,1.894736842105263,0.0789473684210526,0.0
2024-04-13 19:00:00,Cádiz,Barcelona,0,1,False,304,1413.0293834345355,1632.6669800607556,-219.6375966262201,14.0,1.2,1.0,1.6,1.0,13.958333333333334,1.8,0.0,2.6,0.8,41.9,5.315789473684211,73.8,3.0526315789473686,0.1842105263157894,0.0,64.3,2.763157894736842,81.0,2.210526315789474,0.1578947368421052,0.0
2024-04-14 12:00:00,UD Las Palmas,Sevilla,0,2,False,305,1478.9524995764255,1464.45814977716,14.494349799265365,14.0,0.8,1.6,0.4,0.8,14.0,1.4,1.4,1.4,0.8,45.4,4.519736842105264,67.1,2.6052631578947367,0.21710526315789463,1.0,52.6,4.2368421052631575,66.5,3.1842105263157894,0.3421052631578947,0.0
2024-04-14 14:15:00,Granada,Deportivo Alavés,2,0,False,306,1341.2785977670096,1446.4084471432886,-105.12984937627903,9.84375,0.6,2.2,0.0,0.8,13.90625,0.4,1.0,0.8,1.0,45.4,4.519736842105264,67.1,2.6052631578947367,0.21710526315789463,1.0,45.4,4.519736842105264,67.1,2.6052631578947367,0.21710526315789463,1.0
2024-04-14 16:30:00,Athletic Club,Villarreal,1,1,False,307,1596.587191917627,1500.8583077040687,95.72888421355833,13.895833333333334,1.0,1.0,1.4,2.2,12.895833333333334,2.6,1.2,2.4,2.0,51.6,3.3157894736842106,65.9,2.131578947368421,0.131578947368421,0.0,56.9,3.9210526315789473,73.2,2.3947368421052637,0.1052631578947368,0.0
2024-04-14 19:00:00,Real Sociedad de Fútbol,UD Almería,2,2,False,308,1543.9450626567213,1356.5680100300945,187.3770526266269,14.0,1.8,1.6,1.8,0.8,14.0,1.0,1.6,1.0,1.4,54.6,3.5,73.7,2.3684210526315788,0.0526315789473684,0.0,45.1,5.342105263157895,68.0,2.5789473684210527,0.1052631578947368,0.0
2024-04-15 19:00:00,CA Osasuna,Valencia,0,1,False,309,1479.5242956227303,1515.1648142478905,-35.64051862516021,14.0,1.4,1.4,1.4,1.6,11.041666666666666,0.8,0.6,1.6,1.2,48.0,3.8947368421052633,71.6,2.4473684210526314,0.1842105263157894,0.0,52.0,3.947368421052632,70.0,2.4473684210526314,0.2105263157894736,0.0
2024-04-19 19:00:00,Athletic Club,Granada,1,1,False,310,1592.2650615072737,1359.3972190332174,232.86784247405626,5.104166666666667,1.0,0.6,1.6,2.0,5.197916666666667,0.8,1.2,0.6,2.4,51.6,3.3157894736842106,65.9,2.131578947368421,0.131578947368421,0.0,45.4,4.519736842105264,67.1,2.6052631578947367,0.21710526315789463,1.0
2024-04-20 12:00:00,RC Celta de Vigo,UD Las Palmas,4,1,False,311,1444.61037167083,1459.047999325316,-14.437627654485823,7.708333333333333,0.8,1.4,1.4,0.4,6.0,0.6,1.8,0.2,2.0,50.2,3.526315789473684,60.4,2.236842105263158,0.1578947368421052,0.0,45.4,4.519736842105264,67.1,2.6052631578947367,0.21710526315789463,1.0
2024-04-20 14:15:00,Rayo Vallecano de Madrid,CA Osasuna,2,1,False,312,1457.6444969192728,1468.681267503919,-11.036770584646092,7.0,0.6,0.4,1.2,1.0,4.802083333333333,1.2,1.4,1.2,0.8,51.2,3.8947368421052633,64.2,2.3684210526315788,0.1578947368421052,0.0,48.0,3.8947368421052633,71.6,2.4473684210526314,0.1842105263157894,0.0
2024-04-20 16:30:00,Valencia,Real Betis Balompié,1,2,False,313,1526.0078423667019,1510.5129342060116,15.49490816069033,4.895833333333333,0.6,0.2,2.0,1.0,7.895833333333333,1.4,2.2,0.6,1.4,52.0,3.947368421052632,70.0,2.4473684210526314,0.2105263157894736,0.0,50.6,3.842105263157895,71.9,2.1842105263157894,0.3947368421052631,0.0
2024-04-20 19:00:00,Girona,Cádiz,4,1,False,314,1594.3879900550996,1407.2078701860046,187.18011986909505,7.291666666666667,1.2,1.4,1.2,2.6,7.0,0.8,0.8,1.4,1.2,51.3,4.421052631578948,67.3,2.421052631578948,0.0789473684210526,0.0,41.9,5.315789473684211,73.8,3.0526315789473686,0.1842105263157894,0.0
2024-04-21 12:00:00,Getafe,Real Sociedad de Fútbol,1,1,False,315,1477.573374964366,1537.7364857741877,-60.163110809821774,7.90625,0.8,1.0,1.0,1.4,6.708333333333333,2.0,1.4,2.0,1.2,39.9,4.368421052631579,72.9,3.3157894736842106,0.2368421052631578,0.0,54.6,3.5,73.7,2.3684210526315788,0.0526315789473684,0.0
2024-04-21 14:15:00,UD Almería,Villarreal,1,2,False,316,1362.776586912628,1505.180438114422,-142.40385120179394,6.802083333333333,1.0,1.6,1.0,0.8,6.90625,2.2,1.2,2.0,1.6,45.1,5.342105263157895,68.0,2.5789473684210527,0.1052631578947368,0.0,56.9,3.9210526315789473,73.2,2.3947368421052637,0.1052631578947368,0.0
2024-04-21 16:30:00,Deportivo Alavés,Club Atlético de Madrid,2,0,False,317,1428.2898258770808,1583.9731307898194,-155.68330491273855,7.09375,0.2,1.2,0.6,0.8,8.1875,1.4,1.6,1.8,1.4,45.4,4.519736842105264,67.1,2.6052631578947367,0.21710526315789463,1.0,50.6,3.3684210526315788,74.2,2.421052631578948,0.2105263157894736,0.0
2024-04-21 19:00:00,Real Madrid,Barcelona,3,2,False,318,1703.1555683548975,1638.4884933092865,64.667075045611,8.104166666666666,2.6,0.8,2.6,2.4,8.0,1.2,0.0,2.6,0.4,60.9,3.5789473684210527,73.5,1.894736842105263,0.0789473684210526,0.0,64.3,2.763157894736842,81.0,2.210526315789474,0.1578947368421052,0.0
2024-04-22 19:00:00,Sevilla,RCD Mallorca,2,1,False,319,1484.3626500282696,1458.700393101396,25.662256926873624,8.291666666666666,1.8,1.2,2.0,1.6,9.104166666666666,0.4,0.4,1.4,1.4,52.6,4.2368421052631575,66.5,3.1842105263157894,0.3421052631578947,0.0,41.1,3.8157894736842106,70.3,3.1578947368421053,0.131578947368421,0.0
2024-04-26 19:00:00,Real Sociedad de Fútbol,Real Madrid,0,1,False,320,1537.8756936426785,1709.5875895702866,-171.7118959276081,5.291666666666667,1.8,1.0,2.2,1.0,5.0,2.8,0.8,3.0,1.0,54.6,3.5,73.7,2.3684210526315788,0.0526315789473684,0.0,60.9,3.5789473684210527,73.5,1.894736842105263,0.0789473684210526,0.0
2024-04-27 12:00:00,UD Las Palmas,Girona,0,2,False,321,1444.0769495085667,1601.0290784298732,-156.95212892130644,7.0,0.2,2.0,0.0,0.6,6.708333333333333,2.0,1.4,1.8,2.4,45.4,4.519736842105264,67.1,2.6052631578947367,0.21710526315789463,1.0,51.3,4.421052631578948,67.3,2.421052631578948,0.0789473684210526,0.0
2024-04-27 14:15:00,UD Almería,Getafe,1,3,False,322,1354.96830720353,1477.4341670958752,-122.46585989234518,6.0,1.2,1.8,1.0,1.0,6.09375,0.4,0.6,1.0,1.4,45.1,5.342105263157895,68.0,2.5789473684210527,0.1052631578947368,0.0,39.9,4.368421052631579,72.9,3.3157894736842106,0.2368421052631578,0.0
2024-04-27 16:30:00,Deportivo Alavés,RC Celta de Vigo,3,0,False,323,1448.6874380177273,1459.5814214875793,-10.893983469851946,6.0,0.6,1.0,1.2,1.0,7.1875,1.4,1.6,1.4,2.4,45.4,4.519736842105264,67.1,2.6052631578947367,0.21710526315789463,1.0,50.2,3.526315789473684,60.4,2.236842105263158,0.1578947368421052,0.0
2024-04-27 19:00:00,Club Atlético de Madrid,Athletic Club,3,1,False,324,1563.5755186491729,1585.3162536068771,-21.740734957704262,6.104166666666667,1.0,1.8,1.2,2.4,8.0,1.2,0.8,1.6,1.0,50.6,3.3684210526315788,74.2,2.421052631578948,0.2105263157894736,0.0,51.6,3.3157894736842106,65.9,2.131578947368421,0.131578947368421,0.0
2024-04-28 12:00:00,Cádiz,RCD Mallorca,1,1,False,325,1400.566781811231,1451.252203451088,-50.68542163985694,7.708333333333333,0.8,1.4,1.2,1.0,5.708333333333333,0.4,0.8,0.8,1.6,41.9,5.315789473684211,73.8,3.0526315789473686,0.1842105263157894,0.0,41.1,3.8157894736842106,70.3,3.1578947368421053,0.131578947368421,0.0
2024-04-28 14:15:00,Granada,CA Osasuna,3,0,False,326,1366.346026933614,1460.2220838210442,-93.8760568874302,8.802083333333334,0.6,0.8,0.8,1.2,8.0,1.2,1.8,0.6,1.0,45.4,4.519736842105264,67.1,2.6052631578947367,0.21710526315789463,1.0,48.0,3.8947368421052633,71.6,2.4473684210526314,0.1842105263157894,0.0
2024-04-28 16:30:00,Villarreal,Rayo Vallecano de Madrid,3,0,False,327,1512.9887178235201,1466.1036806021475,46.88503722137261,7.09375,1.6,1.2,2.0,1.6,8.09375,0.8,0.4,1.6,1.6,56.9,3.9210526315789473,73.2,2.3947368421052637,0.1052631578947368,0.0,51.2,3.8947368421052633,64.2,2.3684210526315788,0.1578947368421052,0.0
2024-04-28 19:00:00,Real Betis Balompié,Sevilla,1,1,False,328,1522.7891815268385,1491.8108396785776,30.978341848260925,8.104166666666666,1.6,2.0,1.2,1.6,6.0,1.6,1.0,2.0,0.6,50.6,3.842105263157895,71.9,2.1842105263157894,0.3947368421052631,0.0,52.6,4.2368421052631575,66.5,3.1842105263157894,0.3421052631578947,0.0
2024-04-29 19:00:00,Barcelona,Valencia,4,2,False,329,1632.0564720938974,1513.7315950458749,118.32487704802247,8.0,1.6,0.6,2.4,2.0,9.104166666666666,0.6,0.6,1.4,1.0,64.3,2.763157894736842,81.0,2.210526315789474,0.1578947368421052,0.0,52.0,3.947368421052632,70.0,2.4473684210526314,0.2105263157894736,0.0
2024-05-03 19:00:00,Getafe,Athletic Club,0,2,False,330,1491.0206609227541,1571.0791528145728,-80.05849189181868,6.197916666666667,1.0,0.6,1.6,1.6,6.0,1.0,1.4,1.0,1.6,39.9,4.368421052631579,72.9,3.3157894736842106,0.2368421052631578,0.0,51.6,3.3157894736842106,65.9,2.131578947368421,0.131578947368421,0.0
2024-05-04 12:00:00,Real Sociedad de Fútbol,UD Las Palmas,2,0,False,331,1530.8540377221032,1432.0299881633243,98.82404955877882,7.708333333333333,1.2,0.8,1.6,1.0,7.0,0.2,2.0,0.0,2.8,54.6,3.5,73.7,2.3684210526315788,0.0526315789473684,0.0,45.4,4.519736842105264,67.1,2.6052631578947367,0.21710526315789463,1.0
2024-05-04 14:15:00,Real Madrid,Cádiz,3,0,False,332,1716.609245490862,1400.1550080951802,316.45423739568173,7.802083333333333,2.2,0.8,3.0,2.8,6.09375,0.6,1.6,0.8,1.8,60.9,3.5789473684210527,73.5,1.894736842105263,0.0789473684210526,0.0,41.9,5.315789473684211,73.8,3.0526315789473686,0.1842105263157894,0.0
2024-05-04 16:30:00,Girona,Barcelona,4,2,False,333,1613.0760397751155,1640.4482358045154,-27.372196029399902,7.1875,2.0,1.4,1.8,2.4,4.895833333333333,2.2,1.0,2.4,0.8,51.3,4.421052631578948,67.3,2.421052631578948,0.0789473684210526,0.0,64.3,2.763157894736842,81.0,2.210526315789474,0.1578947368421052,0.0
2024-05-04 19:00:00,RCD Mallorca,Club Atlético de Madrid,0,1,False,334,1451.663977167139,1577.8126194414772,-126.14864227433827,6.291666666666667,0.6,0.8,1.0,1.0,7.0,1.6,1.6,1.8,1.6,41.1,3.8157894736842106,70.3,3.1578947368421053,0.131578947368421,0.0,50.6,3.3684210526315788,74.2,2.421052631578948,0.2105263157894736,0.0
2024-05-05 12:00:00,CA Osasuna,Real Betis Balompié,0,2,False,335,1441.2709640134458,1520.094892936055,-78.82392892260918,6.90625,1.2,2.0,0.6,1.0,6.708333333333333,1.4,1.6,1.4,1.6,48.0,3.8947368421052633,71.6,2.4473684210526314,0.1842105263157894,0.0,50.6,3.842105263157895,71.9,2.1842105263157894,0.3947368421052631,0.0
2024-05-05 14:15:00,RC Celta de Vigo,Villarreal,3,2,False,336,1444.784870901176,1525.0402288409457,-80.25535793976974,7.90625,1.4,1.4,1.4,1.2,6.90625,1.6,0.8,2.0,1.2,50.2,3.526315789473684,60.4,2.236842105263158,0.1578947368421052,0.0,56.9,3.9210526315789473,73.2,2.3947368421052637,0.1052631578947368,0.0
2024-05-05 16:30:00,Valencia,Deportivo Alavés,0,1,False,337,1505.3398313352568,1463.4839886041307,41.85584273112613,5.895833333333333,1.0,1.2,1.4,0.8,8.0,1.0,1.0,1.2,1.0,52.0,3.947368421052632,70.0,2.4473684210526314,0.2105263157894736,0.0,45.4,4.519736842105264,67.1,2.6052631578947367,0.21710526315789463,1.0
2024-05-05 19:00:00,Rayo Vallecano de Madrid,UD Almería,0,1,False,338,1454.052169584722,1341.381813376651,112.67035620807087,7.104166666666667,0.8,0.8,1.6,1.2,8.197916666666666,1.0,2.0,0.8,1.2,51.2,3.8947368421052633,64.2,2.3684210526315788,0.1578947368421052,0.0,45.1,5.342105263157895,68.0,2.5789473684210527,0.1052631578947368,0.0
2024-05-05 19:00:00,Sevilla,Granada,3,0,False,339,1494.5051282693612,1385.2971467412124,109.20798152814882,7.0,1.4,0.8,2.0,1.6,7.197916666666667,1.2,0.6,1.4,2.2,52.6,4.2368421052631575,66.5,3.1842105263157894,0.3421052631578947,0.0,45.4,4.519736842105264,67.1,2.6052631578947367,0.21710526315789463,1.0
2024-05-10 19:00:00,Deportivo Alavés,Girona,2,2,False,340,1476.4661078225226,1627.572988604688,-151.10688078216526,5.104166666666667,1.2,0.6,1.8,1.4,6.104166666666667,2.8,1.6,2.4,1.6,45.4,4.519736842105264,67.1,2.6052631578947367,0.21710526315789463,1.0,51.3,4.421052631578948,67.3,2.421052631578948,0.0789473684210526,0.0
2024-05-11 12:00:00,RCD Mallorca,UD Las Palmas,1,0,False,341,1443.4060263781023,1422.9207169981773,20.485309379924956,6.708333333333333,0.4,1.0,0.4,0.6,7.0,0.2,2.2,0.0,3.0,41.1,3.8157894736842106,70.3,3.1578947368421053,0.131578947368421,0.0,45.4,4.519736842105264,67.1,2.6052631578947367,0.21710526315789463,1.0
2024-05-11 14:15:00,Villarreal,Sevilla,3,2,False,342,1514.6014263041889,1503.898673018588,10.70275328560092,6.0,1.8,1.4,1.4,2.2,5.802083333333333,1.8,0.4,2.6,0.8,56.9,3.9210526315789473,73.2,2.3947368421052637,0.1052631578947368,0.0,52.6,4.2368421052631575,66.5,3.1842105263157894,0.3421052631578947,0.0
2024-05-11 16:30:00,Granada,Real Madrid,0,4,False,343,1375.9036019919856,1720.1136500004243,-344.21004800843866,5.895833333333333,1.2,1.0,1.4,1.6,7.09375,2.0,0.4,3.0,1.0,45.4,4.519736842105264,67.1,2.6052631578947367,0.21710526315789463,1.0,60.9,3.5789473684210527,73.5,1.894736842105263,0.0789473684210526,0.0
2024-05-11 19:00:00,Athletic Club,CA Osasuna,2,2,False,344,1586.6252888637564,1425.6671856032906,160.9581032604658,8.0,1.0,1.4,1.0,1.4,6.291666666666667,0.8,1.6,0.6,1.6,51.6,3.3157894736842106,65.9,2.131578947368421,0.131578947368421,0.0,48.0,3.8947368421052633,71.6,2.4473684210526314,0.1842105263157894,0.0
2024-05-12 12:00:00,Cádiz,Getafe,1,0,False,345,1396.6506035856178,1475.4745248735705,-78.82392128795277,7.90625,0.6,1.8,0.8,1.2,8.708333333333334,0.8,1.0,1.0,1.4,41.9,5.315789473684211,73.8,3.0526315789473686,0.1842105263157894,0.0,39.9,4.368421052631579,72.9,3.3157894736842106,0.2368421052631578,0.0
2024-05-12 14:15:00,Club Atlético de Madrid,RC Celta de Vigo,1,0,False,346,1586.0705702305138,1455.2236734379328,130.846896792581,7.802083333333333,1.8,1.0,2.4,2.6,7.0,1.6,1.6,1.4,2.4,50.6,3.3684210526315788,74.2,2.421052631578948,0.2105263157894736,0.0,50.2,3.526315789473684,60.4,2.236842105263158,0.1578947368421052,0.0
2024-05-12 16:30:00,Valencia,Rayo Vallecano de Madrid,0,0,False,347,1492.3577121168648,1439.3420003546305,53.01571176223433,7.0,1.0,1.4,1.2,0.8,6.895833333333333,0.4,1.0,1.0,1.8,52.0,3.947368421052632,70.0,2.4473684210526314,0.2105263157894736,0.0,51.2,3.8947368421052633,64.2,2.3684210526315788,0.1578947368421052,0.0
2024-05-12 19:00:00,Real Betis Balompié,UD Almería,3,2,False,348,1535.6986713462102,1356.0919826067425,179.6066887394677,7.291666666666667,1.8,1.2,2.0,1.6,7.0,1.0,2.0,0.8,0.8,50.6,3.842105263157895,71.9,2.1842105263157894,0.3947368421052631,0.0,45.1,5.342105263157895,68.0,2.5789473684210527,0.1052631578947368,0.0
2024-05-13 19:00:00,Barcelona,Real Sociedad de Fútbol,2,0,False,349,1625.951286974943,1539.9633088872502,85.98797808769291,9.104166666666666,2.0,1.8,1.8,2.6,9.291666666666666,1.2,0.8,1.6,1.4,64.3,2.763157894736842,81.0,2.210526315789474,0.1578947368421052,0.0,54.6,3.5,73.7,2.3684210526315788,0.0526315789473684,0.0
2024-05-14 17:30:00,CA Osasuna,RCD Mallorca,1,1,False,350,1431.3863062448074,1450.9940390780791,-19.60773283327171,2.9375,0.6,2.0,0.2,1.0,3.2291666666666665,0.6,1.0,0.8,1.0,48.0,3.8947368421052633,71.6,2.4473684210526314,0.1842105263157894,0.0,41.1,3.8157894736842106,70.3,3.1578947368421053,0.131578947368421,0.0
2024-05-14 19:30:00,Real Madrid,Deportivo Alavés,5,0,False,351,1726.374989868549,1478.8949373013115,247.4800525672374,3.125,2.4,0.4,3.0,2.6,4.020833333333333,1.6,0.8,2.0,1.0,60.9,3.5789473684210527,73.5,1.894736842105263,0.0789473684210526,0.0,45.4,4.519736842105264,67.1,2.6052631578947367,0.21710526315789463,1.0
2024-05-14 20:00:00,Girona,Villarreal,0,1,False,352,1625.144159125899,1522.4563653095615,102.68779381633749,4.041666666666667,2.6,1.6,2.0,3.2,3.2395833333333335,2.2,1.4,2.0,1.6,51.3,4.421052631578948,67.3,2.421052631578948,0.0789473684210526,0.0,56.9,3.9210526315789473,73.2,2.3947368421052637,0.1052631578947368,0.0
2024-05-15 17:30:00,Sevilla,Cádiz,0,1,False,353,1496.0437340132153,1407.0482781907422,88.9954558224731,4.135416666666667,2.0,1.0,2.0,2.0,3.2291666666666665,0.6,1.8,0.8,2.4,52.6,4.2368421052631575,66.5,3.1842105263157894,0.3421052631578947,0.0,41.9,5.315789473684211,73.8,3.0526315789473686,0.1842105263157894,0.0
2024-05-15 17:30:00,Rayo Vallecano de Madrid,Granada,2,1,False,354,1442.6138861309862,1369.642262123861,72.97162400712523,3.0416666666666665,0.4,1.0,1.0,1.0,4.041666666666667,1.2,1.6,1.4,2.2,51.2,3.8947368421052633,64.2,2.3684210526315788,0.1578947368421052,0.0,45.4,4.519736842105264,67.1,2.6052631578947367,0.21710526315789463,1.0
2024-05-15 20:00:00,RC Celta de Vigo,Athletic Club,2,1,False,355,1450.3307945243942,1580.9061682222396,-130.5753736978454,3.2395833333333335,1.6,1.8,1.2,1.8,4.041666666666667,1.4,1.4,1.2,1.6,50.2,3.526315789473684,60.4,2.236842105263158,0.1578947368421052,0.0,51.6,3.3157894736842106,65.9,2.131578947368421,0.131578947368421,0.0
2024-05-15 20:00:00,Getafe,Club Atlético de Madrid,0,3,False,356,1465.0768502684462,1590.9634491440524,-125.8865988756063,3.3333333333333335,0.8,1.0,1.0,1.0,3.2395833333333335,1.6,0.8,2.4,1.4,39.9,4.368421052631579,72.9,3.3157894736842106,0.2368421052631578,0.0,50.6,3.3684210526315788,74.2,2.421052631578948,0.2105263157894736,0.0
2024-05-16 17:30:00,UD Las Palmas,Real Betis Balompié,2,2,False,357,1415.3327042982005,1539.6294465255176,-124.29674222731705,5.229166666666667,0.2,2.2,0.0,0.2,3.9375,2.0,1.0,2.6,1.6,45.4,4.519736842105264,67.1,2.6052631578947367,0.21710526315789463,1.0,50.6,3.842105263157895,71.9,2.1842105263157894,0.3947368421052631,0.0
2024-05-16 19:30:00,UD Almería,Barcelona,0,2,False,358,1352.161207427435,1635.5527558634253,-283.3915484359902,4.020833333333333,1.4,2.0,0.8,1.2,3.0208333333333335,2.2,1.8,1.8,1.4,45.1,5.342105263157895,68.0,2.5789473684210527,0.1052631578947368,0.0,64.3,2.763157894736842,81.0,2.210526315789474,0.1578947368421052,0.0
2024-05-16 20:00:00,Real Sociedad de Fútbol,Valencia,1,0,False,359,1530.361839998768,1489.0858263405091,41.27601365825876,3.0416666666666665,1.0,1.2,1.0,1.4,4.145833333333333,0.8,1.4,0.8,1.4,54.6,3.5,73.7,2.3684210526315788,0.0526315789473684,0.0,52.0,3.947368421052632,70.0,2.4473684210526314,0.2105263157894736,0.0
2024-05-18 19:00:00,Deportivo Alavés,Getafe,1,0,False,360,1473.214950631919,1450.6126363825038,22.602314249415258,3.9791666666666665,1.6,1.4,2.0,1.6,2.9583333333333335,0.8,1.6,0.8,1.4,45.4,4.519736842105264,67.1,2.6052631578947367,0.21710526315789463,1.0,39.9,4.368421052631579,72.9,3.3157894736842106,0.2368421052631578,0.0
2024-05-19 17:00:00,RCD Mallorca,UD Almería,2,2,False,361,1452.2931503168766,1344.9636701531556,107.32948016372097,4.979166666666667,0.8,1.0,1.0,0.6,2.8958333333333335,1.0,2.0,0.6,1.2,41.1,3.8157894736842106,70.3,3.1578947368421053,0.131578947368421,0.0,45.1,5.342105263157895,68.0,2.5789473684210527,0.1052631578947368,0.0
2024-05-19 17:00:00,Villarreal,Real Madrid,4,4,False,362,1536.939953463068,1732.0549765379415,-195.11502307487353,4.875,2.2,1.2,2.4,2.6,4.895833333333333,3.2,0.4,3.0,0.8,56.9,3.9210526315789473,73.2,2.3947368421052637,0.1052631578947368,0.0,60.9,3.5789473684210527,73.5,1.894736842105263,0.0789473684210526,0.0
2024-05-19 17:00:00,Valencia,Girona,1,3,False,363,1482.0527333227526,1610.6605709723926,-128.60783764964003,2.875,0.6,1.6,0.2,0.4,4.875,2.4,1.2,2.0,1.4,52.0,3.947368421052632,70.0,2.4473684210526314,0.2105263157894736,0.0,51.3,4.421052631578948,67.3,2.421052631578948,0.0789473684210526,0.0
2024-05-19 17:00:00,Cádiz,UD Las Palmas,0,0,False,364,1421.2114978343918,1417.0230215692654,4.188476265126383,3.9791666666666665,0.8,1.6,1.4,1.0,2.9791666666666665,0.6,2.2,0.2,2.2,41.9,5.315789473684211,73.8,3.0526315789473686,0.1842105263157894,0.0,45.4,4.519736842105264,67.1,2.6052631578947367,0.21710526315789463,1.0
2024-05-19 17:00:00,Granada,RC Celta de Vigo,1,2,False,365,1363.4170331666458,1462.1961084385393,-98.77907527189359,3.9791666666666665,1.0,2.0,0.8,1.4,3.875,1.8,1.6,1.8,2.2,45.4,4.519736842105264,67.1,2.6052631578947367,0.21710526315789463,1.0,50.2,3.526315789473684,60.4,2.236842105263158,0.1578947368421052,0.0
2024-05-19 17:00:00,Real Betis Balompié,Real Sociedad de Fútbol,0,2,False,366,1537.9391292544526,1537.3949330165244,0.5441962379281904,2.9791666666666665,2.0,1.2,2.2,2.2,2.875,0.8,0.8,1.4,1.6,50.6,3.842105263157895,71.9,2.1842105263157894,0.3947368421052631,0.0,54.6,3.5,73.7,2.3684210526315788,0.0526315789473684,0.0
2024-05-19 17:00:00,Club Atlético de Madrid,CA Osasuna,1,4,False,367,1605.4276630299948,1430.08719500601,175.34046802398484,3.875,1.6,0.6,2.4,1.8,4.979166666666667,0.8,2.0,0.4,1.8,50.6,3.3684210526315788,74.2,2.421052631578948,0.2105263157894736,0.0,48.0,3.8947368421052633,71.6,2.4473684210526314,0.1842105263157894,0.0
2024-05-19 17:00:00,Athletic Club,Sevilla,2,0,False,368,1569.0408543080944,1481.8805143695656,87.16033993852875,3.875,1.4,1.6,1.0,1.2,3.9791666666666665,1.6,1.2,1.4,1.2,51.6,3.3157894736842106,65.9,2.131578947368421,0.131578947368421,0.0,52.6,4.2368421052631575,66.5,3.1842105263157894,0.3421052631578947,0.0
2024-05-19 17:00:00,Barcelona,Rayo Vallecano de Madrid,3,0,False,369,1642.7502931377048,1448.8391150882014,193.9111780495034,2.8958333333333335,2.4,1.8,1.8,2.4,3.9791666666666665,0.8,1.2,1.4,1.4,64.3,2.763157894736842,81.0,2.210526315789474,0.1578947368421052,0.0,51.2,3.8947368421052633,64.2,2.3684210526315788,0.1578947368421052,0.0
2024-05-24 19:00:00,Girona,Granada,7,0,False,370,1623.9683510906439,1354.3862212771696,269.58212981347424,5.083333333333333,2.2,1.2,2.0,2.6,5.083333333333333,1.0,2.2,0.6,1.6,51.3,4.421052631578948,67.3,2.421052631578948,0.0789473684210526,0.0,45.4,4.519736842105264,67.1,2.6052631578947367,0.21710526315789463,1.0
2024-05-25 12:00:00,CA Osasuna,Villarreal,1,1,False,371,1458.0715948721352,1540.519178711171,-82.44758383903581,5.791666666666667,1.4,1.8,1.0,0.8,5.791666666666667,2.6,1.8,2.0,1.4,48.0,3.8947368421052633,71.6,2.4473684210526314,0.1842105263157894,0.0,56.9,3.9210526315789473,73.2,2.3947368421052637,0.1052631578947368,0.0
2024-05-25 14:15:00,Real Sociedad de Fútbol,Club Atlético de Madrid,0,2,False,372,1556.6746606312481,1577.4432631638697,-20.76860253262157,5.885416666666667,1.0,0.6,1.8,1.4,5.885416666666667,1.8,1.0,2.4,1.0,54.6,3.5,73.7,2.3684210526315788,0.0526315789473684,0.0,50.6,3.3684210526315788,74.2,2.421052631578948,0.2105263157894736,0.0
2024-05-25 16:30:00,UD Almería,Cádiz,6,1,False,373,1349.5533582109754,1419.2460067481977,-69.69264853722234,5.979166666666667,1.2,2.0,0.8,0.8,5.979166666666667,0.6,0.8,1.6,2.0,45.1,5.342105263157895,68.0,2.5789473684210527,0.1052631578947368,0.0,41.9,5.315789473684211,73.8,3.0526315789473686,0.1842105263157894,0.0
2024-05-25 16:30:00,Rayo Vallecano de Madrid,Athletic Club,0,1,False,374,1442.4040215849886,1578.5967322604995,-136.19271067551085,5.979166666666667,0.4,1.6,0.8,1.2,5.979166666666667,1.6,1.4,1.4,1.4,51.2,3.8947368421052633,64.2,2.3684210526315788,0.1578947368421052,0.0,51.6,3.3157894736842106,65.9,2.131578947368421,0.131578947368421,0.0
2024-05-25 19:00:00,Real Madrid,Real Betis Balompié,0,0,False,375,1728.4757512898384,1518.659401639729,209.8163496501095,6.083333333333333,3.4,0.8,2.6,3.4,6.083333333333333,1.6,1.4,1.6,1.6,60.9,3.5789473684210527,73.5,1.894736842105263,0.0789473684210526,0.0,50.6,3.842105263157895,71.9,2.1842105263157894,0.3947368421052631,0.0
2024-05-26 12:00:00,Getafe,RCD Mallorca,1,2,False,376,1443.081926207416,1447.7034622590568,-4.62153605164076,7.708333333333333,0.6,1.6,0.6,0.4,6.791666666666667,1.0,1.0,1.2,1.0,39.9,4.368421052631579,72.9,3.3157894736842106,0.2368421052631578,0.0,41.1,3.8157894736842106,70.3,3.1578947368421053,0.131578947368421,0.0
2024-05-26 14:15:00,RC Celta de Vigo,Valencia,2,2,False,377,1471.2269203280155,1468.7449532045014,2.481967123514096,6.885416666666667,1.4,1.6,1.8,2.0,6.885416666666667,0.6,1.8,0.2,1.2,50.2,3.526315789473684,60.4,2.236842105263158,0.1578947368421052,0.0,52.0,3.947368421052632,70.0,2.4473684210526314,0.2105263157894736,0.0
2024-05-26 14:15:00,UD Las Palmas,Deportivo Alavés,1,1,False,378,1418.9885126554595,1480.745660807007,-61.757148151547426,6.885416666666667,0.4,1.4,0.4,0.4,7.802083333333333,1.4,1.4,2.0,2.0,45.4,4.519736842105264,67.1,2.6052631578947367,0.21710526315789463,1.0,45.4,4.519736842105264,67.1,2.6052631578947367,0.21710526315789463,1.0
2024-05-26 19:00:00,Sevilla,Barcelona,1,2,False,379,1472.3246364171605,1649.1853866409176,-176.86075022375712,7.083333333333333,1.2,1.4,0.8,1.8,7.083333333333333,2.6,1.2,2.4,1.4,52.6,4.2368421052631575,66.5,3.1842105263157894,0.3421052631578947,0.0,64.3,2.763157894736842,81.0,2.210526315789474,0.1578947368421052,0.0
